REF_AREA_LABEL,TIME_PERIOD,OBS_VALUE,INDICATOR_LABEL,COMP_BREAKDOWN_1_LABEL
Haiti,2018,0.51,2.c.1 Indicator of food price anomalies,Sub-indicator: Consumer Food Price Index
Haiti,2019,1.3,2.c.1 Indicator of food price anomalies,Sub-indicator: Consumer Food Price Index
Haiti,2020,1.37,2.c.1 Indicator of food price anomalies,Sub-indicator: Consumer Food Price Index
Haiti,2021,0.55,2.c.1 Indicator of food price anomalies,Sub-indicator: Consumer Food Price Index
Haiti,2022,-0.35,2.c.1 Indicator of food price anomalies,Sub-indicator: Consumer Food Price Index
Haiti,2023,-0.78,2.c.1 Indicator of food price anomalies,Sub-indicator: Consumer Food Price Index
Honduras,2010,-1.72,2.c.1 Indicator of food price anomalies,Sub-indicator: Consumer Food Price Index
Honduras,2011,-0.2,2.c.1 Indicator of food price anomalies,Sub-indicator: Consumer Food Price Index
Honduras,2012,-0.33,2.c.1 Indicator of food price anomalies,Sub-indicator: Consumer Food Price Index
Honduras,2013,0.23,2.c.1 Indicator of food price anomalies,Sub-indicator: Consumer Food Price Index
Honduras,2014,0.47,2.c.1 Indicator of food price anomalies,Sub-indicator: Consumer Food Price Index
Honduras,2015,0.07,2.c.1 Indicator of food price anomalies,Sub-indicator: Consumer Food Price Index
Honduras,2016,-0.61,2.c.1 Indicator of food price anomalies,Sub-indicator: Consumer Food Price Index
Honduras,2017,-0.52,2.c.1 Indicator of food price anomalies,Sub-indicator: Consumer Food Price Index
Honduras,2018,-0.1,2.c.1 Indicator of food price anomalies,Sub-indicator: Consumer Food Price Index
Honduras,2019,-0.45,2.c.1 Indicator of food price anomalies,Sub-indicator: Consumer Food Price Index
Honduras,2020,0.83,2.c.1 Indicator of food price anomalies,Sub-indicator: Consumer Food Price Index
Honduras,2021,-0.08,2.c.1 Indicator of food price anomalies,Sub-indicator: Consumer Food Price Index
Honduras,2022,2.12,2.c.1 Indicator of food price anomalies,Sub-indicator: Consumer Food Price Index
Honduras,2023,1.29,2.c.1 Indicator of food price anomalies,Sub-indicator: Consumer Food Price Index
Hungary,2010,-1.03,2.c.1 Indicator of food price anomalies,Sub-indicator: Consumer Food Price Index
Hungary,2011,0.46,2.c.1 Indicator of food price anomalies,Sub-indicator: Consumer Food Price Index
Hungary,2012,-0.11,2.c.1 Indicator of food price anomalies,Sub-indicator: Consumer Food Price Index
Hungary,2013,-0.23,2.c.1 Indicator of food price anomalies,Sub-indicator: Consumer Food Price Index
Hungary,2014,-0.48,2.c.1 Indicator of food price anomalies,Sub-indicator: Consumer Food Price Index
Hungary,2015,0.01,2.c.1 Indicator of food price anomalies,Sub-indicator: Consumer Food Price Index
Hungary,2016,-0.5,2.c.1 Indicator of food price anomalies,Sub-indicator: Consumer Food Price Index
Hungary,2017,-0.03,2.c.1 Indicator of food price anomalies,Sub-indicator: Consumer Food Price Index
Hungary,2018,0.22,2.c.1 Indicator of food price anomalies,Sub-indicator: Consumer Food Price Index
Hungary,2019,0.56,2.c.1 Indicator of food price anomalies,Sub-indicator: Consumer Food Price Index
Hungary,2020,1.37,2.c.1 Indicator of food price anomalies,Sub-indicator: Consumer Food Price Index
Hungary,2021,-1.08,2.c.1 Indicator of food price anomalies,Sub-indicator: Consumer Food Price Index
Hungary,2022,4.83,2.c.1 Indicator of food price anomalies,Sub-indicator: Consumer Food Price Index
Hungary,2023,1.02,2.c.1 Indicator of food price anomalies,Sub-indicator: Consumer Food Price Index
Iceland,2010,-0.6,2.c.1 Indicator of food price anomalies,Sub-indicator: Consumer Food Price Index
Iceland,2011,-0.12,2.c.1 Indicator of food price anomalies,Sub-indicator: Consumer Food Price Index
Iceland,2012,0.08,2.c.1 Indicator of food price anomalies,Sub-indicator: Consumer Food Price Index
Iceland,2013,-0.02,2.c.1 Indicator of food price anomalies,Sub-indicator: Consumer Food Price Index
Iceland,2014,-0.7,2.c.1 Indicator of food price anomalies,Sub-indicator: Consumer Food Price Index
Iceland,2015,0.38,2.c.1 Indicator of food price anomalies,Sub-indicator: Consumer Food Price Index
Iceland,2016,-0.41,2.c.1 Indicator of food price anomalies,Sub-indicator: Consumer Food Price Index
Iceland,2017,-1.46,2.c.1 Indicator of food price anomalies,Sub-indicator: Consumer Food Price Index
Iceland,2018,0.14,2.c.1 Indicator of food price anomalies,Sub-indicator: Consumer Food Price Index
Iceland,2019,0.22,2.c.1 Indicator of food price anomalies,Sub-indicator: Consumer Food Price Index
Iceland,2020,0.79,2.c.1 Indicator of food price anomalies,Sub-indicator: Consumer Food Price Index
Afghanistan,2010,-0.12,2.c.1 Indicator of food price anomalies,Sub-indicator: Consumer Food Price Index
Afghanistan,2011,-0.17,2.c.1 Indicator of food price anomalies,Sub-indicator: Consumer Food Price Index
Afghanistan,2012,-0.28,2.c.1 Indicator of food price anomalies,Sub-indicator: Consumer Food Price Index
Afghanistan,2013,0.3,2.c.1 Indicator of food price anomalies,Sub-indicator: Consumer Food Price Index
Afghanistan,2014,0.42,2.c.1 Indicator of food price anomalies,Sub-indicator: Consumer Food Price Index
Afghanistan,2015,-0.07,2.c.1 Indicator of food price anomalies,Sub-indicator: Consumer Food Price Index
Afghanistan,2016,0.25,2.c.1 Indicator of food price anomalies,Sub-indicator: Consumer Food Price Index
Afghanistan,2017,0.22,2.c.1 Indicator of food price anomalies,Sub-indicator: Consumer Food Price Index
Iceland,2021,-0.5,2.c.1 Indicator of food price anomalies,Sub-indicator: Consumer Food Price Index
Iceland,2022,-0.19,2.c.1 Indicator of food price anomalies,Sub-indicator: Consumer Food Price Index
Iceland,2023,0.99,2.c.1 Indicator of food price anomalies,Sub-indicator: Consumer Food Price Index
India,2010,-1.4,2.c.1 Indicator of food price anomalies,Sub-indicator: Consumer Food Price Index
India,2011,-10.08,2.c.1 Indicator of food price anomalies,Sub-indicator: Consumer Food Price Index
India,2012,1.41,2.c.1 Indicator of food price anomalies,Sub-indicator: Consumer Food Price Index
India,2013,2.37,2.c.1 Indicator of food price anomalies,Sub-indicator: Consumer Food Price Index
India,2014,0.22,2.c.1 Indicator of food price anomalies,Sub-indicator: Consumer Food Price Index
India,2015,-0.21,2.c.1 Indicator of food price anomalies,Sub-indicator: Consumer Food Price Index
Afghanistan,2018,-0.48,2.c.1 Indicator of food price anomalies,Sub-indicator: Consumer Food Price Index
Afghanistan,2019,0.32,2.c.1 Indicator of food price anomalies,Sub-indicator: Consumer Food Price Index
Afghanistan,2020,0.63,2.c.1 Indicator of food price anomalies,Sub-indicator: Consumer Food Price Index
Afghanistan,2021,0.32,2.c.1 Indicator of food price anomalies,Sub-indicator: Consumer Food Price Index
Afghanistan,2022,0.67,2.c.1 Indicator of food price anomalies,Sub-indicator: Consumer Food Price Index
Afghanistan,2023,-1.31,2.c.1 Indicator of food price anomalies,Sub-indicator: Consumer Food Price Index
Albania,2010,-0.23,2.c.1 Indicator of food price anomalies,Sub-indicator: Consumer Food Price Index
Albania,2011,-0.72,2.c.1 Indicator of food price anomalies,Sub-indicator: Consumer Food Price Index
India,2016,0.25,2.c.1 Indicator of food price anomalies,Sub-indicator: Consumer Food Price Index
India,2017,-0.23,2.c.1 Indicator of food price anomalies,Sub-indicator: Consumer Food Price Index
India,2018,-1.74,2.c.1 Indicator of food price anomalies,Sub-indicator: Consumer Food Price Index
India,2019,-1.42,2.c.1 Indicator of food price anomalies,Sub-indicator: Consumer Food Price Index
India,2020,1.37,2.c.1 Indicator of food price anomalies,Sub-indicator: Consumer Food Price Index
India,2021,-0.22,2.c.1 Indicator of food price anomalies,Sub-indicator: Consumer Food Price Index
India,2022,0.34,2.c.1 Indicator of food price anomalies,Sub-indicator: Consumer Food Price Index
India,2023,0.71,2.c.1 Indicator of food price anomalies,Sub-indicator: Consumer Food Price Index
Indonesia,2010,-0.66,2.c.1 Indicator of food price anomalies,Sub-indicator: Consumer Food Price Index
Albania,2012,-0.94,2.c.1 Indicator of food price anomalies,Sub-indicator: Consumer Food Price Index
Albania,2013,0.53,2.c.1 Indicator of food price anomalies,Sub-indicator: Consumer Food Price Index
Albania,2014,-0.63,2.c.1 Indicator of food price anomalies,Sub-indicator: Consumer Food Price Index
Albania,2015,0.99,2.c.1 Indicator of food price anomalies,Sub-indicator: Consumer Food Price Index
Albania,2016,0.29,2.c.1 Indicator of food price anomalies,Sub-indicator: Consumer Food Price Index
Albania,2017,0.27,2.c.1 Indicator of food price anomalies,Sub-indicator: Consumer Food Price Index
Albania,2018,-0.72,2.c.1 Indicator of food price anomalies,Sub-indicator: Consumer Food Price Index
Albania,2019,0.03,2.c.1 Indicator of food price anomalies,Sub-indicator: Consumer Food Price Index
Albania,2020,0.39,2.c.1 Indicator of food price anomalies,Sub-indicator: Consumer Food Price Index
Indonesia,2011,-0.52,2.c.1 Indicator of food price anomalies,Sub-indicator: Consumer Food Price Index
Indonesia,2012,-0.69,2.c.1 Indicator of food price anomalies,Sub-indicator: Consumer Food Price Index
Indonesia,2013,0.66,2.c.1 Indicator of food price anomalies,Sub-indicator: Consumer Food Price Index
Indonesia,2014,-0.98,2.c.1 Indicator of food price anomalies,Sub-indicator: Consumer Food Price Index
Indonesia,2015,-0.62,2.c.1 Indicator of food price anomalies,Sub-indicator: Consumer Food Price Index
Indonesia,2016,0.35,2.c.1 Indicator of food price anomalies,Sub-indicator: Consumer Food Price Index
Indonesia,2017,-1.69,2.c.1 Indicator of food price anomalies,Sub-indicator: Consumer Food Price Index
Indonesia,2018,-0.31,2.c.1 Indicator of food price anomalies,Sub-indicator: Consumer Food Price Index
Indonesia,2019,-0.86,2.c.1 Indicator of food price anomalies,Sub-indicator: Consumer Food Price Index
Indonesia,2020,0.41,2.c.1 Indicator of food price anomalies,Sub-indicator: Consumer Food Price Index
Indonesia,2021,-0.05,2.c.1 Indicator of food price anomalies,Sub-indicator: Consumer Food Price Index
Indonesia,2022,0.01,2.c.1 Indicator of food price anomalies,Sub-indicator: Consumer Food Price Index
Indonesia,2023,0.1,2.c.1 Indicator of food price anomalies,Sub-indicator: Consumer Food Price Index
"Iran, Islamic Rep.",2010,0.25,2.c.1 Indicator of food price anomalies,Sub-indicator: Consumer Food Price Index
"Iran, Islamic Rep.",2011,-0.72,2.c.1 Indicator of food price anomalies,Sub-indicator: Consumer Food Price Index
"Iran, Islamic Rep.",2012,1.49,2.c.1 Indicator of food price anomalies,Sub-indicator: Consumer Food Price Index
Albania,2021,0.22,2.c.1 Indicator of food price anomalies,Sub-indicator: Consumer Food Price Index
Albania,2022,2.63,2.c.1 Indicator of food price anomalies,Sub-indicator: Consumer Food Price Index
Albania,2023,1.18,2.c.1 Indicator of food price anomalies,Sub-indicator: Consumer Food Price Index
Algeria,2010,-1.2,2.c.1 Indicator of food price anomalies,Sub-indicator: Consumer Food Price Index
Algeria,2011,-1.32,2.c.1 Indicator of food price anomalies,Sub-indicator: Consumer Food Price Index
Algeria,2012,0.93,2.c.1 Indicator of food price anomalies,Sub-indicator: Consumer Food Price Index
Algeria,2013,-0.64,2.c.1 Indicator of food price anomalies,Sub-indicator: Consumer Food Price Index
Algeria,2014,0.05,2.c.1 Indicator of food price anomalies,Sub-indicator: Consumer Food Price Index
Algeria,2015,-0.69,2.c.1 Indicator of food price anomalies,Sub-indicator: Consumer Food Price Index
Algeria,2016,-1.58,2.c.1 Indicator of food price anomalies,Sub-indicator: Consumer Food Price Index
Algeria,2017,-0.25,2.c.1 Indicator of food price anomalies,Sub-indicator: Consumer Food Price Index
Algeria,2018,-0.29,2.c.1 Indicator of food price anomalies,Sub-indicator: Consumer Food Price Index
Algeria,2019,-0.99,2.c.1 Indicator of food price anomalies,Sub-indicator: Consumer Food Price Index
Algeria,2020,-0.54,2.c.1 Indicator of food price anomalies,Sub-indicator: Consumer Food Price Index
Algeria,2021,1.25,2.c.1 Indicator of food price anomalies,Sub-indicator: Consumer Food Price Index
Algeria,2022,1.24,2.c.1 Indicator of food price anomalies,Sub-indicator: Consumer Food Price Index
Algeria,2023,0.88,2.c.1 Indicator of food price anomalies,Sub-indicator: Consumer Food Price Index
Andorra,2010,-1.15,2.c.1 Indicator of food price anomalies,Sub-indicator: Consumer Food Price Index
Andorra,2011,-1.69,2.c.1 Indicator of food price anomalies,Sub-indicator: Consumer Food Price Index
Andorra,2012,0.97,2.c.1 Indicator of food price anomalies,Sub-indicator: Consumer Food Price Index
Andorra,2013,1.66,2.c.1 Indicator of food price anomalies,Sub-indicator: Consumer Food Price Index
Andorra,2014,1.55,2.c.1 Indicator of food price anomalies,Sub-indicator: Consumer Food Price Index
Andorra,2015,1.6,2.c.1 Indicator of food price anomalies,Sub-indicator: Consumer Food Price Index
Andorra,2016,0.07,2.c.1 Indicator of food price anomalies,Sub-indicator: Consumer Food Price Index
Andorra,2017,-0.21,2.c.1 Indicator of food price anomalies,Sub-indicator: Consumer Food Price Index
Andorra,2018,0.09,2.c.1 Indicator of food price anomalies,Sub-indicator: Consumer Food Price Index
Andorra,2019,-0.17,2.c.1 Indicator of food price anomalies,Sub-indicator: Consumer Food Price Index
"Iran, Islamic Rep.",2013,0.85,2.c.1 Indicator of food price anomalies,Sub-indicator: Consumer Food Price Index
"Iran, Islamic Rep.",2014,-0.87,2.c.1 Indicator of food price anomalies,Sub-indicator: Consumer Food Price Index
"Iran, Islamic Rep.",2015,-0.72,2.c.1 Indicator of food price anomalies,Sub-indicator: Consumer Food Price Index
"Iran, Islamic Rep.",2016,-0.22,2.c.1 Indicator of food price anomalies,Sub-indicator: Consumer Food Price Index
"Iran, Islamic Rep.",2017,0.27,2.c.1 Indicator of food price anomalies,Sub-indicator: Consumer Food Price Index
"Iran, Islamic Rep.",2018,0.72,2.c.1 Indicator of food price anomalies,Sub-indicator: Consumer Food Price Index
"Iran, Islamic Rep.",2019,1.0,2.c.1 Indicator of food price anomalies,Sub-indicator: Consumer Food Price Index
"Iran, Islamic Rep.",2020,-0.46,2.c.1 Indicator of food price anomalies,Sub-indicator: Consumer Food Price Index
Andorra,2020,0.92,2.c.1 Indicator of food price anomalies,Sub-indicator: Consumer Food Price Index
Andorra,2021,-0.74,2.c.1 Indicator of food price anomalies,Sub-indicator: Consumer Food Price Index
Andorra,2022,1.5,2.c.1 Indicator of food price anomalies,Sub-indicator: Consumer Food Price Index
Andorra,2023,2.68,2.c.1 Indicator of food price anomalies,Sub-indicator: Consumer Food Price Index
Angola,2010,-1.57,2.c.1 Indicator of food price anomalies,Sub-indicator: Consumer Food Price Index
Angola,2011,-1.15,2.c.1 Indicator of food price anomalies,Sub-indicator: Consumer Food Price Index
Angola,2012,-0.26,2.c.1 Indicator of food price anomalies,Sub-indicator: Consumer Food Price Index
Angola,2013,-0.7,2.c.1 Indicator of food price anomalies,Sub-indicator: Consumer Food Price Index
Angola,2014,-1.73,2.c.1 Indicator of food price anomalies,Sub-indicator: Consumer Food Price Index
"Iran, Islamic Rep.",2021,0.98,2.c.1 Indicator of food price anomalies,Sub-indicator: Consumer Food Price Index
"Iran, Islamic Rep.",2022,1.35,2.c.1 Indicator of food price anomalies,Sub-indicator: Consumer Food Price Index
"Iran, Islamic Rep.",2023,-0.24,2.c.1 Indicator of food price anomalies,Sub-indicator: Consumer Food Price Index
Iraq,2010,1.7,2.c.1 Indicator of food price anomalies,Sub-indicator: Consumer Food Price Index
Iraq,2011,-1.08,2.c.1 Indicator of food price anomalies,Sub-indicator: Consumer Food Price Index
Iraq,2012,-0.67,2.c.1 Indicator of food price anomalies,Sub-indicator: Consumer Food Price Index
Iraq,2013,-0.3,2.c.1 Indicator of food price anomalies,Sub-indicator: Consumer Food Price Index
Iraq,2014,-0.5,2.c.1 Indicator of food price anomalies,Sub-indicator: Consumer Food Price Index
Angola,2015,-1.11,2.c.1 Indicator of food price anomalies,Sub-indicator: Consumer Food Price Index
Angola,2016,0.53,2.c.1 Indicator of food price anomalies,Sub-indicator: Consumer Food Price Index
Angola,2017,-1.6,2.c.1 Indicator of food price anomalies,Sub-indicator: Consumer Food Price Index
Angola,2018,-1.63,2.c.1 Indicator of food price anomalies,Sub-indicator: Consumer Food Price Index
Angola,2019,-0.05,2.c.1 Indicator of food price anomalies,Sub-indicator: Consumer Food Price Index
Angola,2020,1.46,2.c.1 Indicator of food price anomalies,Sub-indicator: Consumer Food Price Index
Angola,2021,1.37,2.c.1 Indicator of food price anomalies,Sub-indicator: Consumer Food Price Index
Angola,2022,-0.05,2.c.1 Indicator of food price anomalies,Sub-indicator: Consumer Food Price Index
Angola,2023,-0.38,2.c.1 Indicator of food price anomalies,Sub-indicator: Consumer Food Price Index
Iraq,2015,-0.1,2.c.1 Indicator of food price anomalies,Sub-indicator: Consumer Food Price Index
Iraq,2016,-0.66,2.c.1 Indicator of food price anomalies,Sub-indicator: Consumer Food Price Index
Iraq,2017,-0.68,2.c.1 Indicator of food price anomalies,Sub-indicator: Consumer Food Price Index
Iraq,2018,0.19,2.c.1 Indicator of food price anomalies,Sub-indicator: Consumer Food Price Index
Iraq,2019,0.0,2.c.1 Indicator of food price anomalies,Sub-indicator: Consumer Food Price Index
Iraq,2020,-0.27,2.c.1 Indicator of food price anomalies,Sub-indicator: Consumer Food Price Index
Iraq,2021,-0.21,2.c.1 Indicator of food price anomalies,Sub-indicator: Consumer Food Price Index
Iraq,2022,0.69,2.c.1 Indicator of food price anomalies,Sub-indicator: Consumer Food Price Index
Iraq,2023,0.07,2.c.1 Indicator of food price anomalies,Sub-indicator: Consumer Food Price Index
Antigua and Barbuda,2010,0.16,2.c.1 Indicator of food price anomalies,Sub-indicator: Consumer Food Price Index
Antigua and Barbuda,2011,-0.81,2.c.1 Indicator of food price anomalies,Sub-indicator: Consumer Food Price Index
Antigua and Barbuda,2012,-0.53,2.c.1 Indicator of food price anomalies,Sub-indicator: Consumer Food Price Index
Antigua and Barbuda,2013,-0.25,2.c.1 Indicator of food price anomalies,Sub-indicator: Consumer Food Price Index
Antigua and Barbuda,2014,-0.73,2.c.1 Indicator of food price anomalies,Sub-indicator: Consumer Food Price Index
Antigua and Barbuda,2015,-0.09,2.c.1 Indicator of food price anomalies,Sub-indicator: Consumer Food Price Index
Antigua and Barbuda,2016,-0.49,2.c.1 Indicator of food price anomalies,Sub-indicator: Consumer Food Price Index
Antigua and Barbuda,2017,-0.64,2.c.1 Indicator of food price anomalies,Sub-indicator: Consumer Food Price Index
Ireland,2010,-1.43,2.c.1 Indicator of food price anomalies,Sub-indicator: Consumer Food Price Index
Ireland,2011,-0.2,2.c.1 Indicator of food price anomalies,Sub-indicator: Consumer Food Price Index
Ireland,2012,0.2,2.c.1 Indicator of food price anomalies,Sub-indicator: Consumer Food Price Index
Ireland,2013,0.45,2.c.1 Indicator of food price anomalies,Sub-indicator: Consumer Food Price Index
Ireland,2014,-0.85,2.c.1 Indicator of food price anomalies,Sub-indicator: Consumer Food Price Index
Ireland,2015,-0.24,2.c.1 Indicator of food price anomalies,Sub-indicator: Consumer Food Price Index
Ireland,2016,-0.29,2.c.1 Indicator of food price anomalies,Sub-indicator: Consumer Food Price Index
Ireland,2017,-0.44,2.c.1 Indicator of food price anomalies,Sub-indicator: Consumer Food Price Index
Ireland,2018,-0.62,2.c.1 Indicator of food price anomalies,Sub-indicator: Consumer Food Price Index
Ireland,2019,-0.08,2.c.1 Indicator of food price anomalies,Sub-indicator: Consumer Food Price Index
Ireland,2020,0.53,2.c.1 Indicator of food price anomalies,Sub-indicator: Consumer Food Price Index
Ireland,2021,-0.86,2.c.1 Indicator of food price anomalies,Sub-indicator: Consumer Food Price Index
Ireland,2022,1.0,2.c.1 Indicator of food price anomalies,Sub-indicator: Consumer Food Price Index
Ireland,2023,2.35,2.c.1 Indicator of food price anomalies,Sub-indicator: Consumer Food Price Index
Israel,2010,-0.13,2.c.1 Indicator of food price anomalies,Sub-indicator: Consumer Food Price Index
Israel,2011,-0.57,2.c.1 Indicator of food price anomalies,Sub-indicator: Consumer Food Price Index
Israel,2012,-0.25,2.c.1 Indicator of food price anomalies,Sub-indicator: Consumer Food Price Index
Israel,2013,0.85,2.c.1 Indicator of food price anomalies,Sub-indicator: Consumer Food Price Index
Israel,2014,-0.83,2.c.1 Indicator of food price anomalies,Sub-indicator: Consumer Food Price Index
Israel,2015,0.24,2.c.1 Indicator of food price anomalies,Sub-indicator: Consumer Food Price Index
Israel,2016,-0.39,2.c.1 Indicator of food price anomalies,Sub-indicator: Consumer Food Price Index
Israel,2017,-0.23,2.c.1 Indicator of food price anomalies,Sub-indicator: Consumer Food Price Index
Israel,2018,0.26,2.c.1 Indicator of food price anomalies,Sub-indicator: Consumer Food Price Index
Israel,2019,0.23,2.c.1 Indicator of food price anomalies,Sub-indicator: Consumer Food Price Index
Israel,2020,0.14,2.c.1 Indicator of food price anomalies,Sub-indicator: Consumer Food Price Index
Israel,2021,-0.28,2.c.1 Indicator of food price anomalies,Sub-indicator: Consumer Food Price Index
Israel,2022,-0.19,2.c.1 Indicator of food price anomalies,Sub-indicator: Consumer Food Price Index
Antigua and Barbuda,2018,0.4,2.c.1 Indicator of food price anomalies,Sub-indicator: Consumer Food Price Index
Antigua and Barbuda,2019,-0.46,2.c.1 Indicator of food price anomalies,Sub-indicator: Consumer Food Price Index
Antigua and Barbuda,2020,-0.11,2.c.1 Indicator of food price anomalies,Sub-indicator: Consumer Food Price Index
Antigua and Barbuda,2021,-0.34,2.c.1 Indicator of food price anomalies,Sub-indicator: Consumer Food Price Index
Antigua and Barbuda,2022,0.74,2.c.1 Indicator of food price anomalies,Sub-indicator: Consumer Food Price Index
Antigua and Barbuda,2023,0.21,2.c.1 Indicator of food price anomalies,Sub-indicator: Consumer Food Price Index
Azerbaijan,2010,0.07,2.c.1 Indicator of food price anomalies,Sub-indicator: Consumer Food Price Index
Azerbaijan,2011,0.24,2.c.1 Indicator of food price anomalies,Sub-indicator: Consumer Food Price Index
Azerbaijan,2012,-0.53,2.c.1 Indicator of food price anomalies,Sub-indicator: Consumer Food Price Index
Azerbaijan,2013,-0.48,2.c.1 Indicator of food price anomalies,Sub-indicator: Consumer Food Price Index
Azerbaijan,2014,-0.35,2.c.1 Indicator of food price anomalies,Sub-indicator: Consumer Food Price Index
Azerbaijan,2015,0.01,2.c.1 Indicator of food price anomalies,Sub-indicator: Consumer Food Price Index
Azerbaijan,2016,0.51,2.c.1 Indicator of food price anomalies,Sub-indicator: Consumer Food Price Index
Azerbaijan,2017,1.06,2.c.1 Indicator of food price anomalies,Sub-indicator: Consumer Food Price Index
Azerbaijan,2018,-0.64,2.c.1 Indicator of food price anomalies,Sub-indicator: Consumer Food Price Index
Azerbaijan,2019,0.06,2.c.1 Indicator of food price anomalies,Sub-indicator: Consumer Food Price Index
Israel,2023,0.29,2.c.1 Indicator of food price anomalies,Sub-indicator: Consumer Food Price Index
Italy,2010,-3.27,2.c.1 Indicator of food price anomalies,Sub-indicator: Consumer Food Price Index
Italy,2011,-0.37,2.c.1 Indicator of food price anomalies,Sub-indicator: Consumer Food Price Index
Italy,2012,-0.13,2.c.1 Indicator of food price anomalies,Sub-indicator: Consumer Food Price Index
Italy,2013,0.96,2.c.1 Indicator of food price anomalies,Sub-indicator: Consumer Food Price Index
Italy,2014,-0.23,2.c.1 Indicator of food price anomalies,Sub-indicator: Consumer Food Price Index
Italy,2015,0.79,2.c.1 Indicator of food price anomalies,Sub-indicator: Consumer Food Price Index
Italy,2016,-0.08,2.c.1 Indicator of food price anomalies,Sub-indicator: Consumer Food Price Index
Italy,2017,0.28,2.c.1 Indicator of food price anomalies,Sub-indicator: Consumer Food Price Index
Italy,2018,-0.42,2.c.1 Indicator of food price anomalies,Sub-indicator: Consumer Food Price Index
Italy,2019,-0.08,2.c.1 Indicator of food price anomalies,Sub-indicator: Consumer Food Price Index
Italy,2020,1.02,2.c.1 Indicator of food price anomalies,Sub-indicator: Consumer Food Price Index
Italy,2021,-1.48,2.c.1 Indicator of food price anomalies,Sub-indicator: Consumer Food Price Index
Italy,2022,0.45,2.c.1 Indicator of food price anomalies,Sub-indicator: Consumer Food Price Index
Italy,2023,2.78,2.c.1 Indicator of food price anomalies,Sub-indicator: Consumer Food Price Index
Cote d'Ivoire,2010,1.22,2.c.1 Indicator of food price anomalies,Sub-indicator: Consumer Food Price Index
Cote d'Ivoire,2011,3.27,2.c.1 Indicator of food price anomalies,Sub-indicator: Consumer Food Price Index
Cote d'Ivoire,2012,-1.22,2.c.1 Indicator of food price anomalies,Sub-indicator: Consumer Food Price Index
Cote d'Ivoire,2013,-0.88,2.c.1 Indicator of food price anomalies,Sub-indicator: Consumer Food Price Index
Cote d'Ivoire,2014,-1.15,2.c.1 Indicator of food price anomalies,Sub-indicator: Consumer Food Price Index
Cote d'Ivoire,2015,-0.03,2.c.1 Indicator of food price anomalies,Sub-indicator: Consumer Food Price Index
Cote d'Ivoire,2016,0.17,2.c.1 Indicator of food price anomalies,Sub-indicator: Consumer Food Price Index
Cote d'Ivoire,2017,0.03,2.c.1 Indicator of food price anomalies,Sub-indicator: Consumer Food Price Index
Cote d'Ivoire,2018,-0.25,2.c.1 Indicator of food price anomalies,Sub-indicator: Consumer Food Price Index
Cote d'Ivoire,2019,-0.03,2.c.1 Indicator of food price anomalies,Sub-indicator: Consumer Food Price Index
Cote d'Ivoire,2020,0.22,2.c.1 Indicator of food price anomalies,Sub-indicator: Consumer Food Price Index
Azerbaijan,2020,0.28,2.c.1 Indicator of food price anomalies,Sub-indicator: Consumer Food Price Index
Azerbaijan,2021,0.39,2.c.1 Indicator of food price anomalies,Sub-indicator: Consumer Food Price Index
Azerbaijan,2022,1.68,2.c.1 Indicator of food price anomalies,Sub-indicator: Consumer Food Price Index
Azerbaijan,2023,-0.41,2.c.1 Indicator of food price anomalies,Sub-indicator: Consumer Food Price Index
Argentina,2010,2.06,2.c.1 Indicator of food price anomalies,Sub-indicator: Consumer Food Price Index
Argentina,2011,-0.34,2.c.1 Indicator of food price anomalies,Sub-indicator: Consumer Food Price Index
Argentina,2012,0.02,2.c.1 Indicator of food price anomalies,Sub-indicator: Consumer Food Price Index
Argentina,2013,-0.74,2.c.1 Indicator of food price anomalies,Sub-indicator: Consumer Food Price Index
Cote d'Ivoire,2021,0.96,2.c.1 Indicator of food price anomalies,Sub-indicator: Consumer Food Price Index
Cote d'Ivoire,2022,0.63,2.c.1 Indicator of food price anomalies,Sub-indicator: Consumer Food Price Index
Cote d'Ivoire,2023,0.12,2.c.1 Indicator of food price anomalies,Sub-indicator: Consumer Food Price Index
Jamaica,2010,-1.89,2.c.1 Indicator of food price anomalies,Sub-indicator: Consumer Food Price Index
Jamaica,2011,-0.29,2.c.1 Indicator of food price anomalies,Sub-indicator: Consumer Food Price Index
Jamaica,2012,0.83,2.c.1 Indicator of food price anomalies,Sub-indicator: Consumer Food Price Index
Jamaica,2013,-0.14,2.c.1 Indicator of food price anomalies,Sub-indicator: Consumer Food Price Index
Jamaica,2014,-0.21,2.c.1 Indicator of food price anomalies,Sub-indicator: Consumer Food Price Index
Jamaica,2015,0.52,2.c.1 Indicator of food price anomalies,Sub-indicator: Consumer Food Price Index
Jamaica,2016,-0.51,2.c.1 Indicator of food price anomalies,Sub-indicator: Consumer Food Price Index
Jamaica,2017,-0.43,2.c.1 Indicator of food price anomalies,Sub-indicator: Consumer Food Price Index
Jamaica,2018,-0.46,2.c.1 Indicator of food price anomalies,Sub-indicator: Consumer Food Price Index
Jamaica,2019,0.43,2.c.1 Indicator of food price anomalies,Sub-indicator: Consumer Food Price Index
Jamaica,2020,0.57,2.c.1 Indicator of food price anomalies,Sub-indicator: Consumer Food Price Index
Jamaica,2021,-0.53,2.c.1 Indicator of food price anomalies,Sub-indicator: Consumer Food Price Index
Jamaica,2022,0.22,2.c.1 Indicator of food price anomalies,Sub-indicator: Consumer Food Price Index
Jamaica,2023,0.51,2.c.1 Indicator of food price anomalies,Sub-indicator: Consumer Food Price Index
Argentina,2014,-0.2,2.c.1 Indicator of food price anomalies,Sub-indicator: Consumer Food Price Index
Argentina,2015,-0.76,2.c.1 Indicator of food price anomalies,Sub-indicator: Consumer Food Price Index
Argentina,2016,0.16,2.c.1 Indicator of food price anomalies,Sub-indicator: Consumer Food Price Index
Argentina,2017,-0.27,2.c.1 Indicator of food price anomalies,Sub-indicator: Consumer Food Price Index
Argentina,2018,0.59,2.c.1 Indicator of food price anomalies,Sub-indicator: Consumer Food Price Index
Argentina,2019,1.48,2.c.1 Indicator of food price anomalies,Sub-indicator: Consumer Food Price Index
Argentina,2020,1.5,2.c.1 Indicator of food price anomalies,Sub-indicator: Consumer Food Price Index
Argentina,2021,0.09,2.c.1 Indicator of food price anomalies,Sub-indicator: Consumer Food Price Index
Argentina,2022,0.23,2.c.1 Indicator of food price anomalies,Sub-indicator: Consumer Food Price Index
Argentina,2023,1.67,2.c.1 Indicator of food price anomalies,Sub-indicator: Consumer Food Price Index
Australia,2010,-1.12,2.c.1 Indicator of food price anomalies,Sub-indicator: Consumer Food Price Index
Australia,2011,0.54,2.c.1 Indicator of food price anomalies,Sub-indicator: Consumer Food Price Index
Australia,2012,-1.56,2.c.1 Indicator of food price anomalies,Sub-indicator: Consumer Food Price Index
Australia,2013,-0.47,2.c.1 Indicator of food price anomalies,Sub-indicator: Consumer Food Price Index
Australia,2014,0.37,2.c.1 Indicator of food price anomalies,Sub-indicator: Consumer Food Price Index
Australia,2015,-0.07,2.c.1 Indicator of food price anomalies,Sub-indicator: Consumer Food Price Index
Australia,2016,0.16,2.c.1 Indicator of food price anomalies,Sub-indicator: Consumer Food Price Index
Australia,2017,-0.42,2.c.1 Indicator of food price anomalies,Sub-indicator: Consumer Food Price Index
Australia,2018,-0.11,2.c.1 Indicator of food price anomalies,Sub-indicator: Consumer Food Price Index
Australia,2019,0.74,2.c.1 Indicator of food price anomalies,Sub-indicator: Consumer Food Price Index
Australia,2020,1.56,2.c.1 Indicator of food price anomalies,Sub-indicator: Consumer Food Price Index
Australia,2021,-0.56,2.c.1 Indicator of food price anomalies,Sub-indicator: Consumer Food Price Index
Australia,2022,0.42,2.c.1 Indicator of food price anomalies,Sub-indicator: Consumer Food Price Index
Australia,2023,0.36,2.c.1 Indicator of food price anomalies,Sub-indicator: Consumer Food Price Index
Japan,2010,-0.41,2.c.1 Indicator of food price anomalies,Sub-indicator: Consumer Food Price Index
Japan,2011,-1.12,2.c.1 Indicator of food price anomalies,Sub-indicator: Consumer Food Price Index
Japan,2012,-0.54,2.c.1 Indicator of food price anomalies,Sub-indicator: Consumer Food Price Index
Japan,2013,-0.56,2.c.1 Indicator of food price anomalies,Sub-indicator: Consumer Food Price Index
Japan,2014,0.7,2.c.1 Indicator of food price anomalies,Sub-indicator: Consumer Food Price Index
Japan,2015,1.42,2.c.1 Indicator of food price anomalies,Sub-indicator: Consumer Food Price Index
Japan,2016,0.8,2.c.1 Indicator of food price anomalies,Sub-indicator: Consumer Food Price Index
Japan,2017,-0.64,2.c.1 Indicator of food price anomalies,Sub-indicator: Consumer Food Price Index
Japan,2018,-0.26,2.c.1 Indicator of food price anomalies,Sub-indicator: Consumer Food Price Index
Japan,2019,-0.52,2.c.1 Indicator of food price anomalies,Sub-indicator: Consumer Food Price Index
Japan,2020,0.28,2.c.1 Indicator of food price anomalies,Sub-indicator: Consumer Food Price Index
Japan,2021,-0.27,2.c.1 Indicator of food price anomalies,Sub-indicator: Consumer Food Price Index
Japan,2022,0.91,2.c.1 Indicator of food price anomalies,Sub-indicator: Consumer Food Price Index
Japan,2023,2.36,2.c.1 Indicator of food price anomalies,Sub-indicator: Consumer Food Price Index
Kazakhstan,2010,-0.24,2.c.1 Indicator of food price anomalies,Sub-indicator: Consumer Food Price Index
Kazakhstan,2011,0.53,2.c.1 Indicator of food price anomalies,Sub-indicator: Consumer Food Price Index
Kazakhstan,2012,-0.52,2.c.1 Indicator of food price anomalies,Sub-indicator: Consumer Food Price Index
Kazakhstan,2013,-0.58,2.c.1 Indicator of food price anomalies,Sub-indicator: Consumer Food Price Index
Kazakhstan,2014,0.01,2.c.1 Indicator of food price anomalies,Sub-indicator: Consumer Food Price Index
Kazakhstan,2015,-0.33,2.c.1 Indicator of food price anomalies,Sub-indicator: Consumer Food Price Index
Kazakhstan,2016,-0.33,2.c.1 Indicator of food price anomalies,Sub-indicator: Consumer Food Price Index
Kazakhstan,2017,0.33,2.c.1 Indicator of food price anomalies,Sub-indicator: Consumer Food Price Index
Kazakhstan,2018,-0.32,2.c.1 Indicator of food price anomalies,Sub-indicator: Consumer Food Price Index
Kazakhstan,2019,1.48,2.c.1 Indicator of food price anomalies,Sub-indicator: Consumer Food Price Index
Kazakhstan,2020,1.3,2.c.1 Indicator of food price anomalies,Sub-indicator: Consumer Food Price Index
Kazakhstan,2021,0.67,2.c.1 Indicator of food price anomalies,Sub-indicator: Consumer Food Price Index
Austria,2010,-0.8,2.c.1 Indicator of food price anomalies,Sub-indicator: Consumer Food Price Index
Austria,2011,0.44,2.c.1 Indicator of food price anomalies,Sub-indicator: Consumer Food Price Index
Austria,2012,0.28,2.c.1 Indicator of food price anomalies,Sub-indicator: Consumer Food Price Index
Austria,2013,0.52,2.c.1 Indicator of food price anomalies,Sub-indicator: Consumer Food Price Index
Austria,2014,-0.33,2.c.1 Indicator of food price anomalies,Sub-indicator: Consumer Food Price Index
Austria,2015,-0.48,2.c.1 Indicator of food price anomalies,Sub-indicator: Consumer Food Price Index
Austria,2016,-0.42,2.c.1 Indicator of food price anomalies,Sub-indicator: Consumer Food Price Index
Austria,2017,0.08,2.c.1 Indicator of food price anomalies,Sub-indicator: Consumer Food Price Index
Austria,2018,-0.81,2.c.1 Indicator of food price anomalies,Sub-indicator: Consumer Food Price Index
Austria,2019,-0.56,2.c.1 Indicator of food price anomalies,Sub-indicator: Consumer Food Price Index
Austria,2020,0.82,2.c.1 Indicator of food price anomalies,Sub-indicator: Consumer Food Price Index
Austria,2021,-1.77,2.c.1 Indicator of food price anomalies,Sub-indicator: Consumer Food Price Index
Austria,2022,1.49,2.c.1 Indicator of food price anomalies,Sub-indicator: Consumer Food Price Index
Austria,2023,1.42,2.c.1 Indicator of food price anomalies,Sub-indicator: Consumer Food Price Index
"Bahamas, The",2010,0.82,2.c.1 Indicator of food price anomalies,Sub-indicator: Consumer Food Price Index
"Bahamas, The",2011,-0.48,2.c.1 Indicator of food price anomalies,Sub-indicator: Consumer Food Price Index
"Bahamas, The",2012,0.66,2.c.1 Indicator of food price anomalies,Sub-indicator: Consumer Food Price Index
"Bahamas, The",2013,-13.42,2.c.1 Indicator of food price anomalies,Sub-indicator: Consumer Food Price Index
"Bahamas, The",2014,-0.67,2.c.1 Indicator of food price anomalies,Sub-indicator: Consumer Food Price Index
"Bahamas, The",2015,5.75,2.c.1 Indicator of food price anomalies,Sub-indicator: Consumer Food Price Index
"Bahamas, The",2016,-0.72,2.c.1 Indicator of food price anomalies,Sub-indicator: Consumer Food Price Index
"Bahamas, The",2017,-0.52,2.c.1 Indicator of food price anomalies,Sub-indicator: Consumer Food Price Index
"Bahamas, The",2018,-0.1,2.c.1 Indicator of food price anomalies,Sub-indicator: Consumer Food Price Index
"Bahamas, The",2019,-0.94,2.c.1 Indicator of food price anomalies,Sub-indicator: Consumer Food Price Index
"Bahamas, The",2020,0.8,2.c.1 Indicator of food price anomalies,Sub-indicator: Consumer Food Price Index
"Bahamas, The",2021,0.04,2.c.1 Indicator of food price anomalies,Sub-indicator: Consumer Food Price Index
"Bahamas, The",2022,2.81,2.c.1 Indicator of food price anomalies,Sub-indicator: Consumer Food Price Index
"Bahamas, The",2023,0.09,2.c.1 Indicator of food price anomalies,Sub-indicator: Consumer Food Price Index
Bahrain,2010,-0.45,2.c.1 Indicator of food price anomalies,Sub-indicator: Consumer Food Price Index
Bahrain,2011,-0.08,2.c.1 Indicator of food price anomalies,Sub-indicator: Consumer Food Price Index
Bahrain,2012,-0.7,2.c.1 Indicator of food price anomalies,Sub-indicator: Consumer Food Price Index
Bahrain,2013,-0.69,2.c.1 Indicator of food price anomalies,Sub-indicator: Consumer Food Price Index
Bahrain,2014,-0.36,2.c.1 Indicator of food price anomalies,Sub-indicator: Consumer Food Price Index
Bahrain,2015,0.2,2.c.1 Indicator of food price anomalies,Sub-indicator: Consumer Food Price Index
Bahrain,2016,-1.22,2.c.1 Indicator of food price anomalies,Sub-indicator: Consumer Food Price Index
Bahrain,2017,-0.12,2.c.1 Indicator of food price anomalies,Sub-indicator: Consumer Food Price Index
Kazakhstan,2022,0.99,2.c.1 Indicator of food price anomalies,Sub-indicator: Consumer Food Price Index
Kazakhstan,2023,-0.5,2.c.1 Indicator of food price anomalies,Sub-indicator: Consumer Food Price Index
Jordan,2010,-2.45,2.c.1 Indicator of food price anomalies,Sub-indicator: Consumer Food Price Index
Jordan,2011,-0.64,2.c.1 Indicator of food price anomalies,Sub-indicator: Consumer Food Price Index
Jordan,2012,-0.41,2.c.1 Indicator of food price anomalies,Sub-indicator: Consumer Food Price Index
Jordan,2013,-0.4,2.c.1 Indicator of food price anomalies,Sub-indicator: Consumer Food Price Index
Jordan,2014,-1.13,2.c.1 Indicator of food price anomalies,Sub-indicator: Consumer Food Price Index
Jordan,2015,0.62,2.c.1 Indicator of food price anomalies,Sub-indicator: Consumer Food Price Index
Jordan,2016,-1.11,2.c.1 Indicator of food price anomalies,Sub-indicator: Consumer Food Price Index
Bahrain,2018,-0.09,2.c.1 Indicator of food price anomalies,Sub-indicator: Consumer Food Price Index
Bahrain,2019,0.32,2.c.1 Indicator of food price anomalies,Sub-indicator: Consumer Food Price Index
Bahrain,2020,1.54,2.c.1 Indicator of food price anomalies,Sub-indicator: Consumer Food Price Index
Bahrain,2021,-0.03,2.c.1 Indicator of food price anomalies,Sub-indicator: Consumer Food Price Index
Bahrain,2022,1.31,2.c.1 Indicator of food price anomalies,Sub-indicator: Consumer Food Price Index
Bahrain,2023,0.89,2.c.1 Indicator of food price anomalies,Sub-indicator: Consumer Food Price Index
Bangladesh,2010,15.88,2.c.1 Indicator of food price anomalies,Sub-indicator: Consumer Food Price Index
Bangladesh,2011,17.84,2.c.1 Indicator of food price anomalies,Sub-indicator: Consumer Food Price Index
Bangladesh,2012,-7.7,2.c.1 Indicator of food price anomalies,Sub-indicator: Consumer Food Price Index
Jordan,2017,-0.98,2.c.1 Indicator of food price anomalies,Sub-indicator: Consumer Food Price Index
Jordan,2018,0.03,2.c.1 Indicator of food price anomalies,Sub-indicator: Consumer Food Price Index
Jordan,2019,0.08,2.c.1 Indicator of food price anomalies,Sub-indicator: Consumer Food Price Index
Jordan,2020,0.78,2.c.1 Indicator of food price anomalies,Sub-indicator: Consumer Food Price Index
Jordan,2021,-0.22,2.c.1 Indicator of food price anomalies,Sub-indicator: Consumer Food Price Index
Jordan,2022,-0.26,2.c.1 Indicator of food price anomalies,Sub-indicator: Consumer Food Price Index
Jordan,2023,-0.2,2.c.1 Indicator of food price anomalies,Sub-indicator: Consumer Food Price Index
Kenya,2010,-0.28,2.c.1 Indicator of food price anomalies,Sub-indicator: Consumer Food Price Index
Kenya,2011,1.36,2.c.1 Indicator of food price anomalies,Sub-indicator: Consumer Food Price Index
Kenya,2012,-1.5,2.c.1 Indicator of food price anomalies,Sub-indicator: Consumer Food Price Index
Kenya,2013,-0.39,2.c.1 Indicator of food price anomalies,Sub-indicator: Consumer Food Price Index
Kenya,2014,-0.32,2.c.1 Indicator of food price anomalies,Sub-indicator: Consumer Food Price Index
Kenya,2015,0.9,2.c.1 Indicator of food price anomalies,Sub-indicator: Consumer Food Price Index
Kenya,2016,0.41,2.c.1 Indicator of food price anomalies,Sub-indicator: Consumer Food Price Index
Kenya,2017,0.26,2.c.1 Indicator of food price anomalies,Sub-indicator: Consumer Food Price Index
Kenya,2018,-2.2,2.c.1 Indicator of food price anomalies,Sub-indicator: Consumer Food Price Index
Kenya,2019,0.45,2.c.1 Indicator of food price anomalies,Sub-indicator: Consumer Food Price Index
Kenya,2020,0.2,2.c.1 Indicator of food price anomalies,Sub-indicator: Consumer Food Price Index
Kenya,2021,0.1,2.c.1 Indicator of food price anomalies,Sub-indicator: Consumer Food Price Index
Kenya,2022,0.59,2.c.1 Indicator of food price anomalies,Sub-indicator: Consumer Food Price Index
Kenya,2023,-0.32,2.c.1 Indicator of food price anomalies,Sub-indicator: Consumer Food Price Index
"Korea, Rep.",2010,1.06,2.c.1 Indicator of food price anomalies,Sub-indicator: Consumer Food Price Index
"Korea, Rep.",2011,0.23,2.c.1 Indicator of food price anomalies,Sub-indicator: Consumer Food Price Index
"Korea, Rep.",2012,-0.38,2.c.1 Indicator of food price anomalies,Sub-indicator: Consumer Food Price Index
"Korea, Rep.",2013,-0.98,2.c.1 Indicator of food price anomalies,Sub-indicator: Consumer Food Price Index
"Korea, Rep.",2014,-0.63,2.c.1 Indicator of food price anomalies,Sub-indicator: Consumer Food Price Index
Bangladesh,2013,0.44,2.c.1 Indicator of food price anomalies,Sub-indicator: Consumer Food Price Index
Bangladesh,2014,0.32,2.c.1 Indicator of food price anomalies,Sub-indicator: Consumer Food Price Index
Bangladesh,2015,-0.22,2.c.1 Indicator of food price anomalies,Sub-indicator: Consumer Food Price Index
Bangladesh,2016,-0.37,2.c.1 Indicator of food price anomalies,Sub-indicator: Consumer Food Price Index
Bangladesh,2017,0.86,2.c.1 Indicator of food price anomalies,Sub-indicator: Consumer Food Price Index
Bangladesh,2018,0.07,2.c.1 Indicator of food price anomalies,Sub-indicator: Consumer Food Price Index
Bangladesh,2019,-0.16,2.c.1 Indicator of food price anomalies,Sub-indicator: Consumer Food Price Index
Bangladesh,2020,0.0,2.c.1 Indicator of food price anomalies,Sub-indicator: Consumer Food Price Index
Bangladesh,2021,-0.36,2.c.1 Indicator of food price anomalies,Sub-indicator: Consumer Food Price Index
Bangladesh,2022,-0.17,2.c.1 Indicator of food price anomalies,Sub-indicator: Consumer Food Price Index
Bangladesh,2023,0.62,2.c.1 Indicator of food price anomalies,Sub-indicator: Consumer Food Price Index
Armenia,2010,-1.6,2.c.1 Indicator of food price anomalies,Sub-indicator: Consumer Food Price Index
Armenia,2011,2.79,2.c.1 Indicator of food price anomalies,Sub-indicator: Consumer Food Price Index
Armenia,2012,-0.73,2.c.1 Indicator of food price anomalies,Sub-indicator: Consumer Food Price Index
Armenia,2013,-0.7,2.c.1 Indicator of food price anomalies,Sub-indicator: Consumer Food Price Index
Armenia,2014,-0.55,2.c.1 Indicator of food price anomalies,Sub-indicator: Consumer Food Price Index
Armenia,2015,-0.75,2.c.1 Indicator of food price anomalies,Sub-indicator: Consumer Food Price Index
"Korea, Rep.",2015,-0.03,2.c.1 Indicator of food price anomalies,Sub-indicator: Consumer Food Price Index
"Korea, Rep.",2016,0.08,2.c.1 Indicator of food price anomalies,Sub-indicator: Consumer Food Price Index
"Korea, Rep.",2017,-0.14,2.c.1 Indicator of food price anomalies,Sub-indicator: Consumer Food Price Index
"Korea, Rep.",2018,0.1,2.c.1 Indicator of food price anomalies,Sub-indicator: Consumer Food Price Index
"Korea, Rep.",2019,-0.62,2.c.1 Indicator of food price anomalies,Sub-indicator: Consumer Food Price Index
"Korea, Rep.",2020,1.08,2.c.1 Indicator of food price anomalies,Sub-indicator: Consumer Food Price Index
"Korea, Rep.",2021,0.61,2.c.1 Indicator of food price anomalies,Sub-indicator: Consumer Food Price Index
"Korea, Rep.",2022,-0.32,2.c.1 Indicator of food price anomalies,Sub-indicator: Consumer Food Price Index
"Korea, Rep.",2023,0.16,2.c.1 Indicator of food price anomalies,Sub-indicator: Consumer Food Price Index
Kuwait,2010,2.36,2.c.1 Indicator of food price anomalies,Sub-indicator: Consumer Food Price Index
Kuwait,2011,0.44,2.c.1 Indicator of food price anomalies,Sub-indicator: Consumer Food Price Index
Kuwait,2012,-0.11,2.c.1 Indicator of food price anomalies,Sub-indicator: Consumer Food Price Index
Kuwait,2013,-0.37,2.c.1 Indicator of food price anomalies,Sub-indicator: Consumer Food Price Index
Kuwait,2014,-0.72,2.c.1 Indicator of food price anomalies,Sub-indicator: Consumer Food Price Index
Kuwait,2015,-0.4,2.c.1 Indicator of food price anomalies,Sub-indicator: Consumer Food Price Index
Kuwait,2016,-1.26,2.c.1 Indicator of food price anomalies,Sub-indicator: Consumer Food Price Index
Kuwait,2017,-1.25,2.c.1 Indicator of food price anomalies,Sub-indicator: Consumer Food Price Index
Kuwait,2018,-0.22,2.c.1 Indicator of food price anomalies,Sub-indicator: Consumer Food Price Index
Kuwait,2019,0.02,2.c.1 Indicator of food price anomalies,Sub-indicator: Consumer Food Price Index
Kuwait,2020,1.65,2.c.1 Indicator of food price anomalies,Sub-indicator: Consumer Food Price Index
Kuwait,2021,1.98,2.c.1 Indicator of food price anomalies,Sub-indicator: Consumer Food Price Index
Kuwait,2022,0.75,2.c.1 Indicator of food price anomalies,Sub-indicator: Consumer Food Price Index
Kuwait,2023,0.35,2.c.1 Indicator of food price anomalies,Sub-indicator: Consumer Food Price Index
Kyrgyz Republic,2010,0.05,2.c.1 Indicator of food price anomalies,Sub-indicator: Consumer Food Price Index
Kyrgyz Republic,2011,0.83,2.c.1 Indicator of food price anomalies,Sub-indicator: Consumer Food Price Index
Kyrgyz Republic,2012,-0.9,2.c.1 Indicator of food price anomalies,Sub-indicator: Consumer Food Price Index
Armenia,2016,-0.59,2.c.1 Indicator of food price anomalies,Sub-indicator: Consumer Food Price Index
Armenia,2017,1.06,2.c.1 Indicator of food price anomalies,Sub-indicator: Consumer Food Price Index
Armenia,2018,-0.11,2.c.1 Indicator of food price anomalies,Sub-indicator: Consumer Food Price Index
Armenia,2019,-0.1,2.c.1 Indicator of food price anomalies,Sub-indicator: Consumer Food Price Index
Armenia,2020,-0.27,2.c.1 Indicator of food price anomalies,Sub-indicator: Consumer Food Price Index
Armenia,2021,1.68,2.c.1 Indicator of food price anomalies,Sub-indicator: Consumer Food Price Index
Armenia,2022,0.91,2.c.1 Indicator of food price anomalies,Sub-indicator: Consumer Food Price Index
Armenia,2023,-1.12,2.c.1 Indicator of food price anomalies,Sub-indicator: Consumer Food Price Index
Barbados,2010,0.28,2.c.1 Indicator of food price anomalies,Sub-indicator: Consumer Food Price Index
Kyrgyz Republic,2013,-0.12,2.c.1 Indicator of food price anomalies,Sub-indicator: Consumer Food Price Index
Kyrgyz Republic,2014,0.34,2.c.1 Indicator of food price anomalies,Sub-indicator: Consumer Food Price Index
Kyrgyz Republic,2015,-0.59,2.c.1 Indicator of food price anomalies,Sub-indicator: Consumer Food Price Index
Kyrgyz Republic,2016,-0.89,2.c.1 Indicator of food price anomalies,Sub-indicator: Consumer Food Price Index
Kyrgyz Republic,2017,0.2,2.c.1 Indicator of food price anomalies,Sub-indicator: Consumer Food Price Index
Kyrgyz Republic,2018,-0.31,2.c.1 Indicator of food price anomalies,Sub-indicator: Consumer Food Price Index
Kyrgyz Republic,2019,0.6,2.c.1 Indicator of food price anomalies,Sub-indicator: Consumer Food Price Index
Kyrgyz Republic,2020,1.32,2.c.1 Indicator of food price anomalies,Sub-indicator: Consumer Food Price Index
Kyrgyz Republic,2021,1.04,2.c.1 Indicator of food price anomalies,Sub-indicator: Consumer Food Price Index
Kyrgyz Republic,2022,0.35,2.c.1 Indicator of food price anomalies,Sub-indicator: Consumer Food Price Index
Kyrgyz Republic,2023,-0.5,2.c.1 Indicator of food price anomalies,Sub-indicator: Consumer Food Price Index
Lao PDR,2010,-1.02,2.c.1 Indicator of food price anomalies,Sub-indicator: Consumer Food Price Index
Lao PDR,2011,0.02,2.c.1 Indicator of food price anomalies,Sub-indicator: Consumer Food Price Index
Lao PDR,2012,-0.62,2.c.1 Indicator of food price anomalies,Sub-indicator: Consumer Food Price Index
Lao PDR,2013,1.64,2.c.1 Indicator of food price anomalies,Sub-indicator: Consumer Food Price Index
Lao PDR,2014,-0.11,2.c.1 Indicator of food price anomalies,Sub-indicator: Consumer Food Price Index
Barbados,2011,1.48,2.c.1 Indicator of food price anomalies,Sub-indicator: Consumer Food Price Index
Barbados,2012,-0.55,2.c.1 Indicator of food price anomalies,Sub-indicator: Consumer Food Price Index
Barbados,2013,-1.4,2.c.1 Indicator of food price anomalies,Sub-indicator: Consumer Food Price Index
Barbados,2014,-0.99,2.c.1 Indicator of food price anomalies,Sub-indicator: Consumer Food Price Index
Barbados,2015,1.86,2.c.1 Indicator of food price anomalies,Sub-indicator: Consumer Food Price Index
Barbados,2016,2.15,2.c.1 Indicator of food price anomalies,Sub-indicator: Consumer Food Price Index
Barbados,2017,-0.59,2.c.1 Indicator of food price anomalies,Sub-indicator: Consumer Food Price Index
Barbados,2018,-1.54,2.c.1 Indicator of food price anomalies,Sub-indicator: Consumer Food Price Index
Barbados,2019,0.12,2.c.1 Indicator of food price anomalies,Sub-indicator: Consumer Food Price Index
Lao PDR,2015,0.19,2.c.1 Indicator of food price anomalies,Sub-indicator: Consumer Food Price Index
Lao PDR,2016,-0.2,2.c.1 Indicator of food price anomalies,Sub-indicator: Consumer Food Price Index
Lao PDR,2017,-1.8,2.c.1 Indicator of food price anomalies,Sub-indicator: Consumer Food Price Index
Lao PDR,2018,-1.12,2.c.1 Indicator of food price anomalies,Sub-indicator: Consumer Food Price Index
Lao PDR,2019,0.14,2.c.1 Indicator of food price anomalies,Sub-indicator: Consumer Food Price Index
Lao PDR,2020,0.4,2.c.1 Indicator of food price anomalies,Sub-indicator: Consumer Food Price Index
Lao PDR,2021,-1.14,2.c.1 Indicator of food price anomalies,Sub-indicator: Consumer Food Price Index
Lao PDR,2022,-0.56,2.c.1 Indicator of food price anomalies,Sub-indicator: Consumer Food Price Index
Barbados,2020,0.52,2.c.1 Indicator of food price anomalies,Sub-indicator: Consumer Food Price Index
Barbados,2021,-0.39,2.c.1 Indicator of food price anomalies,Sub-indicator: Consumer Food Price Index
Barbados,2022,0.88,2.c.1 Indicator of food price anomalies,Sub-indicator: Consumer Food Price Index
Barbados,2023,1.83,2.c.1 Indicator of food price anomalies,Sub-indicator: Consumer Food Price Index
Belgium,2010,-2.5,2.c.1 Indicator of food price anomalies,Sub-indicator: Consumer Food Price Index
Belgium,2011,-0.96,2.c.1 Indicator of food price anomalies,Sub-indicator: Consumer Food Price Index
Belgium,2012,0.3,2.c.1 Indicator of food price anomalies,Sub-indicator: Consumer Food Price Index
Belgium,2013,1.39,2.c.1 Indicator of food price anomalies,Sub-indicator: Consumer Food Price Index
Belgium,2014,-0.95,2.c.1 Indicator of food price anomalies,Sub-indicator: Consumer Food Price Index
Lao PDR,2023,0.94,2.c.1 Indicator of food price anomalies,Sub-indicator: Consumer Food Price Index
Lebanon,2010,-0.98,2.c.1 Indicator of food price anomalies,Sub-indicator: Consumer Food Price Index
Lebanon,2011,-0.17,2.c.1 Indicator of food price anomalies,Sub-indicator: Consumer Food Price Index
Lebanon,2012,-0.68,2.c.1 Indicator of food price anomalies,Sub-indicator: Consumer Food Price Index
Lebanon,2013,-0.61,2.c.1 Indicator of food price anomalies,Sub-indicator: Consumer Food Price Index
Lebanon,2014,0.15,2.c.1 Indicator of food price anomalies,Sub-indicator: Consumer Food Price Index
Lebanon,2015,0.4,2.c.1 Indicator of food price anomalies,Sub-indicator: Consumer Food Price Index
Lebanon,2016,-0.46,2.c.1 Indicator of food price anomalies,Sub-indicator: Consumer Food Price Index
Belgium,2015,0.28,2.c.1 Indicator of food price anomalies,Sub-indicator: Consumer Food Price Index
Belgium,2016,-0.22,2.c.1 Indicator of food price anomalies,Sub-indicator: Consumer Food Price Index
Belgium,2017,-0.7,2.c.1 Indicator of food price anomalies,Sub-indicator: Consumer Food Price Index
Belgium,2018,-0.31,2.c.1 Indicator of food price anomalies,Sub-indicator: Consumer Food Price Index
Belgium,2019,-0.5,2.c.1 Indicator of food price anomalies,Sub-indicator: Consumer Food Price Index
Belgium,2020,1.43,2.c.1 Indicator of food price anomalies,Sub-indicator: Consumer Food Price Index
Belgium,2021,-2.29,2.c.1 Indicator of food price anomalies,Sub-indicator: Consumer Food Price Index
Belgium,2022,-0.07,2.c.1 Indicator of food price anomalies,Sub-indicator: Consumer Food Price Index
Belgium,2023,3.71,2.c.1 Indicator of food price anomalies,Sub-indicator: Consumer Food Price Index
Lebanon,2017,-0.38,2.c.1 Indicator of food price anomalies,Sub-indicator: Consumer Food Price Index
Lebanon,2018,-0.32,2.c.1 Indicator of food price anomalies,Sub-indicator: Consumer Food Price Index
Lebanon,2019,0.28,2.c.1 Indicator of food price anomalies,Sub-indicator: Consumer Food Price Index
Lebanon,2020,17.24,2.c.1 Indicator of food price anomalies,Sub-indicator: Consumer Food Price Index
Lebanon,2021,3.28,2.c.1 Indicator of food price anomalies,Sub-indicator: Consumer Food Price Index
Lebanon,2022,0.31,2.c.1 Indicator of food price anomalies,Sub-indicator: Consumer Food Price Index
Lebanon,2023,-0.33,2.c.1 Indicator of food price anomalies,Sub-indicator: Consumer Food Price Index
Lesotho,2010,-1.15,2.c.1 Indicator of food price anomalies,Sub-indicator: Consumer Food Price Index
Lesotho,2011,0.2,2.c.1 Indicator of food price anomalies,Sub-indicator: Consumer Food Price Index
Bermuda,2010,-0.51,2.c.1 Indicator of food price anomalies,Sub-indicator: Consumer Food Price Index
Bermuda,2011,-0.76,2.c.1 Indicator of food price anomalies,Sub-indicator: Consumer Food Price Index
Bermuda,2012,0.1,2.c.1 Indicator of food price anomalies,Sub-indicator: Consumer Food Price Index
Bermuda,2013,0.22,2.c.1 Indicator of food price anomalies,Sub-indicator: Consumer Food Price Index
Bermuda,2014,0.18,2.c.1 Indicator of food price anomalies,Sub-indicator: Consumer Food Price Index
Bermuda,2015,0.0,2.c.1 Indicator of food price anomalies,Sub-indicator: Consumer Food Price Index
Bermuda,2016,-0.56,2.c.1 Indicator of food price anomalies,Sub-indicator: Consumer Food Price Index
Bermuda,2017,-0.21,2.c.1 Indicator of food price anomalies,Sub-indicator: Consumer Food Price Index
Bermuda,2018,0.01,2.c.1 Indicator of food price anomalies,Sub-indicator: Consumer Food Price Index
Lesotho,2012,0.69,2.c.1 Indicator of food price anomalies,Sub-indicator: Consumer Food Price Index
Lesotho,2013,-1.21,2.c.1 Indicator of food price anomalies,Sub-indicator: Consumer Food Price Index
Lesotho,2014,-0.58,2.c.1 Indicator of food price anomalies,Sub-indicator: Consumer Food Price Index
Lesotho,2015,0.8,2.c.1 Indicator of food price anomalies,Sub-indicator: Consumer Food Price Index
Lesotho,2016,1.26,2.c.1 Indicator of food price anomalies,Sub-indicator: Consumer Food Price Index
Lesotho,2017,-0.43,2.c.1 Indicator of food price anomalies,Sub-indicator: Consumer Food Price Index
Lesotho,2018,-0.78,2.c.1 Indicator of food price anomalies,Sub-indicator: Consumer Food Price Index
Lesotho,2019,0.02,2.c.1 Indicator of food price anomalies,Sub-indicator: Consumer Food Price Index
Lesotho,2020,1.68,2.c.1 Indicator of food price anomalies,Sub-indicator: Consumer Food Price Index
Lesotho,2021,0.2,2.c.1 Indicator of food price anomalies,Sub-indicator: Consumer Food Price Index
Lesotho,2022,-0.51,2.c.1 Indicator of food price anomalies,Sub-indicator: Consumer Food Price Index
Lesotho,2023,-0.02,2.c.1 Indicator of food price anomalies,Sub-indicator: Consumer Food Price Index
Latvia,2010,0.53,2.c.1 Indicator of food price anomalies,Sub-indicator: Consumer Food Price Index
Latvia,2011,0.71,2.c.1 Indicator of food price anomalies,Sub-indicator: Consumer Food Price Index
Latvia,2012,-0.24,2.c.1 Indicator of food price anomalies,Sub-indicator: Consumer Food Price Index
Latvia,2013,0.0,2.c.1 Indicator of food price anomalies,Sub-indicator: Consumer Food Price Index
Latvia,2014,-0.63,2.c.1 Indicator of food price anomalies,Sub-indicator: Consumer Food Price Index
Latvia,2015,-0.58,2.c.1 Indicator of food price anomalies,Sub-indicator: Consumer Food Price Index
Latvia,2016,0.27,2.c.1 Indicator of food price anomalies,Sub-indicator: Consumer Food Price Index
Latvia,2017,0.78,2.c.1 Indicator of food price anomalies,Sub-indicator: Consumer Food Price Index
Latvia,2018,-1.02,2.c.1 Indicator of food price anomalies,Sub-indicator: Consumer Food Price Index
Latvia,2019,-0.05,2.c.1 Indicator of food price anomalies,Sub-indicator: Consumer Food Price Index
Latvia,2020,0.66,2.c.1 Indicator of food price anomalies,Sub-indicator: Consumer Food Price Index
Latvia,2021,-0.62,2.c.1 Indicator of food price anomalies,Sub-indicator: Consumer Food Price Index
Latvia,2022,1.62,2.c.1 Indicator of food price anomalies,Sub-indicator: Consumer Food Price Index
Latvia,2023,0.97,2.c.1 Indicator of food price anomalies,Sub-indicator: Consumer Food Price Index
Liberia,2010,-0.04,2.c.1 Indicator of food price anomalies,Sub-indicator: Consumer Food Price Index
Liberia,2011,0.34,2.c.1 Indicator of food price anomalies,Sub-indicator: Consumer Food Price Index
Liberia,2012,0.36,2.c.1 Indicator of food price anomalies,Sub-indicator: Consumer Food Price Index
Liberia,2013,0.07,2.c.1 Indicator of food price anomalies,Sub-indicator: Consumer Food Price Index
Liberia,2014,-0.52,2.c.1 Indicator of food price anomalies,Sub-indicator: Consumer Food Price Index
Liberia,2015,-0.07,2.c.1 Indicator of food price anomalies,Sub-indicator: Consumer Food Price Index
Liberia,2016,-0.31,2.c.1 Indicator of food price anomalies,Sub-indicator: Consumer Food Price Index
Liberia,2017,-1.69,2.c.1 Indicator of food price anomalies,Sub-indicator: Consumer Food Price Index
Liberia,2018,-0.33,2.c.1 Indicator of food price anomalies,Sub-indicator: Consumer Food Price Index
Liberia,2019,0.56,2.c.1 Indicator of food price anomalies,Sub-indicator: Consumer Food Price Index
Liberia,2020,0.61,2.c.1 Indicator of food price anomalies,Sub-indicator: Consumer Food Price Index
Liberia,2021,-0.88,2.c.1 Indicator of food price anomalies,Sub-indicator: Consumer Food Price Index
Liberia,2022,-0.04,2.c.1 Indicator of food price anomalies,Sub-indicator: Consumer Food Price Index
Liberia,2023,0.29,2.c.1 Indicator of food price anomalies,Sub-indicator: Consumer Food Price Index
Libya,2010,-0.86,2.c.1 Indicator of food price anomalies,Sub-indicator: Consumer Food Price Index
Libya,2011,-1.09,2.c.1 Indicator of food price anomalies,Sub-indicator: Consumer Food Price Index
Libya,2012,-1.56,2.c.1 Indicator of food price anomalies,Sub-indicator: Consumer Food Price Index
Libya,2013,0.13,2.c.1 Indicator of food price anomalies,Sub-indicator: Consumer Food Price Index
Libya,2014,0.57,2.c.1 Indicator of food price anomalies,Sub-indicator: Consumer Food Price Index
Bermuda,2019,0.76,2.c.1 Indicator of food price anomalies,Sub-indicator: Consumer Food Price Index
Bermuda,2020,1.68,2.c.1 Indicator of food price anomalies,Sub-indicator: Consumer Food Price Index
Bermuda,2021,-0.54,2.c.1 Indicator of food price anomalies,Sub-indicator: Consumer Food Price Index
Bermuda,2022,2.07,2.c.1 Indicator of food price anomalies,Sub-indicator: Consumer Food Price Index
Bermuda,2023,0.72,2.c.1 Indicator of food price anomalies,Sub-indicator: Consumer Food Price Index
Bhutan,2010,-1.26,2.c.1 Indicator of food price anomalies,Sub-indicator: Consumer Food Price Index
Bhutan,2011,-0.69,2.c.1 Indicator of food price anomalies,Sub-indicator: Consumer Food Price Index
Bhutan,2012,0.07,2.c.1 Indicator of food price anomalies,Sub-indicator: Consumer Food Price Index
Bhutan,2013,-1.48,2.c.1 Indicator of food price anomalies,Sub-indicator: Consumer Food Price Index
Bhutan,2014,-0.26,2.c.1 Indicator of food price anomalies,Sub-indicator: Consumer Food Price Index
Bhutan,2015,-1.05,2.c.1 Indicator of food price anomalies,Sub-indicator: Consumer Food Price Index
Bhutan,2016,-0.06,2.c.1 Indicator of food price anomalies,Sub-indicator: Consumer Food Price Index
Bhutan,2017,0.55,2.c.1 Indicator of food price anomalies,Sub-indicator: Consumer Food Price Index
Bhutan,2018,0.22,2.c.1 Indicator of food price anomalies,Sub-indicator: Consumer Food Price Index
Bhutan,2019,-0.09,2.c.1 Indicator of food price anomalies,Sub-indicator: Consumer Food Price Index
Bhutan,2020,1.83,2.c.1 Indicator of food price anomalies,Sub-indicator: Consumer Food Price Index
Bhutan,2021,-0.08,2.c.1 Indicator of food price anomalies,Sub-indicator: Consumer Food Price Index
Bhutan,2022,-1.18,2.c.1 Indicator of food price anomalies,Sub-indicator: Consumer Food Price Index
Libya,2015,0.95,2.c.1 Indicator of food price anomalies,Sub-indicator: Consumer Food Price Index
Libya,2016,-0.09,2.c.1 Indicator of food price anomalies,Sub-indicator: Consumer Food Price Index
Libya,2017,1.19,2.c.1 Indicator of food price anomalies,Sub-indicator: Consumer Food Price Index
Libya,2018,0.14,2.c.1 Indicator of food price anomalies,Sub-indicator: Consumer Food Price Index
Libya,2019,-0.66,2.c.1 Indicator of food price anomalies,Sub-indicator: Consumer Food Price Index
Libya,2020,-0.44,2.c.1 Indicator of food price anomalies,Sub-indicator: Consumer Food Price Index
Libya,2021,-0.16,2.c.1 Indicator of food price anomalies,Sub-indicator: Consumer Food Price Index
Libya,2022,-0.23,2.c.1 Indicator of food price anomalies,Sub-indicator: Consumer Food Price Index
Libya,2023,-0.04,2.c.1 Indicator of food price anomalies,Sub-indicator: Consumer Food Price Index
Lithuania,2010,-0.42,2.c.1 Indicator of food price anomalies,Sub-indicator: Consumer Food Price Index
Lithuania,2011,0.71,2.c.1 Indicator of food price anomalies,Sub-indicator: Consumer Food Price Index
Lithuania,2012,-0.25,2.c.1 Indicator of food price anomalies,Sub-indicator: Consumer Food Price Index
Lithuania,2013,-0.06,2.c.1 Indicator of food price anomalies,Sub-indicator: Consumer Food Price Index
Lithuania,2014,-0.06,2.c.1 Indicator of food price anomalies,Sub-indicator: Consumer Food Price Index
Lithuania,2015,-0.27,2.c.1 Indicator of food price anomalies,Sub-indicator: Consumer Food Price Index
Lithuania,2016,-0.09,2.c.1 Indicator of food price anomalies,Sub-indicator: Consumer Food Price Index
Lithuania,2017,-0.19,2.c.1 Indicator of food price anomalies,Sub-indicator: Consumer Food Price Index
Bhutan,2023,-0.56,2.c.1 Indicator of food price anomalies,Sub-indicator: Consumer Food Price Index
Bolivia,2010,-0.32,2.c.1 Indicator of food price anomalies,Sub-indicator: Consumer Food Price Index
Bolivia,2011,0.07,2.c.1 Indicator of food price anomalies,Sub-indicator: Consumer Food Price Index
Bolivia,2012,-0.53,2.c.1 Indicator of food price anomalies,Sub-indicator: Consumer Food Price Index
Bolivia,2013,0.49,2.c.1 Indicator of food price anomalies,Sub-indicator: Consumer Food Price Index
Bolivia,2014,-0.09,2.c.1 Indicator of food price anomalies,Sub-indicator: Consumer Food Price Index
Bolivia,2015,-0.36,2.c.1 Indicator of food price anomalies,Sub-indicator: Consumer Food Price Index
Bolivia,2016,0.06,2.c.1 Indicator of food price anomalies,Sub-indicator: Consumer Food Price Index
Lithuania,2018,-0.88,2.c.1 Indicator of food price anomalies,Sub-indicator: Consumer Food Price Index
Lithuania,2019,0.32,2.c.1 Indicator of food price anomalies,Sub-indicator: Consumer Food Price Index
Lithuania,2020,0.19,2.c.1 Indicator of food price anomalies,Sub-indicator: Consumer Food Price Index
Lithuania,2021,-0.87,2.c.1 Indicator of food price anomalies,Sub-indicator: Consumer Food Price Index
Lithuania,2022,2.67,2.c.1 Indicator of food price anomalies,Sub-indicator: Consumer Food Price Index
Lithuania,2023,1.27,2.c.1 Indicator of food price anomalies,Sub-indicator: Consumer Food Price Index
Luxembourg,2010,-2.77,2.c.1 Indicator of food price anomalies,Sub-indicator: Consumer Food Price Index
Luxembourg,2011,-0.59,2.c.1 Indicator of food price anomalies,Sub-indicator: Consumer Food Price Index
Bolivia,2017,-0.37,2.c.1 Indicator of food price anomalies,Sub-indicator: Consumer Food Price Index
Bolivia,2018,-0.39,2.c.1 Indicator of food price anomalies,Sub-indicator: Consumer Food Price Index
Bolivia,2019,0.13,2.c.1 Indicator of food price anomalies,Sub-indicator: Consumer Food Price Index
Bolivia,2020,-1.11,2.c.1 Indicator of food price anomalies,Sub-indicator: Consumer Food Price Index
Bolivia,2021,-0.34,2.c.1 Indicator of food price anomalies,Sub-indicator: Consumer Food Price Index
Bolivia,2022,0.05,2.c.1 Indicator of food price anomalies,Sub-indicator: Consumer Food Price Index
Bolivia,2023,0.36,2.c.1 Indicator of food price anomalies,Sub-indicator: Consumer Food Price Index
Bosnia and Herzegovina,2010,-1.15,2.c.1 Indicator of food price anomalies,Sub-indicator: Consumer Food Price Index
Luxembourg,2012,0.17,2.c.1 Indicator of food price anomalies,Sub-indicator: Consumer Food Price Index
Luxembourg,2013,1.36,2.c.1 Indicator of food price anomalies,Sub-indicator: Consumer Food Price Index
Luxembourg,2014,-0.35,2.c.1 Indicator of food price anomalies,Sub-indicator: Consumer Food Price Index
Luxembourg,2015,0.17,2.c.1 Indicator of food price anomalies,Sub-indicator: Consumer Food Price Index
Luxembourg,2016,0.49,2.c.1 Indicator of food price anomalies,Sub-indicator: Consumer Food Price Index
Luxembourg,2017,0.56,2.c.1 Indicator of food price anomalies,Sub-indicator: Consumer Food Price Index
Luxembourg,2018,0.08,2.c.1 Indicator of food price anomalies,Sub-indicator: Consumer Food Price Index
Luxembourg,2019,-0.77,2.c.1 Indicator of food price anomalies,Sub-indicator: Consumer Food Price Index
Luxembourg,2020,1.06,2.c.1 Indicator of food price anomalies,Sub-indicator: Consumer Food Price Index
Luxembourg,2021,-1.63,2.c.1 Indicator of food price anomalies,Sub-indicator: Consumer Food Price Index
Luxembourg,2022,0.74,2.c.1 Indicator of food price anomalies,Sub-indicator: Consumer Food Price Index
Luxembourg,2023,2.91,2.c.1 Indicator of food price anomalies,Sub-indicator: Consumer Food Price Index
Madagascar,2010,-1.19,2.c.1 Indicator of food price anomalies,Sub-indicator: Consumer Food Price Index
Madagascar,2011,1.19,2.c.1 Indicator of food price anomalies,Sub-indicator: Consumer Food Price Index
Madagascar,2012,-0.51,2.c.1 Indicator of food price anomalies,Sub-indicator: Consumer Food Price Index
Madagascar,2013,-0.14,2.c.1 Indicator of food price anomalies,Sub-indicator: Consumer Food Price Index
Bosnia and Herzegovina,2011,0.5,2.c.1 Indicator of food price anomalies,Sub-indicator: Consumer Food Price Index
Bosnia and Herzegovina,2012,-0.13,2.c.1 Indicator of food price anomalies,Sub-indicator: Consumer Food Price Index
Bosnia and Herzegovina,2013,-0.42,2.c.1 Indicator of food price anomalies,Sub-indicator: Consumer Food Price Index
Bosnia and Herzegovina,2014,-0.55,2.c.1 Indicator of food price anomalies,Sub-indicator: Consumer Food Price Index
Bosnia and Herzegovina,2015,0.09,2.c.1 Indicator of food price anomalies,Sub-indicator: Consumer Food Price Index
Bosnia and Herzegovina,2016,0.04,2.c.1 Indicator of food price anomalies,Sub-indicator: Consumer Food Price Index
Bosnia and Herzegovina,2017,0.42,2.c.1 Indicator of food price anomalies,Sub-indicator: Consumer Food Price Index
Bosnia and Herzegovina,2018,-0.61,2.c.1 Indicator of food price anomalies,Sub-indicator: Consumer Food Price Index
Bosnia and Herzegovina,2019,0.4,2.c.1 Indicator of food price anomalies,Sub-indicator: Consumer Food Price Index
Bosnia and Herzegovina,2020,1.27,2.c.1 Indicator of food price anomalies,Sub-indicator: Consumer Food Price Index
Bosnia and Herzegovina,2021,0.84,2.c.1 Indicator of food price anomalies,Sub-indicator: Consumer Food Price Index
Bosnia and Herzegovina,2022,2.91,2.c.1 Indicator of food price anomalies,Sub-indicator: Consumer Food Price Index
Bosnia and Herzegovina,2023,0.93,2.c.1 Indicator of food price anomalies,Sub-indicator: Consumer Food Price Index
Botswana,2010,-2.77,2.c.1 Indicator of food price anomalies,Sub-indicator: Consumer Food Price Index
Botswana,2011,-0.48,2.c.1 Indicator of food price anomalies,Sub-indicator: Consumer Food Price Index
Botswana,2012,-0.1,2.c.1 Indicator of food price anomalies,Sub-indicator: Consumer Food Price Index
Botswana,2013,-0.27,2.c.1 Indicator of food price anomalies,Sub-indicator: Consumer Food Price Index
Botswana,2014,-0.51,2.c.1 Indicator of food price anomalies,Sub-indicator: Consumer Food Price Index
Botswana,2015,-0.58,2.c.1 Indicator of food price anomalies,Sub-indicator: Consumer Food Price Index
Botswana,2016,0.14,2.c.1 Indicator of food price anomalies,Sub-indicator: Consumer Food Price Index
Botswana,2017,-0.04,2.c.1 Indicator of food price anomalies,Sub-indicator: Consumer Food Price Index
Botswana,2018,-1.3,2.c.1 Indicator of food price anomalies,Sub-indicator: Consumer Food Price Index
Botswana,2019,0.02,2.c.1 Indicator of food price anomalies,Sub-indicator: Consumer Food Price Index
Botswana,2020,1.01,2.c.1 Indicator of food price anomalies,Sub-indicator: Consumer Food Price Index
Botswana,2021,-0.41,2.c.1 Indicator of food price anomalies,Sub-indicator: Consumer Food Price Index
Botswana,2022,0.42,2.c.1 Indicator of food price anomalies,Sub-indicator: Consumer Food Price Index
Botswana,2023,2.06,2.c.1 Indicator of food price anomalies,Sub-indicator: Consumer Food Price Index
Brazil,2010,-0.22,2.c.1 Indicator of food price anomalies,Sub-indicator: Consumer Food Price Index
Brazil,2011,-0.19,2.c.1 Indicator of food price anomalies,Sub-indicator: Consumer Food Price Index
Brazil,2012,0.23,2.c.1 Indicator of food price anomalies,Sub-indicator: Consumer Food Price Index
Brazil,2013,0.7,2.c.1 Indicator of food price anomalies,Sub-indicator: Consumer Food Price Index
Brazil,2014,-0.58,2.c.1 Indicator of food price anomalies,Sub-indicator: Consumer Food Price Index
Brazil,2015,-0.63,2.c.1 Indicator of food price anomalies,Sub-indicator: Consumer Food Price Index
Brazil,2016,0.45,2.c.1 Indicator of food price anomalies,Sub-indicator: Consumer Food Price Index
Madagascar,2014,-0.28,2.c.1 Indicator of food price anomalies,Sub-indicator: Consumer Food Price Index
Madagascar,2015,-0.23,2.c.1 Indicator of food price anomalies,Sub-indicator: Consumer Food Price Index
Madagascar,2016,0.17,2.c.1 Indicator of food price anomalies,Sub-indicator: Consumer Food Price Index
Madagascar,2017,0.72,2.c.1 Indicator of food price anomalies,Sub-indicator: Consumer Food Price Index
Madagascar,2018,0.83,2.c.1 Indicator of food price anomalies,Sub-indicator: Consumer Food Price Index
Madagascar,2019,-0.46,2.c.1 Indicator of food price anomalies,Sub-indicator: Consumer Food Price Index
Madagascar,2020,-0.12,2.c.1 Indicator of food price anomalies,Sub-indicator: Consumer Food Price Index
Madagascar,2021,0.83,2.c.1 Indicator of food price anomalies,Sub-indicator: Consumer Food Price Index
Brazil,2017,-2.24,2.c.1 Indicator of food price anomalies,Sub-indicator: Consumer Food Price Index
Brazil,2018,-1.19,2.c.1 Indicator of food price anomalies,Sub-indicator: Consumer Food Price Index
Brazil,2019,0.01,2.c.1 Indicator of food price anomalies,Sub-indicator: Consumer Food Price Index
Brazil,2020,1.8,2.c.1 Indicator of food price anomalies,Sub-indicator: Consumer Food Price Index
Brazil,2021,0.33,2.c.1 Indicator of food price anomalies,Sub-indicator: Consumer Food Price Index
Brazil,2022,0.39,2.c.1 Indicator of food price anomalies,Sub-indicator: Consumer Food Price Index
Brazil,2023,-0.87,2.c.1 Indicator of food price anomalies,Sub-indicator: Consumer Food Price Index
Belize,2010,-2.28,2.c.1 Indicator of food price anomalies,Sub-indicator: Consumer Food Price Index
Belize,2011,-0.13,2.c.1 Indicator of food price anomalies,Sub-indicator: Consumer Food Price Index
Belize,2012,0.14,2.c.1 Indicator of food price anomalies,Sub-indicator: Consumer Food Price Index
Belize,2013,0.13,2.c.1 Indicator of food price anomalies,Sub-indicator: Consumer Food Price Index
Belize,2014,-0.28,2.c.1 Indicator of food price anomalies,Sub-indicator: Consumer Food Price Index
Belize,2015,0.1,2.c.1 Indicator of food price anomalies,Sub-indicator: Consumer Food Price Index
Belize,2016,-0.36,2.c.1 Indicator of food price anomalies,Sub-indicator: Consumer Food Price Index
Belize,2017,-0.67,2.c.1 Indicator of food price anomalies,Sub-indicator: Consumer Food Price Index
Belize,2018,-0.2,2.c.1 Indicator of food price anomalies,Sub-indicator: Consumer Food Price Index
Belize,2019,0.32,2.c.1 Indicator of food price anomalies,Sub-indicator: Consumer Food Price Index
Belize,2020,0.6,2.c.1 Indicator of food price anomalies,Sub-indicator: Consumer Food Price Index
Belize,2021,0.33,2.c.1 Indicator of food price anomalies,Sub-indicator: Consumer Food Price Index
Belize,2022,0.84,2.c.1 Indicator of food price anomalies,Sub-indicator: Consumer Food Price Index
Belize,2023,2.61,2.c.1 Indicator of food price anomalies,Sub-indicator: Consumer Food Price Index
Solomon Islands,2010,-1.44,2.c.1 Indicator of food price anomalies,Sub-indicator: Consumer Food Price Index
Solomon Islands,2011,-0.54,2.c.1 Indicator of food price anomalies,Sub-indicator: Consumer Food Price Index
Solomon Islands,2012,-0.34,2.c.1 Indicator of food price anomalies,Sub-indicator: Consumer Food Price Index
Solomon Islands,2013,-0.38,2.c.1 Indicator of food price anomalies,Sub-indicator: Consumer Food Price Index
Solomon Islands,2014,-0.2,2.c.1 Indicator of food price anomalies,Sub-indicator: Consumer Food Price Index
Solomon Islands,2015,-0.18,2.c.1 Indicator of food price anomalies,Sub-indicator: Consumer Food Price Index
Solomon Islands,2016,0.19,2.c.1 Indicator of food price anomalies,Sub-indicator: Consumer Food Price Index
Solomon Islands,2017,-0.02,2.c.1 Indicator of food price anomalies,Sub-indicator: Consumer Food Price Index
Solomon Islands,2018,0.07,2.c.1 Indicator of food price anomalies,Sub-indicator: Consumer Food Price Index
Solomon Islands,2019,-0.06,2.c.1 Indicator of food price anomalies,Sub-indicator: Consumer Food Price Index
Solomon Islands,2020,-0.04,2.c.1 Indicator of food price anomalies,Sub-indicator: Consumer Food Price Index
Solomon Islands,2021,-0.37,2.c.1 Indicator of food price anomalies,Sub-indicator: Consumer Food Price Index
Solomon Islands,2022,1.44,2.c.1 Indicator of food price anomalies,Sub-indicator: Consumer Food Price Index
Madagascar,2022,0.57,2.c.1 Indicator of food price anomalies,Sub-indicator: Consumer Food Price Index
Madagascar,2023,0.21,2.c.1 Indicator of food price anomalies,Sub-indicator: Consumer Food Price Index
Malawi,2010,-2.0,2.c.1 Indicator of food price anomalies,Sub-indicator: Consumer Food Price Index
Malawi,2011,-2.91,2.c.1 Indicator of food price anomalies,Sub-indicator: Consumer Food Price Index
Malawi,2012,0.81,2.c.1 Indicator of food price anomalies,Sub-indicator: Consumer Food Price Index
Malawi,2013,0.12,2.c.1 Indicator of food price anomalies,Sub-indicator: Consumer Food Price Index
Malawi,2014,-0.02,2.c.1 Indicator of food price anomalies,Sub-indicator: Consumer Food Price Index
Malawi,2015,1.85,2.c.1 Indicator of food price anomalies,Sub-indicator: Consumer Food Price Index
Malawi,2016,1.92,2.c.1 Indicator of food price anomalies,Sub-indicator: Consumer Food Price Index
Malawi,2017,0.04,2.c.1 Indicator of food price anomalies,Sub-indicator: Consumer Food Price Index
Malawi,2018,0.51,2.c.1 Indicator of food price anomalies,Sub-indicator: Consumer Food Price Index
Malawi,2019,1.15,2.c.1 Indicator of food price anomalies,Sub-indicator: Consumer Food Price Index
Malawi,2020,0.72,2.c.1 Indicator of food price anomalies,Sub-indicator: Consumer Food Price Index
Malawi,2021,0.14,2.c.1 Indicator of food price anomalies,Sub-indicator: Consumer Food Price Index
Malawi,2022,0.81,2.c.1 Indicator of food price anomalies,Sub-indicator: Consumer Food Price Index
Malawi,2023,0.97,2.c.1 Indicator of food price anomalies,Sub-indicator: Consumer Food Price Index
Malaysia,2010,-0.76,2.c.1 Indicator of food price anomalies,Sub-indicator: Consumer Food Price Index
Malaysia,2011,-0.02,2.c.1 Indicator of food price anomalies,Sub-indicator: Consumer Food Price Index
Malaysia,2012,-0.46,2.c.1 Indicator of food price anomalies,Sub-indicator: Consumer Food Price Index
Malaysia,2013,-0.11,2.c.1 Indicator of food price anomalies,Sub-indicator: Consumer Food Price Index
Malaysia,2014,-0.92,2.c.1 Indicator of food price anomalies,Sub-indicator: Consumer Food Price Index
Malaysia,2015,0.22,2.c.1 Indicator of food price anomalies,Sub-indicator: Consumer Food Price Index
Malaysia,2016,0.27,2.c.1 Indicator of food price anomalies,Sub-indicator: Consumer Food Price Index
Malaysia,2017,-0.6,2.c.1 Indicator of food price anomalies,Sub-indicator: Consumer Food Price Index
Malaysia,2018,-0.55,2.c.1 Indicator of food price anomalies,Sub-indicator: Consumer Food Price Index
Malaysia,2019,-0.16,2.c.1 Indicator of food price anomalies,Sub-indicator: Consumer Food Price Index
Malaysia,2020,1.06,2.c.1 Indicator of food price anomalies,Sub-indicator: Consumer Food Price Index
Malaysia,2021,-1.14,2.c.1 Indicator of food price anomalies,Sub-indicator: Consumer Food Price Index
Malaysia,2022,0.86,2.c.1 Indicator of food price anomalies,Sub-indicator: Consumer Food Price Index
Malaysia,2023,0.49,2.c.1 Indicator of food price anomalies,Sub-indicator: Consumer Food Price Index
Maldives,2010,-0.27,2.c.1 Indicator of food price anomalies,Sub-indicator: Consumer Food Price Index
Maldives,2011,0.68,2.c.1 Indicator of food price anomalies,Sub-indicator: Consumer Food Price Index
Maldives,2012,0.47,2.c.1 Indicator of food price anomalies,Sub-indicator: Consumer Food Price Index
Maldives,2013,-0.13,2.c.1 Indicator of food price anomalies,Sub-indicator: Consumer Food Price Index
Maldives,2014,-0.88,2.c.1 Indicator of food price anomalies,Sub-indicator: Consumer Food Price Index
Maldives,2015,-0.46,2.c.1 Indicator of food price anomalies,Sub-indicator: Consumer Food Price Index
Maldives,2016,-0.18,2.c.1 Indicator of food price anomalies,Sub-indicator: Consumer Food Price Index
Maldives,2017,0.03,2.c.1 Indicator of food price anomalies,Sub-indicator: Consumer Food Price Index
Maldives,2018,-0.54,2.c.1 Indicator of food price anomalies,Sub-indicator: Consumer Food Price Index
Maldives,2019,-0.36,2.c.1 Indicator of food price anomalies,Sub-indicator: Consumer Food Price Index
Maldives,2020,0.51,2.c.1 Indicator of food price anomalies,Sub-indicator: Consumer Food Price Index
Maldives,2021,0.04,2.c.1 Indicator of food price anomalies,Sub-indicator: Consumer Food Price Index
Maldives,2022,0.17,2.c.1 Indicator of food price anomalies,Sub-indicator: Consumer Food Price Index
Maldives,2023,0.36,2.c.1 Indicator of food price anomalies,Sub-indicator: Consumer Food Price Index
Mali,2010,0.44,2.c.1 Indicator of food price anomalies,Sub-indicator: Consumer Food Price Index
Solomon Islands,2023,1.61,2.c.1 Indicator of food price anomalies,Sub-indicator: Consumer Food Price Index
British Virgin Islands,2010,0.93,2.c.1 Indicator of food price anomalies,Sub-indicator: Consumer Food Price Index
British Virgin Islands,2011,0.46,2.c.1 Indicator of food price anomalies,Sub-indicator: Consumer Food Price Index
British Virgin Islands,2012,0.39,2.c.1 Indicator of food price anomalies,Sub-indicator: Consumer Food Price Index
British Virgin Islands,2013,1.68,2.c.1 Indicator of food price anomalies,Sub-indicator: Consumer Food Price Index
British Virgin Islands,2014,0.37,2.c.1 Indicator of food price anomalies,Sub-indicator: Consumer Food Price Index
British Virgin Islands,2015,0.58,2.c.1 Indicator of food price anomalies,Sub-indicator: Consumer Food Price Index
British Virgin Islands,2016,0.14,2.c.1 Indicator of food price anomalies,Sub-indicator: Consumer Food Price Index
British Virgin Islands,2017,-1.21,2.c.1 Indicator of food price anomalies,Sub-indicator: Consumer Food Price Index
British Virgin Islands,2018,-0.36,2.c.1 Indicator of food price anomalies,Sub-indicator: Consumer Food Price Index
British Virgin Islands,2019,0.51,2.c.1 Indicator of food price anomalies,Sub-indicator: Consumer Food Price Index
British Virgin Islands,2020,0.67,2.c.1 Indicator of food price anomalies,Sub-indicator: Consumer Food Price Index
British Virgin Islands,2021,-0.67,2.c.1 Indicator of food price anomalies,Sub-indicator: Consumer Food Price Index
British Virgin Islands,2022,-0.27,2.c.1 Indicator of food price anomalies,Sub-indicator: Consumer Food Price Index
British Virgin Islands,2023,0.28,2.c.1 Indicator of food price anomalies,Sub-indicator: Consumer Food Price Index
Brunei Darussalam,2010,-6.47,2.c.1 Indicator of food price anomalies,Sub-indicator: Consumer Food Price Index
Mali,2011,0.51,2.c.1 Indicator of food price anomalies,Sub-indicator: Consumer Food Price Index
Mali,2012,-0.11,2.c.1 Indicator of food price anomalies,Sub-indicator: Consumer Food Price Index
Mali,2013,-2.42,2.c.1 Indicator of food price anomalies,Sub-indicator: Consumer Food Price Index
Mali,2014,-0.57,2.c.1 Indicator of food price anomalies,Sub-indicator: Consumer Food Price Index
Mali,2015,0.23,2.c.1 Indicator of food price anomalies,Sub-indicator: Consumer Food Price Index
Mali,2016,-0.62,2.c.1 Indicator of food price anomalies,Sub-indicator: Consumer Food Price Index
Mali,2017,-0.14,2.c.1 Indicator of food price anomalies,Sub-indicator: Consumer Food Price Index
Mali,2018,-0.29,2.c.1 Indicator of food price anomalies,Sub-indicator: Consumer Food Price Index
Mali,2019,-0.79,2.c.1 Indicator of food price anomalies,Sub-indicator: Consumer Food Price Index
Brunei Darussalam,2011,0.05,2.c.1 Indicator of food price anomalies,Sub-indicator: Consumer Food Price Index
Brunei Darussalam,2012,0.1,2.c.1 Indicator of food price anomalies,Sub-indicator: Consumer Food Price Index
Brunei Darussalam,2013,-0.3,2.c.1 Indicator of food price anomalies,Sub-indicator: Consumer Food Price Index
Brunei Darussalam,2014,-1.22,2.c.1 Indicator of food price anomalies,Sub-indicator: Consumer Food Price Index
Brunei Darussalam,2015,2.24,2.c.1 Indicator of food price anomalies,Sub-indicator: Consumer Food Price Index
Brunei Darussalam,2016,-0.38,2.c.1 Indicator of food price anomalies,Sub-indicator: Consumer Food Price Index
Brunei Darussalam,2017,1.56,2.c.1 Indicator of food price anomalies,Sub-indicator: Consumer Food Price Index
Brunei Darussalam,2018,0.56,2.c.1 Indicator of food price anomalies,Sub-indicator: Consumer Food Price Index
Mali,2020,0.7,2.c.1 Indicator of food price anomalies,Sub-indicator: Consumer Food Price Index
Mali,2021,0.36,2.c.1 Indicator of food price anomalies,Sub-indicator: Consumer Food Price Index
Mali,2022,1.19,2.c.1 Indicator of food price anomalies,Sub-indicator: Consumer Food Price Index
Mali,2023,-0.2,2.c.1 Indicator of food price anomalies,Sub-indicator: Consumer Food Price Index
Malta,2010,-1.86,2.c.1 Indicator of food price anomalies,Sub-indicator: Consumer Food Price Index
Malta,2011,-0.54,2.c.1 Indicator of food price anomalies,Sub-indicator: Consumer Food Price Index
Malta,2012,0.18,2.c.1 Indicator of food price anomalies,Sub-indicator: Consumer Food Price Index
Malta,2013,0.35,2.c.1 Indicator of food price anomalies,Sub-indicator: Consumer Food Price Index
Malta,2014,-0.56,2.c.1 Indicator of food price anomalies,Sub-indicator: Consumer Food Price Index
Brunei Darussalam,2019,-0.62,2.c.1 Indicator of food price anomalies,Sub-indicator: Consumer Food Price Index
Brunei Darussalam,2020,0.44,2.c.1 Indicator of food price anomalies,Sub-indicator: Consumer Food Price Index
Brunei Darussalam,2021,0.22,2.c.1 Indicator of food price anomalies,Sub-indicator: Consumer Food Price Index
Brunei Darussalam,2022,0.99,2.c.1 Indicator of food price anomalies,Sub-indicator: Consumer Food Price Index
Brunei Darussalam,2023,1.38,2.c.1 Indicator of food price anomalies,Sub-indicator: Consumer Food Price Index
Bulgaria,2010,-0.41,2.c.1 Indicator of food price anomalies,Sub-indicator: Consumer Food Price Index
Bulgaria,2011,0.82,2.c.1 Indicator of food price anomalies,Sub-indicator: Consumer Food Price Index
Bulgaria,2012,0.0,2.c.1 Indicator of food price anomalies,Sub-indicator: Consumer Food Price Index
Malta,2015,-0.06,2.c.1 Indicator of food price anomalies,Sub-indicator: Consumer Food Price Index
Malta,2016,0.14,2.c.1 Indicator of food price anomalies,Sub-indicator: Consumer Food Price Index
Malta,2017,-0.04,2.c.1 Indicator of food price anomalies,Sub-indicator: Consumer Food Price Index
Malta,2018,0.21,2.c.1 Indicator of food price anomalies,Sub-indicator: Consumer Food Price Index
Malta,2019,-0.2,2.c.1 Indicator of food price anomalies,Sub-indicator: Consumer Food Price Index
Malta,2020,-0.24,2.c.1 Indicator of food price anomalies,Sub-indicator: Consumer Food Price Index
Malta,2021,-0.28,2.c.1 Indicator of food price anomalies,Sub-indicator: Consumer Food Price Index
Malta,2022,1.46,2.c.1 Indicator of food price anomalies,Sub-indicator: Consumer Food Price Index
Malta,2023,1.04,2.c.1 Indicator of food price anomalies,Sub-indicator: Consumer Food Price Index
Bulgaria,2013,0.35,2.c.1 Indicator of food price anomalies,Sub-indicator: Consumer Food Price Index
Bulgaria,2014,-0.1,2.c.1 Indicator of food price anomalies,Sub-indicator: Consumer Food Price Index
Bulgaria,2015,-0.02,2.c.1 Indicator of food price anomalies,Sub-indicator: Consumer Food Price Index
Bulgaria,2016,-0.03,2.c.1 Indicator of food price anomalies,Sub-indicator: Consumer Food Price Index
Bulgaria,2017,0.5,2.c.1 Indicator of food price anomalies,Sub-indicator: Consumer Food Price Index
Bulgaria,2018,-0.53,2.c.1 Indicator of food price anomalies,Sub-indicator: Consumer Food Price Index
Bulgaria,2019,0.68,2.c.1 Indicator of food price anomalies,Sub-indicator: Consumer Food Price Index
Bulgaria,2020,1.06,2.c.1 Indicator of food price anomalies,Sub-indicator: Consumer Food Price Index
Bulgaria,2021,-0.54,2.c.1 Indicator of food price anomalies,Sub-indicator: Consumer Food Price Index
Martinique,2010,-4.99,2.c.1 Indicator of food price anomalies,Sub-indicator: Consumer Food Price Index
Martinique,2011,-1.39,2.c.1 Indicator of food price anomalies,Sub-indicator: Consumer Food Price Index
Martinique,2012,1.44,2.c.1 Indicator of food price anomalies,Sub-indicator: Consumer Food Price Index
Martinique,2013,0.67,2.c.1 Indicator of food price anomalies,Sub-indicator: Consumer Food Price Index
Martinique,2014,-0.06,2.c.1 Indicator of food price anomalies,Sub-indicator: Consumer Food Price Index
Martinique,2015,0.54,2.c.1 Indicator of food price anomalies,Sub-indicator: Consumer Food Price Index
Martinique,2016,0.34,2.c.1 Indicator of food price anomalies,Sub-indicator: Consumer Food Price Index
Martinique,2017,-0.15,2.c.1 Indicator of food price anomalies,Sub-indicator: Consumer Food Price Index
Bulgaria,2022,2.12,2.c.1 Indicator of food price anomalies,Sub-indicator: Consumer Food Price Index
Bulgaria,2023,0.6,2.c.1 Indicator of food price anomalies,Sub-indicator: Consumer Food Price Index
Myanmar,2010,1.26,2.c.1 Indicator of food price anomalies,Sub-indicator: Consumer Food Price Index
Myanmar,2011,-0.3,2.c.1 Indicator of food price anomalies,Sub-indicator: Consumer Food Price Index
Myanmar,2012,3.37,2.c.1 Indicator of food price anomalies,Sub-indicator: Consumer Food Price Index
Myanmar,2013,4.32,2.c.1 Indicator of food price anomalies,Sub-indicator: Consumer Food Price Index
Myanmar,2014,-0.14,2.c.1 Indicator of food price anomalies,Sub-indicator: Consumer Food Price Index
Myanmar,2015,-1.01,2.c.1 Indicator of food price anomalies,Sub-indicator: Consumer Food Price Index
Myanmar,2016,0.04,2.c.1 Indicator of food price anomalies,Sub-indicator: Consumer Food Price Index
Myanmar,2017,-0.08,2.c.1 Indicator of food price anomalies,Sub-indicator: Consumer Food Price Index
Myanmar,2018,-0.03,2.c.1 Indicator of food price anomalies,Sub-indicator: Consumer Food Price Index
Myanmar,2019,-0.04,2.c.1 Indicator of food price anomalies,Sub-indicator: Consumer Food Price Index
Myanmar,2020,-0.07,2.c.1 Indicator of food price anomalies,Sub-indicator: Consumer Food Price Index
Myanmar,2021,-0.12,2.c.1 Indicator of food price anomalies,Sub-indicator: Consumer Food Price Index
Myanmar,2022,-0.31,2.c.1 Indicator of food price anomalies,Sub-indicator: Consumer Food Price Index
Myanmar,2023,0.45,2.c.1 Indicator of food price anomalies,Sub-indicator: Consumer Food Price Index
Burundi,2010,-1.25,2.c.1 Indicator of food price anomalies,Sub-indicator: Consumer Food Price Index
Burundi,2011,-0.35,2.c.1 Indicator of food price anomalies,Sub-indicator: Consumer Food Price Index
Burundi,2012,-0.93,2.c.1 Indicator of food price anomalies,Sub-indicator: Consumer Food Price Index
Burundi,2013,0.35,2.c.1 Indicator of food price anomalies,Sub-indicator: Consumer Food Price Index
Burundi,2014,-0.48,2.c.1 Indicator of food price anomalies,Sub-indicator: Consumer Food Price Index
Burundi,2015,0.38,2.c.1 Indicator of food price anomalies,Sub-indicator: Consumer Food Price Index
Burundi,2016,0.45,2.c.1 Indicator of food price anomalies,Sub-indicator: Consumer Food Price Index
Burundi,2017,1.52,2.c.1 Indicator of food price anomalies,Sub-indicator: Consumer Food Price Index
Burundi,2018,-2.05,2.c.1 Indicator of food price anomalies,Sub-indicator: Consumer Food Price Index
Burundi,2019,-0.13,2.c.1 Indicator of food price anomalies,Sub-indicator: Consumer Food Price Index
Burundi,2020,0.76,2.c.1 Indicator of food price anomalies,Sub-indicator: Consumer Food Price Index
Burundi,2021,0.29,2.c.1 Indicator of food price anomalies,Sub-indicator: Consumer Food Price Index
Burundi,2022,0.9,2.c.1 Indicator of food price anomalies,Sub-indicator: Consumer Food Price Index
Burundi,2023,0.99,2.c.1 Indicator of food price anomalies,Sub-indicator: Consumer Food Price Index
Belarus,2010,-0.11,2.c.1 Indicator of food price anomalies,Sub-indicator: Consumer Food Price Index
Belarus,2011,2.08,2.c.1 Indicator of food price anomalies,Sub-indicator: Consumer Food Price Index
Belarus,2012,-1.61,2.c.1 Indicator of food price anomalies,Sub-indicator: Consumer Food Price Index
Belarus,2013,-2.0,2.c.1 Indicator of food price anomalies,Sub-indicator: Consumer Food Price Index
Belarus,2014,-0.05,2.c.1 Indicator of food price anomalies,Sub-indicator: Consumer Food Price Index
Belarus,2015,-0.22,2.c.1 Indicator of food price anomalies,Sub-indicator: Consumer Food Price Index
Belarus,2016,-0.16,2.c.1 Indicator of food price anomalies,Sub-indicator: Consumer Food Price Index
Belarus,2017,0.23,2.c.1 Indicator of food price anomalies,Sub-indicator: Consumer Food Price Index
Belarus,2018,-0.13,2.c.1 Indicator of food price anomalies,Sub-indicator: Consumer Food Price Index
Belarus,2019,0.19,2.c.1 Indicator of food price anomalies,Sub-indicator: Consumer Food Price Index
Belarus,2020,-0.32,2.c.1 Indicator of food price anomalies,Sub-indicator: Consumer Food Price Index
Belarus,2021,0.19,2.c.1 Indicator of food price anomalies,Sub-indicator: Consumer Food Price Index
Belarus,2022,0.36,2.c.1 Indicator of food price anomalies,Sub-indicator: Consumer Food Price Index
Belarus,2023,-0.3,2.c.1 Indicator of food price anomalies,Sub-indicator: Consumer Food Price Index
Cambodia,2010,-0.47,2.c.1 Indicator of food price anomalies,Sub-indicator: Consumer Food Price Index
Cambodia,2011,-0.25,2.c.1 Indicator of food price anomalies,Sub-indicator: Consumer Food Price Index
Cambodia,2012,-0.51,2.c.1 Indicator of food price anomalies,Sub-indicator: Consumer Food Price Index
Cambodia,2013,-0.05,2.c.1 Indicator of food price anomalies,Sub-indicator: Consumer Food Price Index
Cambodia,2014,-0.01,2.c.1 Indicator of food price anomalies,Sub-indicator: Consumer Food Price Index
Cambodia,2015,0.63,2.c.1 Indicator of food price anomalies,Sub-indicator: Consumer Food Price Index
Cambodia,2016,0.37,2.c.1 Indicator of food price anomalies,Sub-indicator: Consumer Food Price Index
Cambodia,2017,-0.78,2.c.1 Indicator of food price anomalies,Sub-indicator: Consumer Food Price Index
Cambodia,2018,-0.75,2.c.1 Indicator of food price anomalies,Sub-indicator: Consumer Food Price Index
Martinique,2018,-0.6,2.c.1 Indicator of food price anomalies,Sub-indicator: Consumer Food Price Index
Martinique,2019,-0.23,2.c.1 Indicator of food price anomalies,Sub-indicator: Consumer Food Price Index
Martinique,2020,0.69,2.c.1 Indicator of food price anomalies,Sub-indicator: Consumer Food Price Index
Martinique,2021,-2.4,2.c.1 Indicator of food price anomalies,Sub-indicator: Consumer Food Price Index
Martinique,2022,0.89,2.c.1 Indicator of food price anomalies,Sub-indicator: Consumer Food Price Index
Martinique,2023,2.2,2.c.1 Indicator of food price anomalies,Sub-indicator: Consumer Food Price Index
Mauritania,2010,2.13,2.c.1 Indicator of food price anomalies,Sub-indicator: Consumer Food Price Index
Mauritania,2011,-0.88,2.c.1 Indicator of food price anomalies,Sub-indicator: Consumer Food Price Index
Cambodia,2019,-0.53,2.c.1 Indicator of food price anomalies,Sub-indicator: Consumer Food Price Index
Cambodia,2020,0.37,2.c.1 Indicator of food price anomalies,Sub-indicator: Consumer Food Price Index
Cambodia,2021,-0.89,2.c.1 Indicator of food price anomalies,Sub-indicator: Consumer Food Price Index
Cambodia,2022,-0.52,2.c.1 Indicator of food price anomalies,Sub-indicator: Consumer Food Price Index
Cambodia,2023,0.04,2.c.1 Indicator of food price anomalies,Sub-indicator: Consumer Food Price Index
Cameroon,2010,-0.75,2.c.1 Indicator of food price anomalies,Sub-indicator: Consumer Food Price Index
Cameroon,2011,0.05,2.c.1 Indicator of food price anomalies,Sub-indicator: Consumer Food Price Index
Cameroon,2012,3.8,2.c.1 Indicator of food price anomalies,Sub-indicator: Consumer Food Price Index
Cameroon,2013,1.31,2.c.1 Indicator of food price anomalies,Sub-indicator: Consumer Food Price Index
Mauritania,2012,-2.17,2.c.1 Indicator of food price anomalies,Sub-indicator: Consumer Food Price Index
Mauritania,2013,0.36,2.c.1 Indicator of food price anomalies,Sub-indicator: Consumer Food Price Index
Mauritania,2014,1.05,2.c.1 Indicator of food price anomalies,Sub-indicator: Consumer Food Price Index
Mauritania,2015,1.14,2.c.1 Indicator of food price anomalies,Sub-indicator: Consumer Food Price Index
Mauritania,2016,-0.02,2.c.1 Indicator of food price anomalies,Sub-indicator: Consumer Food Price Index
Mauritania,2017,-0.03,2.c.1 Indicator of food price anomalies,Sub-indicator: Consumer Food Price Index
Mauritania,2018,0.18,2.c.1 Indicator of food price anomalies,Sub-indicator: Consumer Food Price Index
Mauritania,2019,-0.62,2.c.1 Indicator of food price anomalies,Sub-indicator: Consumer Food Price Index
Cameroon,2014,-3.43,2.c.1 Indicator of food price anomalies,Sub-indicator: Consumer Food Price Index
Cameroon,2015,-1.3,2.c.1 Indicator of food price anomalies,Sub-indicator: Consumer Food Price Index
Cameroon,2016,-0.16,2.c.1 Indicator of food price anomalies,Sub-indicator: Consumer Food Price Index
Cameroon,2017,-0.42,2.c.1 Indicator of food price anomalies,Sub-indicator: Consumer Food Price Index
Cameroon,2018,0.14,2.c.1 Indicator of food price anomalies,Sub-indicator: Consumer Food Price Index
Cameroon,2019,0.24,2.c.1 Indicator of food price anomalies,Sub-indicator: Consumer Food Price Index
Cameroon,2020,0.84,2.c.1 Indicator of food price anomalies,Sub-indicator: Consumer Food Price Index
Cameroon,2021,1.58,2.c.1 Indicator of food price anomalies,Sub-indicator: Consumer Food Price Index
Cameroon,2022,4.22,2.c.1 Indicator of food price anomalies,Sub-indicator: Consumer Food Price Index
Cameroon,2023,0.47,2.c.1 Indicator of food price anomalies,Sub-indicator: Consumer Food Price Index
Canada,2010,-0.82,2.c.1 Indicator of food price anomalies,Sub-indicator: Consumer Food Price Index
Canada,2011,0.31,2.c.1 Indicator of food price anomalies,Sub-indicator: Consumer Food Price Index
Canada,2012,-0.29,2.c.1 Indicator of food price anomalies,Sub-indicator: Consumer Food Price Index
Canada,2013,-0.44,2.c.1 Indicator of food price anomalies,Sub-indicator: Consumer Food Price Index
Canada,2014,-0.05,2.c.1 Indicator of food price anomalies,Sub-indicator: Consumer Food Price Index
Canada,2015,0.79,2.c.1 Indicator of food price anomalies,Sub-indicator: Consumer Food Price Index
Canada,2016,-1.35,2.c.1 Indicator of food price anomalies,Sub-indicator: Consumer Food Price Index
Canada,2017,-1.12,2.c.1 Indicator of food price anomalies,Sub-indicator: Consumer Food Price Index
Canada,2018,-0.61,2.c.1 Indicator of food price anomalies,Sub-indicator: Consumer Food Price Index
Canada,2019,0.54,2.c.1 Indicator of food price anomalies,Sub-indicator: Consumer Food Price Index
Canada,2020,0.34,2.c.1 Indicator of food price anomalies,Sub-indicator: Consumer Food Price Index
Canada,2021,-0.46,2.c.1 Indicator of food price anomalies,Sub-indicator: Consumer Food Price Index
Canada,2022,1.11,2.c.1 Indicator of food price anomalies,Sub-indicator: Consumer Food Price Index
Canada,2023,0.89,2.c.1 Indicator of food price anomalies,Sub-indicator: Consumer Food Price Index
Cabo Verde,2010,-0.72,2.c.1 Indicator of food price anomalies,Sub-indicator: Consumer Food Price Index
Cabo Verde,2011,-0.25,2.c.1 Indicator of food price anomalies,Sub-indicator: Consumer Food Price Index
Cabo Verde,2012,-0.39,2.c.1 Indicator of food price anomalies,Sub-indicator: Consumer Food Price Index
Cabo Verde,2013,-1.45,2.c.1 Indicator of food price anomalies,Sub-indicator: Consumer Food Price Index
Cabo Verde,2014,-0.64,2.c.1 Indicator of food price anomalies,Sub-indicator: Consumer Food Price Index
Cabo Verde,2015,0.78,2.c.1 Indicator of food price anomalies,Sub-indicator: Consumer Food Price Index
Cabo Verde,2016,0.24,2.c.1 Indicator of food price anomalies,Sub-indicator: Consumer Food Price Index
Cabo Verde,2017,-0.89,2.c.1 Indicator of food price anomalies,Sub-indicator: Consumer Food Price Index
Cabo Verde,2018,-0.58,2.c.1 Indicator of food price anomalies,Sub-indicator: Consumer Food Price Index
Cabo Verde,2019,0.29,2.c.1 Indicator of food price anomalies,Sub-indicator: Consumer Food Price Index
Cabo Verde,2020,0.48,2.c.1 Indicator of food price anomalies,Sub-indicator: Consumer Food Price Index
Cabo Verde,2021,-0.67,2.c.1 Indicator of food price anomalies,Sub-indicator: Consumer Food Price Index
Cabo Verde,2022,4.09,2.c.1 Indicator of food price anomalies,Sub-indicator: Consumer Food Price Index
Cabo Verde,2023,1.23,2.c.1 Indicator of food price anomalies,Sub-indicator: Consumer Food Price Index
Cayman Islands,2010,0.02,2.c.1 Indicator of food price anomalies,Sub-indicator: Consumer Food Price Index
Cayman Islands,2011,-0.47,2.c.1 Indicator of food price anomalies,Sub-indicator: Consumer Food Price Index
Cayman Islands,2012,0.08,2.c.1 Indicator of food price anomalies,Sub-indicator: Consumer Food Price Index
Cayman Islands,2013,-1.03,2.c.1 Indicator of food price anomalies,Sub-indicator: Consumer Food Price Index
Cayman Islands,2014,-0.58,2.c.1 Indicator of food price anomalies,Sub-indicator: Consumer Food Price Index
Cayman Islands,2015,0.83,2.c.1 Indicator of food price anomalies,Sub-indicator: Consumer Food Price Index
Cayman Islands,2016,-0.92,2.c.1 Indicator of food price anomalies,Sub-indicator: Consumer Food Price Index
Cayman Islands,2017,-1.41,2.c.1 Indicator of food price anomalies,Sub-indicator: Consumer Food Price Index
Cayman Islands,2018,-0.2,2.c.1 Indicator of food price anomalies,Sub-indicator: Consumer Food Price Index
Cayman Islands,2019,-2.03,2.c.1 Indicator of food price anomalies,Sub-indicator: Consumer Food Price Index
Cayman Islands,2020,0.9,2.c.1 Indicator of food price anomalies,Sub-indicator: Consumer Food Price Index
Cayman Islands,2021,-0.44,2.c.1 Indicator of food price anomalies,Sub-indicator: Consumer Food Price Index
Cayman Islands,2022,-0.23,2.c.1 Indicator of food price anomalies,Sub-indicator: Consumer Food Price Index
Cayman Islands,2023,0.18,2.c.1 Indicator of food price anomalies,Sub-indicator: Consumer Food Price Index
Sri Lanka,2010,-0.58,2.c.1 Indicator of food price anomalies,Sub-indicator: Consumer Food Price Index
Sri Lanka,2011,-0.46,2.c.1 Indicator of food price anomalies,Sub-indicator: Consumer Food Price Index
Sri Lanka,2012,-0.08,2.c.1 Indicator of food price anomalies,Sub-indicator: Consumer Food Price Index
Sri Lanka,2013,-0.28,2.c.1 Indicator of food price anomalies,Sub-indicator: Consumer Food Price Index
Sri Lanka,2014,0.75,2.c.1 Indicator of food price anomalies,Sub-indicator: Consumer Food Price Index
Sri Lanka,2015,-0.97,2.c.1 Indicator of food price anomalies,Sub-indicator: Consumer Food Price Index
Sri Lanka,2016,-1.22,2.c.1 Indicator of food price anomalies,Sub-indicator: Consumer Food Price Index
Sri Lanka,2017,1.14,2.c.1 Indicator of food price anomalies,Sub-indicator: Consumer Food Price Index
Sri Lanka,2018,-1.88,2.c.1 Indicator of food price anomalies,Sub-indicator: Consumer Food Price Index
Sri Lanka,2019,-1.09,2.c.1 Indicator of food price anomalies,Sub-indicator: Consumer Food Price Index
Sri Lanka,2020,1.27,2.c.1 Indicator of food price anomalies,Sub-indicator: Consumer Food Price Index
Sri Lanka,2021,0.72,2.c.1 Indicator of food price anomalies,Sub-indicator: Consumer Food Price Index
Sri Lanka,2022,1.22,2.c.1 Indicator of food price anomalies,Sub-indicator: Consumer Food Price Index
Sri Lanka,2023,-1.47,2.c.1 Indicator of food price anomalies,Sub-indicator: Consumer Food Price Index
Chad,2010,-0.92,2.c.1 Indicator of food price anomalies,Sub-indicator: Consumer Food Price Index
Chad,2011,-0.06,2.c.1 Indicator of food price anomalies,Sub-indicator: Consumer Food Price Index
Chad,2012,1.22,2.c.1 Indicator of food price anomalies,Sub-indicator: Consumer Food Price Index
Chad,2013,-1.28,2.c.1 Indicator of food price anomalies,Sub-indicator: Consumer Food Price Index
Chad,2014,0.06,2.c.1 Indicator of food price anomalies,Sub-indicator: Consumer Food Price Index
Chad,2015,-2.96,2.c.1 Indicator of food price anomalies,Sub-indicator: Consumer Food Price Index
Chad,2016,-0.59,2.c.1 Indicator of food price anomalies,Sub-indicator: Consumer Food Price Index
Chad,2017,-0.06,2.c.1 Indicator of food price anomalies,Sub-indicator: Consumer Food Price Index
Chad,2018,-0.99,2.c.1 Indicator of food price anomalies,Sub-indicator: Consumer Food Price Index
Chad,2019,-0.32,2.c.1 Indicator of food price anomalies,Sub-indicator: Consumer Food Price Index
Chad,2020,1.33,2.c.1 Indicator of food price anomalies,Sub-indicator: Consumer Food Price Index
Chad,2021,0.22,2.c.1 Indicator of food price anomalies,Sub-indicator: Consumer Food Price Index
Chad,2022,1.42,2.c.1 Indicator of food price anomalies,Sub-indicator: Consumer Food Price Index
Chad,2023,0.76,2.c.1 Indicator of food price anomalies,Sub-indicator: Consumer Food Price Index
Chile,2010,-0.87,2.c.1 Indicator of food price anomalies,Sub-indicator: Consumer Food Price Index
Chile,2011,-0.04,2.c.1 Indicator of food price anomalies,Sub-indicator: Consumer Food Price Index
Chile,2012,0.31,2.c.1 Indicator of food price anomalies,Sub-indicator: Consumer Food Price Index
Chile,2013,-0.45,2.c.1 Indicator of food price anomalies,Sub-indicator: Consumer Food Price Index
Chile,2014,-0.29,2.c.1 Indicator of food price anomalies,Sub-indicator: Consumer Food Price Index
Chile,2015,-0.5,2.c.1 Indicator of food price anomalies,Sub-indicator: Consumer Food Price Index
Chile,2016,-1.15,2.c.1 Indicator of food price anomalies,Sub-indicator: Consumer Food Price Index
Chile,2017,-1.03,2.c.1 Indicator of food price anomalies,Sub-indicator: Consumer Food Price Index
Chile,2018,-0.52,2.c.1 Indicator of food price anomalies,Sub-indicator: Consumer Food Price Index
Chile,2019,-0.6,2.c.1 Indicator of food price anomalies,Sub-indicator: Consumer Food Price Index
Chile,2020,0.89,2.c.1 Indicator of food price anomalies,Sub-indicator: Consumer Food Price Index
Chile,2021,-0.62,2.c.1 Indicator of food price anomalies,Sub-indicator: Consumer Food Price Index
Chile,2022,1.77,2.c.1 Indicator of food price anomalies,Sub-indicator: Consumer Food Price Index
Chile,2023,0.63,2.c.1 Indicator of food price anomalies,Sub-indicator: Consumer Food Price Index
China,2010,0.11,2.c.1 Indicator of food price anomalies,Sub-indicator: Consumer Food Price Index
China,2011,0.26,2.c.1 Indicator of food price anomalies,Sub-indicator: Consumer Food Price Index
China,2012,-0.91,2.c.1 Indicator of food price anomalies,Sub-indicator: Consumer Food Price Index
China,2013,-0.62,2.c.1 Indicator of food price anomalies,Sub-indicator: Consumer Food Price Index
China,2014,-0.75,2.c.1 Indicator of food price anomalies,Sub-indicator: Consumer Food Price Index
China,2015,-0.68,2.c.1 Indicator of food price anomalies,Sub-indicator: Consumer Food Price Index
China,2016,-0.5,2.c.1 Indicator of food price anomalies,Sub-indicator: Consumer Food Price Index
China,2017,-1.44,2.c.1 Indicator of food price anomalies,Sub-indicator: Consumer Food Price Index
China,2018,-0.53,2.c.1 Indicator of food price anomalies,Sub-indicator: Consumer Food Price Index
China,2019,1.72,2.c.1 Indicator of food price anomalies,Sub-indicator: Consumer Food Price Index
China,2020,0.52,2.c.1 Indicator of food price anomalies,Sub-indicator: Consumer Food Price Index
China,2021,-1.91,2.c.1 Indicator of food price anomalies,Sub-indicator: Consumer Food Price Index
China,2022,0.06,2.c.1 Indicator of food price anomalies,Sub-indicator: Consumer Food Price Index
China,2023,-0.63,2.c.1 Indicator of food price anomalies,Sub-indicator: Consumer Food Price Index
Colombia,2010,-2.05,2.c.1 Indicator of food price anomalies,Sub-indicator: Consumer Food Price Index
Colombia,2011,0.47,2.c.1 Indicator of food price anomalies,Sub-indicator: Consumer Food Price Index
Colombia,2012,-0.14,2.c.1 Indicator of food price anomalies,Sub-indicator: Consumer Food Price Index
Colombia,2013,-0.71,2.c.1 Indicator of food price anomalies,Sub-indicator: Consumer Food Price Index
Colombia,2014,0.18,2.c.1 Indicator of food price anomalies,Sub-indicator: Consumer Food Price Index
Colombia,2015,1.47,2.c.1 Indicator of food price anomalies,Sub-indicator: Consumer Food Price Index
Colombia,2016,1.22,2.c.1 Indicator of food price anomalies,Sub-indicator: Consumer Food Price Index
Colombia,2017,-1.31,2.c.1 Indicator of food price anomalies,Sub-indicator: Consumer Food Price Index
Colombia,2018,-0.69,2.c.1 Indicator of food price anomalies,Sub-indicator: Consumer Food Price Index
Colombia,2019,0.42,2.c.1 Indicator of food price anomalies,Sub-indicator: Consumer Food Price Index
Colombia,2020,0.64,2.c.1 Indicator of food price anomalies,Sub-indicator: Consumer Food Price Index
Colombia,2021,1.73,2.c.1 Indicator of food price anomalies,Sub-indicator: Consumer Food Price Index
Colombia,2022,2.77,2.c.1 Indicator of food price anomalies,Sub-indicator: Consumer Food Price Index
Mauritania,2020,-0.86,2.c.1 Indicator of food price anomalies,Sub-indicator: Consumer Food Price Index
Mauritania,2021,1.22,2.c.1 Indicator of food price anomalies,Sub-indicator: Consumer Food Price Index
Mauritania,2022,3.91,2.c.1 Indicator of food price anomalies,Sub-indicator: Consumer Food Price Index
Mauritania,2023,-0.74,2.c.1 Indicator of food price anomalies,Sub-indicator: Consumer Food Price Index
Mauritius,2010,-0.9,2.c.1 Indicator of food price anomalies,Sub-indicator: Consumer Food Price Index
Mauritius,2011,-1.1,2.c.1 Indicator of food price anomalies,Sub-indicator: Consumer Food Price Index
Mauritius,2012,-0.84,2.c.1 Indicator of food price anomalies,Sub-indicator: Consumer Food Price Index
Mauritius,2013,-0.21,2.c.1 Indicator of food price anomalies,Sub-indicator: Consumer Food Price Index
Colombia,2023,-0.24,2.c.1 Indicator of food price anomalies,Sub-indicator: Consumer Food Price Index
Comoros,2010,0.0,2.c.1 Indicator of food price anomalies,Sub-indicator: Consumer Food Price Index
Comoros,2011,0.5,2.c.1 Indicator of food price anomalies,Sub-indicator: Consumer Food Price Index
Comoros,2012,0.55,2.c.1 Indicator of food price anomalies,Sub-indicator: Consumer Food Price Index
Comoros,2013,0.28,2.c.1 Indicator of food price anomalies,Sub-indicator: Consumer Food Price Index
Comoros,2014,0.74,2.c.1 Indicator of food price anomalies,Sub-indicator: Consumer Food Price Index
Comoros,2015,0.26,2.c.1 Indicator of food price anomalies,Sub-indicator: Consumer Food Price Index
Comoros,2016,0.52,2.c.1 Indicator of food price anomalies,Sub-indicator: Consumer Food Price Index
Comoros,2017,0.06,2.c.1 Indicator of food price anomalies,Sub-indicator: Consumer Food Price Index
Mauritius,2014,-0.5,2.c.1 Indicator of food price anomalies,Sub-indicator: Consumer Food Price Index
Mauritius,2015,0.34,2.c.1 Indicator of food price anomalies,Sub-indicator: Consumer Food Price Index
Mauritius,2016,-0.12,2.c.1 Indicator of food price anomalies,Sub-indicator: Consumer Food Price Index
Mauritius,2017,-0.4,2.c.1 Indicator of food price anomalies,Sub-indicator: Consumer Food Price Index
Mauritius,2018,-0.46,2.c.1 Indicator of food price anomalies,Sub-indicator: Consumer Food Price Index
Mauritius,2019,-0.03,2.c.1 Indicator of food price anomalies,Sub-indicator: Consumer Food Price Index
Mauritius,2020,0.88,2.c.1 Indicator of food price anomalies,Sub-indicator: Consumer Food Price Index
Mauritius,2021,0.11,2.c.1 Indicator of food price anomalies,Sub-indicator: Consumer Food Price Index
Mauritius,2022,0.85,2.c.1 Indicator of food price anomalies,Sub-indicator: Consumer Food Price Index
Mauritius,2023,-0.1,2.c.1 Indicator of food price anomalies,Sub-indicator: Consumer Food Price Index
Mexico,2010,-5.24,2.c.1 Indicator of food price anomalies,Sub-indicator: Consumer Food Price Index
Mexico,2011,-0.31,2.c.1 Indicator of food price anomalies,Sub-indicator: Consumer Food Price Index
Mexico,2012,1.25,2.c.1 Indicator of food price anomalies,Sub-indicator: Consumer Food Price Index
Mexico,2013,-0.29,2.c.1 Indicator of food price anomalies,Sub-indicator: Consumer Food Price Index
Mexico,2014,-0.35,2.c.1 Indicator of food price anomalies,Sub-indicator: Consumer Food Price Index
Mexico,2015,-0.27,2.c.1 Indicator of food price anomalies,Sub-indicator: Consumer Food Price Index
Mexico,2016,0.08,2.c.1 Indicator of food price anomalies,Sub-indicator: Consumer Food Price Index
Comoros,2018,0.03,2.c.1 Indicator of food price anomalies,Sub-indicator: Consumer Food Price Index
Comoros,2019,0.41,2.c.1 Indicator of food price anomalies,Sub-indicator: Consumer Food Price Index
Comoros,2020,-0.99,2.c.1 Indicator of food price anomalies,Sub-indicator: Consumer Food Price Index
Comoros,2021,-0.86,2.c.1 Indicator of food price anomalies,Sub-indicator: Consumer Food Price Index
Comoros,2022,0.04,2.c.1 Indicator of food price anomalies,Sub-indicator: Consumer Food Price Index
Comoros,2023,0.04,2.c.1 Indicator of food price anomalies,Sub-indicator: Consumer Food Price Index
"Congo, Rep.",2010,0.46,2.c.1 Indicator of food price anomalies,Sub-indicator: Consumer Food Price Index
"Congo, Rep.",2011,0.44,2.c.1 Indicator of food price anomalies,Sub-indicator: Consumer Food Price Index
"Congo, Rep.",2012,1.27,2.c.1 Indicator of food price anomalies,Sub-indicator: Consumer Food Price Index
"Congo, Rep.",2013,0.2,2.c.1 Indicator of food price anomalies,Sub-indicator: Consumer Food Price Index
"Congo, Rep.",2014,-1.42,2.c.1 Indicator of food price anomalies,Sub-indicator: Consumer Food Price Index
"Congo, Rep.",2015,0.04,2.c.1 Indicator of food price anomalies,Sub-indicator: Consumer Food Price Index
"Congo, Rep.",2016,-0.89,2.c.1 Indicator of food price anomalies,Sub-indicator: Consumer Food Price Index
"Congo, Rep.",2017,-0.26,2.c.1 Indicator of food price anomalies,Sub-indicator: Consumer Food Price Index
"Congo, Rep.",2018,-0.14,2.c.1 Indicator of food price anomalies,Sub-indicator: Consumer Food Price Index
"Congo, Rep.",2019,-0.36,2.c.1 Indicator of food price anomalies,Sub-indicator: Consumer Food Price Index
"Congo, Rep.",2020,0.34,2.c.1 Indicator of food price anomalies,Sub-indicator: Consumer Food Price Index
"Congo, Rep.",2021,0.75,2.c.1 Indicator of food price anomalies,Sub-indicator: Consumer Food Price Index
Mexico,2017,-0.42,2.c.1 Indicator of food price anomalies,Sub-indicator: Consumer Food Price Index
Mexico,2018,-0.65,2.c.1 Indicator of food price anomalies,Sub-indicator: Consumer Food Price Index
Mexico,2019,-0.29,2.c.1 Indicator of food price anomalies,Sub-indicator: Consumer Food Price Index
Mexico,2020,0.89,2.c.1 Indicator of food price anomalies,Sub-indicator: Consumer Food Price Index
Mexico,2021,0.24,2.c.1 Indicator of food price anomalies,Sub-indicator: Consumer Food Price Index
Mexico,2022,1.5,2.c.1 Indicator of food price anomalies,Sub-indicator: Consumer Food Price Index
Mexico,2023,0.12,2.c.1 Indicator of food price anomalies,Sub-indicator: Consumer Food Price Index
Mongolia,2010,0.23,2.c.1 Indicator of food price anomalies,Sub-indicator: Consumer Food Price Index
Mongolia,2011,-0.09,2.c.1 Indicator of food price anomalies,Sub-indicator: Consumer Food Price Index
"Congo, Rep.",2022,1.06,2.c.1 Indicator of food price anomalies,Sub-indicator: Consumer Food Price Index
"Congo, Rep.",2023,0.0,2.c.1 Indicator of food price anomalies,Sub-indicator: Consumer Food Price Index
"Congo, Dem. Rep.",2010,4.1,2.c.1 Indicator of food price anomalies,Sub-indicator: Consumer Food Price Index
"Congo, Dem. Rep.",2011,-0.2,2.c.1 Indicator of food price anomalies,Sub-indicator: Consumer Food Price Index
"Congo, Dem. Rep.",2012,-1.79,2.c.1 Indicator of food price anomalies,Sub-indicator: Consumer Food Price Index
"Congo, Dem. Rep.",2013,0.21,2.c.1 Indicator of food price anomalies,Sub-indicator: Consumer Food Price Index
"Congo, Dem. Rep.",2014,1.9,2.c.1 Indicator of food price anomalies,Sub-indicator: Consumer Food Price Index
"Congo, Dem. Rep.",2015,1.08,2.c.1 Indicator of food price anomalies,Sub-indicator: Consumer Food Price Index
Mongolia,2012,0.47,2.c.1 Indicator of food price anomalies,Sub-indicator: Consumer Food Price Index
Mongolia,2013,-0.3,2.c.1 Indicator of food price anomalies,Sub-indicator: Consumer Food Price Index
Mongolia,2014,-0.81,2.c.1 Indicator of food price anomalies,Sub-indicator: Consumer Food Price Index
Mongolia,2015,-1.08,2.c.1 Indicator of food price anomalies,Sub-indicator: Consumer Food Price Index
Mongolia,2016,-0.28,2.c.1 Indicator of food price anomalies,Sub-indicator: Consumer Food Price Index
Mongolia,2017,0.28,2.c.1 Indicator of food price anomalies,Sub-indicator: Consumer Food Price Index
Mongolia,2018,0.12,2.c.1 Indicator of food price anomalies,Sub-indicator: Consumer Food Price Index
Mongolia,2019,0.83,2.c.1 Indicator of food price anomalies,Sub-indicator: Consumer Food Price Index
Mongolia,2020,0.7,2.c.1 Indicator of food price anomalies,Sub-indicator: Consumer Food Price Index
"Congo, Dem. Rep.",2016,-0.04,2.c.1 Indicator of food price anomalies,Sub-indicator: Consumer Food Price Index
"Congo, Dem. Rep.",2017,-55.71,2.c.1 Indicator of food price anomalies,Sub-indicator: Consumer Food Price Index
"Congo, Dem. Rep.",2018,-14.91,2.c.1 Indicator of food price anomalies,Sub-indicator: Consumer Food Price Index
"Congo, Dem. Rep.",2019,-0.47,2.c.1 Indicator of food price anomalies,Sub-indicator: Consumer Food Price Index
"Congo, Dem. Rep.",2020,0.33,2.c.1 Indicator of food price anomalies,Sub-indicator: Consumer Food Price Index
"Congo, Dem. Rep.",2021,0.33,2.c.1 Indicator of food price anomalies,Sub-indicator: Consumer Food Price Index
"Congo, Dem. Rep.",2022,0.33,2.c.1 Indicator of food price anomalies,Sub-indicator: Consumer Food Price Index
"Congo, Dem. Rep.",2023,0.32,2.c.1 Indicator of food price anomalies,Sub-indicator: Consumer Food Price Index
Cook Islands,2010,3.49,2.c.1 Indicator of food price anomalies,Sub-indicator: Consumer Food Price Index
Cook Islands,2011,0.22,2.c.1 Indicator of food price anomalies,Sub-indicator: Consumer Food Price Index
Cook Islands,2012,0.94,2.c.1 Indicator of food price anomalies,Sub-indicator: Consumer Food Price Index
Cook Islands,2013,0.24,2.c.1 Indicator of food price anomalies,Sub-indicator: Consumer Food Price Index
Cook Islands,2014,0.39,2.c.1 Indicator of food price anomalies,Sub-indicator: Consumer Food Price Index
Cook Islands,2015,-0.26,2.c.1 Indicator of food price anomalies,Sub-indicator: Consumer Food Price Index
Cook Islands,2016,0.99,2.c.1 Indicator of food price anomalies,Sub-indicator: Consumer Food Price Index
Cook Islands,2017,0.63,2.c.1 Indicator of food price anomalies,Sub-indicator: Consumer Food Price Index
Cook Islands,2018,0.35,2.c.1 Indicator of food price anomalies,Sub-indicator: Consumer Food Price Index
Cook Islands,2019,0.44,2.c.1 Indicator of food price anomalies,Sub-indicator: Consumer Food Price Index
Cook Islands,2020,0.8,2.c.1 Indicator of food price anomalies,Sub-indicator: Consumer Food Price Index
Cook Islands,2021,0.46,2.c.1 Indicator of food price anomalies,Sub-indicator: Consumer Food Price Index
Cook Islands,2022,3.26,2.c.1 Indicator of food price anomalies,Sub-indicator: Consumer Food Price Index
Cook Islands,2023,1.92,2.c.1 Indicator of food price anomalies,Sub-indicator: Consumer Food Price Index
Costa Rica,2010,-0.91,2.c.1 Indicator of food price anomalies,Sub-indicator: Consumer Food Price Index
Costa Rica,2011,-0.4,2.c.1 Indicator of food price anomalies,Sub-indicator: Consumer Food Price Index
Costa Rica,2012,-0.65,2.c.1 Indicator of food price anomalies,Sub-indicator: Consumer Food Price Index
Costa Rica,2013,-0.37,2.c.1 Indicator of food price anomalies,Sub-indicator: Consumer Food Price Index
Costa Rica,2014,-0.03,2.c.1 Indicator of food price anomalies,Sub-indicator: Consumer Food Price Index
Costa Rica,2015,0.46,2.c.1 Indicator of food price anomalies,Sub-indicator: Consumer Food Price Index
Costa Rica,2016,-0.59,2.c.1 Indicator of food price anomalies,Sub-indicator: Consumer Food Price Index
Costa Rica,2017,0.04,2.c.1 Indicator of food price anomalies,Sub-indicator: Consumer Food Price Index
Costa Rica,2018,-0.34,2.c.1 Indicator of food price anomalies,Sub-indicator: Consumer Food Price Index
Costa Rica,2019,-0.34,2.c.1 Indicator of food price anomalies,Sub-indicator: Consumer Food Price Index
Costa Rica,2020,0.08,2.c.1 Indicator of food price anomalies,Sub-indicator: Consumer Food Price Index
Costa Rica,2021,0.11,2.c.1 Indicator of food price anomalies,Sub-indicator: Consumer Food Price Index
Costa Rica,2022,2.97,2.c.1 Indicator of food price anomalies,Sub-indicator: Consumer Food Price Index
Costa Rica,2023,0.28,2.c.1 Indicator of food price anomalies,Sub-indicator: Consumer Food Price Index
Croatia,2010,-0.91,2.c.1 Indicator of food price anomalies,Sub-indicator: Consumer Food Price Index
Croatia,2011,0.65,2.c.1 Indicator of food price anomalies,Sub-indicator: Consumer Food Price Index
Croatia,2012,0.05,2.c.1 Indicator of food price anomalies,Sub-indicator: Consumer Food Price Index
Croatia,2013,0.38,2.c.1 Indicator of food price anomalies,Sub-indicator: Consumer Food Price Index
Croatia,2014,-0.92,2.c.1 Indicator of food price anomalies,Sub-indicator: Consumer Food Price Index
Croatia,2015,0.44,2.c.1 Indicator of food price anomalies,Sub-indicator: Consumer Food Price Index
Croatia,2016,0.22,2.c.1 Indicator of food price anomalies,Sub-indicator: Consumer Food Price Index
Croatia,2017,0.66,2.c.1 Indicator of food price anomalies,Sub-indicator: Consumer Food Price Index
Croatia,2018,-0.46,2.c.1 Indicator of food price anomalies,Sub-indicator: Consumer Food Price Index
Croatia,2019,-0.51,2.c.1 Indicator of food price anomalies,Sub-indicator: Consumer Food Price Index
Croatia,2020,0.66,2.c.1 Indicator of food price anomalies,Sub-indicator: Consumer Food Price Index
Croatia,2021,-0.28,2.c.1 Indicator of food price anomalies,Sub-indicator: Consumer Food Price Index
Croatia,2022,2.21,2.c.1 Indicator of food price anomalies,Sub-indicator: Consumer Food Price Index
Croatia,2023,1.19,2.c.1 Indicator of food price anomalies,Sub-indicator: Consumer Food Price Index
Cyprus,2010,-2.46,2.c.1 Indicator of food price anomalies,Sub-indicator: Consumer Food Price Index
Cyprus,2011,0.27,2.c.1 Indicator of food price anomalies,Sub-indicator: Consumer Food Price Index
Cyprus,2012,-0.61,2.c.1 Indicator of food price anomalies,Sub-indicator: Consumer Food Price Index
Cyprus,2013,0.11,2.c.1 Indicator of food price anomalies,Sub-indicator: Consumer Food Price Index
Cyprus,2014,-0.07,2.c.1 Indicator of food price anomalies,Sub-indicator: Consumer Food Price Index
Cyprus,2015,0.45,2.c.1 Indicator of food price anomalies,Sub-indicator: Consumer Food Price Index
Cyprus,2016,0.16,2.c.1 Indicator of food price anomalies,Sub-indicator: Consumer Food Price Index
Cyprus,2017,-0.37,2.c.1 Indicator of food price anomalies,Sub-indicator: Consumer Food Price Index
Cyprus,2018,-0.24,2.c.1 Indicator of food price anomalies,Sub-indicator: Consumer Food Price Index
Cyprus,2019,-0.08,2.c.1 Indicator of food price anomalies,Sub-indicator: Consumer Food Price Index
Cyprus,2020,0.58,2.c.1 Indicator of food price anomalies,Sub-indicator: Consumer Food Price Index
Cyprus,2021,-1.05,2.c.1 Indicator of food price anomalies,Sub-indicator: Consumer Food Price Index
Cyprus,2022,0.29,2.c.1 Indicator of food price anomalies,Sub-indicator: Consumer Food Price Index
Cyprus,2023,0.86,2.c.1 Indicator of food price anomalies,Sub-indicator: Consumer Food Price Index
Czechia,2010,0.69,2.c.1 Indicator of food price anomalies,Sub-indicator: Consumer Food Price Index
Czechia,2011,0.83,2.c.1 Indicator of food price anomalies,Sub-indicator: Consumer Food Price Index
Czechia,2012,0.76,2.c.1 Indicator of food price anomalies,Sub-indicator: Consumer Food Price Index
Czechia,2013,0.51,2.c.1 Indicator of food price anomalies,Sub-indicator: Consumer Food Price Index
Czechia,2014,-0.01,2.c.1 Indicator of food price anomalies,Sub-indicator: Consumer Food Price Index
Czechia,2015,-0.89,2.c.1 Indicator of food price anomalies,Sub-indicator: Consumer Food Price Index
Czechia,2016,-0.63,2.c.1 Indicator of food price anomalies,Sub-indicator: Consumer Food Price Index
Czechia,2017,0.71,2.c.1 Indicator of food price anomalies,Sub-indicator: Consumer Food Price Index
Czechia,2018,-0.74,2.c.1 Indicator of food price anomalies,Sub-indicator: Consumer Food Price Index
Czechia,2019,-0.09,2.c.1 Indicator of food price anomalies,Sub-indicator: Consumer Food Price Index
Czechia,2020,0.09,2.c.1 Indicator of food price anomalies,Sub-indicator: Consumer Food Price Index
Czechia,2021,-1.26,2.c.1 Indicator of food price anomalies,Sub-indicator: Consumer Food Price Index
Czechia,2022,0.88,2.c.1 Indicator of food price anomalies,Sub-indicator: Consumer Food Price Index
Czechia,2023,-0.28,2.c.1 Indicator of food price anomalies,Sub-indicator: Consumer Food Price Index
Benin,2010,-0.24,2.c.1 Indicator of food price anomalies,Sub-indicator: Consumer Food Price Index
Benin,2011,-0.31,2.c.1 Indicator of food price anomalies,Sub-indicator: Consumer Food Price Index
Benin,2012,-0.82,2.c.1 Indicator of food price anomalies,Sub-indicator: Consumer Food Price Index
Benin,2013,-0.14,2.c.1 Indicator of food price anomalies,Sub-indicator: Consumer Food Price Index
Benin,2014,-0.37,2.c.1 Indicator of food price anomalies,Sub-indicator: Consumer Food Price Index
Benin,2015,-0.13,2.c.1 Indicator of food price anomalies,Sub-indicator: Consumer Food Price Index
Benin,2016,-0.28,2.c.1 Indicator of food price anomalies,Sub-indicator: Consumer Food Price Index
Benin,2017,-0.24,2.c.1 Indicator of food price anomalies,Sub-indicator: Consumer Food Price Index
Benin,2018,0.01,2.c.1 Indicator of food price anomalies,Sub-indicator: Consumer Food Price Index
Benin,2019,-0.69,2.c.1 Indicator of food price anomalies,Sub-indicator: Consumer Food Price Index
Benin,2020,0.01,2.c.1 Indicator of food price anomalies,Sub-indicator: Consumer Food Price Index
Benin,2021,0.91,2.c.1 Indicator of food price anomalies,Sub-indicator: Consumer Food Price Index
Benin,2022,-0.64,2.c.1 Indicator of food price anomalies,Sub-indicator: Consumer Food Price Index
Benin,2023,-0.63,2.c.1 Indicator of food price anomalies,Sub-indicator: Consumer Food Price Index
Denmark,2010,-0.96,2.c.1 Indicator of food price anomalies,Sub-indicator: Consumer Food Price Index
Denmark,2011,0.42,2.c.1 Indicator of food price anomalies,Sub-indicator: Consumer Food Price Index
Denmark,2012,0.36,2.c.1 Indicator of food price anomalies,Sub-indicator: Consumer Food Price Index
Denmark,2013,-0.55,2.c.1 Indicator of food price anomalies,Sub-indicator: Consumer Food Price Index
Denmark,2014,-0.66,2.c.1 Indicator of food price anomalies,Sub-indicator: Consumer Food Price Index
Denmark,2015,0.3,2.c.1 Indicator of food price anomalies,Sub-indicator: Consumer Food Price Index
Denmark,2016,-0.1,2.c.1 Indicator of food price anomalies,Sub-indicator: Consumer Food Price Index
Denmark,2017,0.86,2.c.1 Indicator of food price anomalies,Sub-indicator: Consumer Food Price Index
Denmark,2018,-0.69,2.c.1 Indicator of food price anomalies,Sub-indicator: Consumer Food Price Index
Denmark,2019,0.19,2.c.1 Indicator of food price anomalies,Sub-indicator: Consumer Food Price Index
Denmark,2020,0.01,2.c.1 Indicator of food price anomalies,Sub-indicator: Consumer Food Price Index
Denmark,2021,-0.82,2.c.1 Indicator of food price anomalies,Sub-indicator: Consumer Food Price Index
Denmark,2022,2.14,2.c.1 Indicator of food price anomalies,Sub-indicator: Consumer Food Price Index
Denmark,2023,1.86,2.c.1 Indicator of food price anomalies,Sub-indicator: Consumer Food Price Index
Dominica,2010,-1.32,2.c.1 Indicator of food price anomalies,Sub-indicator: Consumer Food Price Index
Dominica,2011,-0.18,2.c.1 Indicator of food price anomalies,Sub-indicator: Consumer Food Price Index
Dominica,2012,-0.33,2.c.1 Indicator of food price anomalies,Sub-indicator: Consumer Food Price Index
Dominica,2013,-0.67,2.c.1 Indicator of food price anomalies,Sub-indicator: Consumer Food Price Index
Dominica,2014,-1.12,2.c.1 Indicator of food price anomalies,Sub-indicator: Consumer Food Price Index
Dominica,2015,-0.14,2.c.1 Indicator of food price anomalies,Sub-indicator: Consumer Food Price Index
Dominica,2016,-1.08,2.c.1 Indicator of food price anomalies,Sub-indicator: Consumer Food Price Index
Dominica,2017,-1.06,2.c.1 Indicator of food price anomalies,Sub-indicator: Consumer Food Price Index
Dominica,2018,-0.17,2.c.1 Indicator of food price anomalies,Sub-indicator: Consumer Food Price Index
Dominica,2019,-0.24,2.c.1 Indicator of food price anomalies,Sub-indicator: Consumer Food Price Index
Dominica,2020,0.03,2.c.1 Indicator of food price anomalies,Sub-indicator: Consumer Food Price Index
Dominica,2021,-0.69,2.c.1 Indicator of food price anomalies,Sub-indicator: Consumer Food Price Index
Dominica,2022,-0.26,2.c.1 Indicator of food price anomalies,Sub-indicator: Consumer Food Price Index
Dominica,2023,1.98,2.c.1 Indicator of food price anomalies,Sub-indicator: Consumer Food Price Index
Dominican Republic,2010,-0.76,2.c.1 Indicator of food price anomalies,Sub-indicator: Consumer Food Price Index
Dominican Republic,2011,-0.08,2.c.1 Indicator of food price anomalies,Sub-indicator: Consumer Food Price Index
Dominican Republic,2012,0.27,2.c.1 Indicator of food price anomalies,Sub-indicator: Consumer Food Price Index
Dominican Republic,2013,-0.31,2.c.1 Indicator of food price anomalies,Sub-indicator: Consumer Food Price Index
Dominican Republic,2014,0.36,2.c.1 Indicator of food price anomalies,Sub-indicator: Consumer Food Price Index
Dominican Republic,2015,1.95,2.c.1 Indicator of food price anomalies,Sub-indicator: Consumer Food Price Index
Dominican Republic,2016,-0.51,2.c.1 Indicator of food price anomalies,Sub-indicator: Consumer Food Price Index
Dominican Republic,2017,-0.46,2.c.1 Indicator of food price anomalies,Sub-indicator: Consumer Food Price Index
Dominican Republic,2018,-0.31,2.c.1 Indicator of food price anomalies,Sub-indicator: Consumer Food Price Index
Dominican Republic,2019,0.5,2.c.1 Indicator of food price anomalies,Sub-indicator: Consumer Food Price Index
Dominican Republic,2020,0.41,2.c.1 Indicator of food price anomalies,Sub-indicator: Consumer Food Price Index
Dominican Republic,2021,0.07,2.c.1 Indicator of food price anomalies,Sub-indicator: Consumer Food Price Index
Dominican Republic,2022,0.39,2.c.1 Indicator of food price anomalies,Sub-indicator: Consumer Food Price Index
Dominican Republic,2023,0.51,2.c.1 Indicator of food price anomalies,Sub-indicator: Consumer Food Price Index
Ecuador,2010,-0.29,2.c.1 Indicator of food price anomalies,Sub-indicator: Consumer Food Price Index
Ecuador,2011,-0.03,2.c.1 Indicator of food price anomalies,Sub-indicator: Consumer Food Price Index
Ecuador,2012,-0.4,2.c.1 Indicator of food price anomalies,Sub-indicator: Consumer Food Price Index
Ecuador,2013,-0.88,2.c.1 Indicator of food price anomalies,Sub-indicator: Consumer Food Price Index
Ecuador,2014,-0.12,2.c.1 Indicator of food price anomalies,Sub-indicator: Consumer Food Price Index
Ecuador,2015,-0.39,2.c.1 Indicator of food price anomalies,Sub-indicator: Consumer Food Price Index
Ecuador,2016,-0.19,2.c.1 Indicator of food price anomalies,Sub-indicator: Consumer Food Price Index
Ecuador,2017,-0.39,2.c.1 Indicator of food price anomalies,Sub-indicator: Consumer Food Price Index
Ecuador,2018,-0.87,2.c.1 Indicator of food price anomalies,Sub-indicator: Consumer Food Price Index
Ecuador,2019,-0.31,2.c.1 Indicator of food price anomalies,Sub-indicator: Consumer Food Price Index
Ecuador,2020,0.1,2.c.1 Indicator of food price anomalies,Sub-indicator: Consumer Food Price Index
Ecuador,2021,-0.58,2.c.1 Indicator of food price anomalies,Sub-indicator: Consumer Food Price Index
Ecuador,2022,0.98,2.c.1 Indicator of food price anomalies,Sub-indicator: Consumer Food Price Index
Ecuador,2023,1.26,2.c.1 Indicator of food price anomalies,Sub-indicator: Consumer Food Price Index
El Salvador,2010,-0.87,2.c.1 Indicator of food price anomalies,Sub-indicator: Consumer Food Price Index
El Salvador,2011,-0.18,2.c.1 Indicator of food price anomalies,Sub-indicator: Consumer Food Price Index
El Salvador,2012,-0.72,2.c.1 Indicator of food price anomalies,Sub-indicator: Consumer Food Price Index
El Salvador,2013,0.32,2.c.1 Indicator of food price anomalies,Sub-indicator: Consumer Food Price Index
El Salvador,2014,0.73,2.c.1 Indicator of food price anomalies,Sub-indicator: Consumer Food Price Index
El Salvador,2015,0.14,2.c.1 Indicator of food price anomalies,Sub-indicator: Consumer Food Price Index
El Salvador,2016,-0.89,2.c.1 Indicator of food price anomalies,Sub-indicator: Consumer Food Price Index
El Salvador,2017,-0.41,2.c.1 Indicator of food price anomalies,Sub-indicator: Consumer Food Price Index
El Salvador,2018,-0.42,2.c.1 Indicator of food price anomalies,Sub-indicator: Consumer Food Price Index
El Salvador,2019,0.32,2.c.1 Indicator of food price anomalies,Sub-indicator: Consumer Food Price Index
El Salvador,2020,0.52,2.c.1 Indicator of food price anomalies,Sub-indicator: Consumer Food Price Index
El Salvador,2021,-0.5,2.c.1 Indicator of food price anomalies,Sub-indicator: Consumer Food Price Index
El Salvador,2022,1.62,2.c.1 Indicator of food price anomalies,Sub-indicator: Consumer Food Price Index
El Salvador,2023,0.88,2.c.1 Indicator of food price anomalies,Sub-indicator: Consumer Food Price Index
Equatorial Guinea,2010,0.23,2.c.1 Indicator of food price anomalies,Sub-indicator: Consumer Food Price Index
Equatorial Guinea,2011,2.25,2.c.1 Indicator of food price anomalies,Sub-indicator: Consumer Food Price Index
Equatorial Guinea,2012,-1.7,2.c.1 Indicator of food price anomalies,Sub-indicator: Consumer Food Price Index
Equatorial Guinea,2013,0.74,2.c.1 Indicator of food price anomalies,Sub-indicator: Consumer Food Price Index
Equatorial Guinea,2014,-1.39,2.c.1 Indicator of food price anomalies,Sub-indicator: Consumer Food Price Index
Equatorial Guinea,2015,-1.38,2.c.1 Indicator of food price anomalies,Sub-indicator: Consumer Food Price Index
Equatorial Guinea,2016,-5.3,2.c.1 Indicator of food price anomalies,Sub-indicator: Consumer Food Price Index
Equatorial Guinea,2017,-0.05,2.c.1 Indicator of food price anomalies,Sub-indicator: Consumer Food Price Index
Equatorial Guinea,2018,-0.03,2.c.1 Indicator of food price anomalies,Sub-indicator: Consumer Food Price Index
Equatorial Guinea,2019,-0.32,2.c.1 Indicator of food price anomalies,Sub-indicator: Consumer Food Price Index
Equatorial Guinea,2020,-0.28,2.c.1 Indicator of food price anomalies,Sub-indicator: Consumer Food Price Index
Equatorial Guinea,2021,-0.09,2.c.1 Indicator of food price anomalies,Sub-indicator: Consumer Food Price Index
Equatorial Guinea,2022,0.26,2.c.1 Indicator of food price anomalies,Sub-indicator: Consumer Food Price Index
Equatorial Guinea,2023,0.29,2.c.1 Indicator of food price anomalies,Sub-indicator: Consumer Food Price Index
Ethiopia,2010,-1.46,2.c.1 Indicator of food price anomalies,Sub-indicator: Consumer Food Price Index
Ethiopia,2011,0.78,2.c.1 Indicator of food price anomalies,Sub-indicator: Consumer Food Price Index
Ethiopia,2012,0.32,2.c.1 Indicator of food price anomalies,Sub-indicator: Consumer Food Price Index
Ethiopia,2013,-0.35,2.c.1 Indicator of food price anomalies,Sub-indicator: Consumer Food Price Index
Ethiopia,2014,-0.29,2.c.1 Indicator of food price anomalies,Sub-indicator: Consumer Food Price Index
Ethiopia,2015,0.38,2.c.1 Indicator of food price anomalies,Sub-indicator: Consumer Food Price Index
Ethiopia,2016,-0.16,2.c.1 Indicator of food price anomalies,Sub-indicator: Consumer Food Price Index
Ethiopia,2017,0.0,2.c.1 Indicator of food price anomalies,Sub-indicator: Consumer Food Price Index
Ethiopia,2018,-0.28,2.c.1 Indicator of food price anomalies,Sub-indicator: Consumer Food Price Index
Ethiopia,2019,0.52,2.c.1 Indicator of food price anomalies,Sub-indicator: Consumer Food Price Index
Ethiopia,2020,0.46,2.c.1 Indicator of food price anomalies,Sub-indicator: Consumer Food Price Index
Ethiopia,2021,0.72,2.c.1 Indicator of food price anomalies,Sub-indicator: Consumer Food Price Index
Ethiopia,2022,0.11,2.c.1 Indicator of food price anomalies,Sub-indicator: Consumer Food Price Index
Ethiopia,2023,-0.12,2.c.1 Indicator of food price anomalies,Sub-indicator: Consumer Food Price Index
Estonia,2010,0.48,2.c.1 Indicator of food price anomalies,Sub-indicator: Consumer Food Price Index
Estonia,2011,0.88,2.c.1 Indicator of food price anomalies,Sub-indicator: Consumer Food Price Index
Estonia,2012,-0.07,2.c.1 Indicator of food price anomalies,Sub-indicator: Consumer Food Price Index
Estonia,2013,-0.03,2.c.1 Indicator of food price anomalies,Sub-indicator: Consumer Food Price Index
Estonia,2014,-0.2,2.c.1 Indicator of food price anomalies,Sub-indicator: Consumer Food Price Index
Estonia,2015,-0.19,2.c.1 Indicator of food price anomalies,Sub-indicator: Consumer Food Price Index
Estonia,2016,-0.26,2.c.1 Indicator of food price anomalies,Sub-indicator: Consumer Food Price Index
Estonia,2017,0.75,2.c.1 Indicator of food price anomalies,Sub-indicator: Consumer Food Price Index
Estonia,2018,-0.62,2.c.1 Indicator of food price anomalies,Sub-indicator: Consumer Food Price Index
Estonia,2019,0.13,2.c.1 Indicator of food price anomalies,Sub-indicator: Consumer Food Price Index
Estonia,2020,0.74,2.c.1 Indicator of food price anomalies,Sub-indicator: Consumer Food Price Index
Estonia,2021,-1.49,2.c.1 Indicator of food price anomalies,Sub-indicator: Consumer Food Price Index
Estonia,2022,0.48,2.c.1 Indicator of food price anomalies,Sub-indicator: Consumer Food Price Index
Estonia,2023,1.48,2.c.1 Indicator of food price anomalies,Sub-indicator: Consumer Food Price Index
Mongolia,2021,1.23,2.c.1 Indicator of food price anomalies,Sub-indicator: Consumer Food Price Index
Mongolia,2022,0.29,2.c.1 Indicator of food price anomalies,Sub-indicator: Consumer Food Price Index
Mongolia,2023,0.7,2.c.1 Indicator of food price anomalies,Sub-indicator: Consumer Food Price Index
Moldova,2010,0.31,2.c.1 Indicator of food price anomalies,Sub-indicator: Consumer Food Price Index
Moldova,2011,0.47,2.c.1 Indicator of food price anomalies,Sub-indicator: Consumer Food Price Index
Moldova,2012,0.1,2.c.1 Indicator of food price anomalies,Sub-indicator: Consumer Food Price Index
Moldova,2013,0.76,2.c.1 Indicator of food price anomalies,Sub-indicator: Consumer Food Price Index
Moldova,2014,0.35,2.c.1 Indicator of food price anomalies,Sub-indicator: Consumer Food Price Index
Fiji,2010,-0.75,2.c.1 Indicator of food price anomalies,Sub-indicator: Consumer Food Price Index
Fiji,2011,1.41,2.c.1 Indicator of food price anomalies,Sub-indicator: Consumer Food Price Index
Fiji,2012,-0.39,2.c.1 Indicator of food price anomalies,Sub-indicator: Consumer Food Price Index
Fiji,2013,-0.11,2.c.1 Indicator of food price anomalies,Sub-indicator: Consumer Food Price Index
Fiji,2014,0.14,2.c.1 Indicator of food price anomalies,Sub-indicator: Consumer Food Price Index
Fiji,2015,1.01,2.c.1 Indicator of food price anomalies,Sub-indicator: Consumer Food Price Index
Fiji,2016,-0.19,2.c.1 Indicator of food price anomalies,Sub-indicator: Consumer Food Price Index
Fiji,2017,-2.77,2.c.1 Indicator of food price anomalies,Sub-indicator: Consumer Food Price Index
Fiji,2018,-0.5,2.c.1 Indicator of food price anomalies,Sub-indicator: Consumer Food Price Index
Moldova,2015,0.07,2.c.1 Indicator of food price anomalies,Sub-indicator: Consumer Food Price Index
Moldova,2016,0.23,2.c.1 Indicator of food price anomalies,Sub-indicator: Consumer Food Price Index
Moldova,2017,0.43,2.c.1 Indicator of food price anomalies,Sub-indicator: Consumer Food Price Index
Moldova,2018,0.48,2.c.1 Indicator of food price anomalies,Sub-indicator: Consumer Food Price Index
Moldova,2019,0.96,2.c.1 Indicator of food price anomalies,Sub-indicator: Consumer Food Price Index
Moldova,2020,0.78,2.c.1 Indicator of food price anomalies,Sub-indicator: Consumer Food Price Index
Moldova,2021,0.32,2.c.1 Indicator of food price anomalies,Sub-indicator: Consumer Food Price Index
Moldova,2022,0.33,2.c.1 Indicator of food price anomalies,Sub-indicator: Consumer Food Price Index
Fiji,2019,0.75,2.c.1 Indicator of food price anomalies,Sub-indicator: Consumer Food Price Index
Fiji,2020,-0.04,2.c.1 Indicator of food price anomalies,Sub-indicator: Consumer Food Price Index
Fiji,2021,1.26,2.c.1 Indicator of food price anomalies,Sub-indicator: Consumer Food Price Index
Fiji,2022,0.26,2.c.1 Indicator of food price anomalies,Sub-indicator: Consumer Food Price Index
Fiji,2023,0.87,2.c.1 Indicator of food price anomalies,Sub-indicator: Consumer Food Price Index
Finland,2010,-1.9,2.c.1 Indicator of food price anomalies,Sub-indicator: Consumer Food Price Index
Finland,2011,0.49,2.c.1 Indicator of food price anomalies,Sub-indicator: Consumer Food Price Index
Finland,2012,0.51,2.c.1 Indicator of food price anomalies,Sub-indicator: Consumer Food Price Index
Finland,2013,0.56,2.c.1 Indicator of food price anomalies,Sub-indicator: Consumer Food Price Index
Moldova,2023,-0.7,2.c.1 Indicator of food price anomalies,Sub-indicator: Consumer Food Price Index
Montenegro,2010,1.43,2.c.1 Indicator of food price anomalies,Sub-indicator: Consumer Food Price Index
Montenegro,2011,0.41,2.c.1 Indicator of food price anomalies,Sub-indicator: Consumer Food Price Index
Montenegro,2012,0.48,2.c.1 Indicator of food price anomalies,Sub-indicator: Consumer Food Price Index
Montenegro,2013,0.47,2.c.1 Indicator of food price anomalies,Sub-indicator: Consumer Food Price Index
Montenegro,2014,0.03,2.c.1 Indicator of food price anomalies,Sub-indicator: Consumer Food Price Index
Montenegro,2015,0.55,2.c.1 Indicator of food price anomalies,Sub-indicator: Consumer Food Price Index
Montenegro,2016,-0.26,2.c.1 Indicator of food price anomalies,Sub-indicator: Consumer Food Price Index
Finland,2014,-0.7,2.c.1 Indicator of food price anomalies,Sub-indicator: Consumer Food Price Index
Finland,2015,-0.76,2.c.1 Indicator of food price anomalies,Sub-indicator: Consumer Food Price Index
Finland,2016,-0.6,2.c.1 Indicator of food price anomalies,Sub-indicator: Consumer Food Price Index
Finland,2017,-0.4,2.c.1 Indicator of food price anomalies,Sub-indicator: Consumer Food Price Index
Finland,2018,0.21,2.c.1 Indicator of food price anomalies,Sub-indicator: Consumer Food Price Index
Finland,2019,0.05,2.c.1 Indicator of food price anomalies,Sub-indicator: Consumer Food Price Index
Finland,2020,0.47,2.c.1 Indicator of food price anomalies,Sub-indicator: Consumer Food Price Index
Finland,2021,-0.7,2.c.1 Indicator of food price anomalies,Sub-indicator: Consumer Food Price Index
Finland,2022,1.78,2.c.1 Indicator of food price anomalies,Sub-indicator: Consumer Food Price Index
Montenegro,2017,-0.37,2.c.1 Indicator of food price anomalies,Sub-indicator: Consumer Food Price Index
Montenegro,2018,-0.69,2.c.1 Indicator of food price anomalies,Sub-indicator: Consumer Food Price Index
Montenegro,2019,1.28,2.c.1 Indicator of food price anomalies,Sub-indicator: Consumer Food Price Index
Montenegro,2020,0.73,2.c.1 Indicator of food price anomalies,Sub-indicator: Consumer Food Price Index
Montenegro,2021,0.39,2.c.1 Indicator of food price anomalies,Sub-indicator: Consumer Food Price Index
Montenegro,2022,3.42,2.c.1 Indicator of food price anomalies,Sub-indicator: Consumer Food Price Index
Montenegro,2023,-0.09,2.c.1 Indicator of food price anomalies,Sub-indicator: Consumer Food Price Index
Montserrat,2010,-1.23,2.c.1 Indicator of food price anomalies,Sub-indicator: Consumer Food Price Index
Finland,2023,0.48,2.c.1 Indicator of food price anomalies,Sub-indicator: Consumer Food Price Index
Aland Islands,2010,-1.96,2.c.1 Indicator of food price anomalies,Sub-indicator: Consumer Food Price Index
Aland Islands,2011,-0.05,2.c.1 Indicator of food price anomalies,Sub-indicator: Consumer Food Price Index
Aland Islands,2012,0.72,2.c.1 Indicator of food price anomalies,Sub-indicator: Consumer Food Price Index
Aland Islands,2013,0.61,2.c.1 Indicator of food price anomalies,Sub-indicator: Consumer Food Price Index
Aland Islands,2014,-0.31,2.c.1 Indicator of food price anomalies,Sub-indicator: Consumer Food Price Index
Aland Islands,2015,-0.22,2.c.1 Indicator of food price anomalies,Sub-indicator: Consumer Food Price Index
Aland Islands,2016,-0.63,2.c.1 Indicator of food price anomalies,Sub-indicator: Consumer Food Price Index
Montserrat,2011,0.12,2.c.1 Indicator of food price anomalies,Sub-indicator: Consumer Food Price Index
Montserrat,2012,-0.25,2.c.1 Indicator of food price anomalies,Sub-indicator: Consumer Food Price Index
Montserrat,2013,-0.53,2.c.1 Indicator of food price anomalies,Sub-indicator: Consumer Food Price Index
Montserrat,2014,-0.91,2.c.1 Indicator of food price anomalies,Sub-indicator: Consumer Food Price Index
Montserrat,2015,0.09,2.c.1 Indicator of food price anomalies,Sub-indicator: Consumer Food Price Index
Montserrat,2016,-0.32,2.c.1 Indicator of food price anomalies,Sub-indicator: Consumer Food Price Index
Montserrat,2017,-1.01,2.c.1 Indicator of food price anomalies,Sub-indicator: Consumer Food Price Index
Montserrat,2018,-1.2,2.c.1 Indicator of food price anomalies,Sub-indicator: Consumer Food Price Index
Montserrat,2019,0.97,2.c.1 Indicator of food price anomalies,Sub-indicator: Consumer Food Price Index
Montserrat,2020,1.33,2.c.1 Indicator of food price anomalies,Sub-indicator: Consumer Food Price Index
Montserrat,2021,-0.94,2.c.1 Indicator of food price anomalies,Sub-indicator: Consumer Food Price Index
Montserrat,2022,-0.24,2.c.1 Indicator of food price anomalies,Sub-indicator: Consumer Food Price Index
Montserrat,2023,0.83,2.c.1 Indicator of food price anomalies,Sub-indicator: Consumer Food Price Index
Morocco,2010,-0.9,2.c.1 Indicator of food price anomalies,Sub-indicator: Consumer Food Price Index
Morocco,2011,-0.32,2.c.1 Indicator of food price anomalies,Sub-indicator: Consumer Food Price Index
Morocco,2012,0.1,2.c.1 Indicator of food price anomalies,Sub-indicator: Consumer Food Price Index
Aland Islands,2017,-0.37,2.c.1 Indicator of food price anomalies,Sub-indicator: Consumer Food Price Index
Aland Islands,2018,0.17,2.c.1 Indicator of food price anomalies,Sub-indicator: Consumer Food Price Index
Aland Islands,2019,0.39,2.c.1 Indicator of food price anomalies,Sub-indicator: Consumer Food Price Index
Aland Islands,2020,0.28,2.c.1 Indicator of food price anomalies,Sub-indicator: Consumer Food Price Index
Aland Islands,2021,-0.3,2.c.1 Indicator of food price anomalies,Sub-indicator: Consumer Food Price Index
Aland Islands,2022,1.5,2.c.1 Indicator of food price anomalies,Sub-indicator: Consumer Food Price Index
Aland Islands,2023,0.62,2.c.1 Indicator of food price anomalies,Sub-indicator: Consumer Food Price Index
France,2010,-1.31,2.c.1 Indicator of food price anomalies,Sub-indicator: Consumer Food Price Index
Morocco,2013,-0.33,2.c.1 Indicator of food price anomalies,Sub-indicator: Consumer Food Price Index
Morocco,2014,-1.18,2.c.1 Indicator of food price anomalies,Sub-indicator: Consumer Food Price Index
Morocco,2015,0.41,2.c.1 Indicator of food price anomalies,Sub-indicator: Consumer Food Price Index
Morocco,2016,0.32,2.c.1 Indicator of food price anomalies,Sub-indicator: Consumer Food Price Index
Morocco,2017,-0.55,2.c.1 Indicator of food price anomalies,Sub-indicator: Consumer Food Price Index
Morocco,2018,-0.78,2.c.1 Indicator of food price anomalies,Sub-indicator: Consumer Food Price Index
Morocco,2019,-0.78,2.c.1 Indicator of food price anomalies,Sub-indicator: Consumer Food Price Index
Morocco,2020,0.07,2.c.1 Indicator of food price anomalies,Sub-indicator: Consumer Food Price Index
Morocco,2021,-0.28,2.c.1 Indicator of food price anomalies,Sub-indicator: Consumer Food Price Index
Morocco,2022,2.31,2.c.1 Indicator of food price anomalies,Sub-indicator: Consumer Food Price Index
Morocco,2023,2.25,2.c.1 Indicator of food price anomalies,Sub-indicator: Consumer Food Price Index
Mozambique,2010,-0.26,2.c.1 Indicator of food price anomalies,Sub-indicator: Consumer Food Price Index
Mozambique,2011,-0.64,2.c.1 Indicator of food price anomalies,Sub-indicator: Consumer Food Price Index
Mozambique,2012,-0.88,2.c.1 Indicator of food price anomalies,Sub-indicator: Consumer Food Price Index
Mozambique,2013,-0.47,2.c.1 Indicator of food price anomalies,Sub-indicator: Consumer Food Price Index
Mozambique,2014,-0.15,2.c.1 Indicator of food price anomalies,Sub-indicator: Consumer Food Price Index
Mozambique,2015,0.37,2.c.1 Indicator of food price anomalies,Sub-indicator: Consumer Food Price Index
France,2011,0.14,2.c.1 Indicator of food price anomalies,Sub-indicator: Consumer Food Price Index
France,2012,0.56,2.c.1 Indicator of food price anomalies,Sub-indicator: Consumer Food Price Index
France,2013,-0.24,2.c.1 Indicator of food price anomalies,Sub-indicator: Consumer Food Price Index
France,2014,-1.23,2.c.1 Indicator of food price anomalies,Sub-indicator: Consumer Food Price Index
France,2015,0.33,2.c.1 Indicator of food price anomalies,Sub-indicator: Consumer Food Price Index
France,2016,0.1,2.c.1 Indicator of food price anomalies,Sub-indicator: Consumer Food Price Index
France,2017,0.03,2.c.1 Indicator of food price anomalies,Sub-indicator: Consumer Food Price Index
France,2018,0.07,2.c.1 Indicator of food price anomalies,Sub-indicator: Consumer Food Price Index
France,2019,0.9,2.c.1 Indicator of food price anomalies,Sub-indicator: Consumer Food Price Index
Mozambique,2016,3.29,2.c.1 Indicator of food price anomalies,Sub-indicator: Consumer Food Price Index
Mozambique,2017,-0.77,2.c.1 Indicator of food price anomalies,Sub-indicator: Consumer Food Price Index
Mozambique,2018,-1.65,2.c.1 Indicator of food price anomalies,Sub-indicator: Consumer Food Price Index
Mozambique,2019,-0.09,2.c.1 Indicator of food price anomalies,Sub-indicator: Consumer Food Price Index
Mozambique,2020,0.58,2.c.1 Indicator of food price anomalies,Sub-indicator: Consumer Food Price Index
Mozambique,2021,0.69,2.c.1 Indicator of food price anomalies,Sub-indicator: Consumer Food Price Index
Mozambique,2022,0.17,2.c.1 Indicator of food price anomalies,Sub-indicator: Consumer Food Price Index
Mozambique,2023,0.09,2.c.1 Indicator of food price anomalies,Sub-indicator: Consumer Food Price Index
Oman,2010,-0.56,2.c.1 Indicator of food price anomalies,Sub-indicator: Consumer Food Price Index
Oman,2011,-0.2,2.c.1 Indicator of food price anomalies,Sub-indicator: Consumer Food Price Index
Oman,2012,-0.31,2.c.1 Indicator of food price anomalies,Sub-indicator: Consumer Food Price Index
Oman,2013,0.4,2.c.1 Indicator of food price anomalies,Sub-indicator: Consumer Food Price Index
Oman,2014,-0.09,2.c.1 Indicator of food price anomalies,Sub-indicator: Consumer Food Price Index
Oman,2015,-0.4,2.c.1 Indicator of food price anomalies,Sub-indicator: Consumer Food Price Index
Oman,2016,-0.81,2.c.1 Indicator of food price anomalies,Sub-indicator: Consumer Food Price Index
Oman,2017,-0.17,2.c.1 Indicator of food price anomalies,Sub-indicator: Consumer Food Price Index
Oman,2018,-0.41,2.c.1 Indicator of food price anomalies,Sub-indicator: Consumer Food Price Index
Oman,2019,0.53,2.c.1 Indicator of food price anomalies,Sub-indicator: Consumer Food Price Index
Oman,2020,0.56,2.c.1 Indicator of food price anomalies,Sub-indicator: Consumer Food Price Index
Oman,2021,-0.35,2.c.1 Indicator of food price anomalies,Sub-indicator: Consumer Food Price Index
Oman,2022,0.76,2.c.1 Indicator of food price anomalies,Sub-indicator: Consumer Food Price Index
Oman,2023,0.72,2.c.1 Indicator of food price anomalies,Sub-indicator: Consumer Food Price Index
Namibia,2010,-1.62,2.c.1 Indicator of food price anomalies,Sub-indicator: Consumer Food Price Index
Namibia,2011,-0.37,2.c.1 Indicator of food price anomalies,Sub-indicator: Consumer Food Price Index
Namibia,2012,0.28,2.c.1 Indicator of food price anomalies,Sub-indicator: Consumer Food Price Index
Namibia,2013,-0.26,2.c.1 Indicator of food price anomalies,Sub-indicator: Consumer Food Price Index
Namibia,2014,0.41,2.c.1 Indicator of food price anomalies,Sub-indicator: Consumer Food Price Index
Namibia,2015,0.29,2.c.1 Indicator of food price anomalies,Sub-indicator: Consumer Food Price Index
Namibia,2016,0.99,2.c.1 Indicator of food price anomalies,Sub-indicator: Consumer Food Price Index
Namibia,2017,-1.05,2.c.1 Indicator of food price anomalies,Sub-indicator: Consumer Food Price Index
Namibia,2018,-0.97,2.c.1 Indicator of food price anomalies,Sub-indicator: Consumer Food Price Index
Namibia,2019,-0.29,2.c.1 Indicator of food price anomalies,Sub-indicator: Consumer Food Price Index
Namibia,2020,0.83,2.c.1 Indicator of food price anomalies,Sub-indicator: Consumer Food Price Index
Namibia,2021,0.15,2.c.1 Indicator of food price anomalies,Sub-indicator: Consumer Food Price Index
Namibia,2022,0.2,2.c.1 Indicator of food price anomalies,Sub-indicator: Consumer Food Price Index
Namibia,2023,1.09,2.c.1 Indicator of food price anomalies,Sub-indicator: Consumer Food Price Index
Nepal,2010,0.07,2.c.1 Indicator of food price anomalies,Sub-indicator: Consumer Food Price Index
Nepal,2011,-0.37,2.c.1 Indicator of food price anomalies,Sub-indicator: Consumer Food Price Index
Nepal,2012,-1.77,2.c.1 Indicator of food price anomalies,Sub-indicator: Consumer Food Price Index
Nepal,2013,-0.14,2.c.1 Indicator of food price anomalies,Sub-indicator: Consumer Food Price Index
Nepal,2014,0.31,2.c.1 Indicator of food price anomalies,Sub-indicator: Consumer Food Price Index
Nepal,2015,-0.01,2.c.1 Indicator of food price anomalies,Sub-indicator: Consumer Food Price Index
Nepal,2016,-0.93,2.c.1 Indicator of food price anomalies,Sub-indicator: Consumer Food Price Index
Nepal,2017,-1.48,2.c.1 Indicator of food price anomalies,Sub-indicator: Consumer Food Price Index
Nepal,2018,-0.68,2.c.1 Indicator of food price anomalies,Sub-indicator: Consumer Food Price Index
Nepal,2019,0.02,2.c.1 Indicator of food price anomalies,Sub-indicator: Consumer Food Price Index
Nepal,2020,0.39,2.c.1 Indicator of food price anomalies,Sub-indicator: Consumer Food Price Index
Nepal,2021,-0.27,2.c.1 Indicator of food price anomalies,Sub-indicator: Consumer Food Price Index
Nepal,2022,-0.38,2.c.1 Indicator of food price anomalies,Sub-indicator: Consumer Food Price Index
Nepal,2023,-0.18,2.c.1 Indicator of food price anomalies,Sub-indicator: Consumer Food Price Index
Netherlands,2010,-0.83,2.c.1 Indicator of food price anomalies,Sub-indicator: Consumer Food Price Index
Netherlands,2011,0.04,2.c.1 Indicator of food price anomalies,Sub-indicator: Consumer Food Price Index
France,2020,1.19,2.c.1 Indicator of food price anomalies,Sub-indicator: Consumer Food Price Index
France,2021,-1.21,2.c.1 Indicator of food price anomalies,Sub-indicator: Consumer Food Price Index
France,2022,1.83,2.c.1 Indicator of food price anomalies,Sub-indicator: Consumer Food Price Index
France,2023,3.7,2.c.1 Indicator of food price anomalies,Sub-indicator: Consumer Food Price Index
French Guiana,2010,0.54,2.c.1 Indicator of food price anomalies,Sub-indicator: Consumer Food Price Index
French Guiana,2011,-0.67,2.c.1 Indicator of food price anomalies,Sub-indicator: Consumer Food Price Index
French Guiana,2012,0.71,2.c.1 Indicator of food price anomalies,Sub-indicator: Consumer Food Price Index
French Guiana,2013,1.19,2.c.1 Indicator of food price anomalies,Sub-indicator: Consumer Food Price Index
Netherlands,2012,-0.11,2.c.1 Indicator of food price anomalies,Sub-indicator: Consumer Food Price Index
Netherlands,2013,-0.12,2.c.1 Indicator of food price anomalies,Sub-indicator: Consumer Food Price Index
Netherlands,2014,-0.44,2.c.1 Indicator of food price anomalies,Sub-indicator: Consumer Food Price Index
Netherlands,2015,0.35,2.c.1 Indicator of food price anomalies,Sub-indicator: Consumer Food Price Index
Netherlands,2016,0.52,2.c.1 Indicator of food price anomalies,Sub-indicator: Consumer Food Price Index
Netherlands,2017,1.13,2.c.1 Indicator of food price anomalies,Sub-indicator: Consumer Food Price Index
Netherlands,2018,-0.81,2.c.1 Indicator of food price anomalies,Sub-indicator: Consumer Food Price Index
Netherlands,2019,0.94,2.c.1 Indicator of food price anomalies,Sub-indicator: Consumer Food Price Index
Netherlands,2020,0.23,2.c.1 Indicator of food price anomalies,Sub-indicator: Consumer Food Price Index
Netherlands,2021,-2.05,2.c.1 Indicator of food price anomalies,Sub-indicator: Consumer Food Price Index
Netherlands,2022,0.74,2.c.1 Indicator of food price anomalies,Sub-indicator: Consumer Food Price Index
Netherlands,2023,3.56,2.c.1 Indicator of food price anomalies,Sub-indicator: Consumer Food Price Index
Curacao,2010,-0.65,2.c.1 Indicator of food price anomalies,Sub-indicator: Consumer Food Price Index
Curacao,2011,-0.53,2.c.1 Indicator of food price anomalies,Sub-indicator: Consumer Food Price Index
Curacao,2012,0.0,2.c.1 Indicator of food price anomalies,Sub-indicator: Consumer Food Price Index
Curacao,2013,-0.85,2.c.1 Indicator of food price anomalies,Sub-indicator: Consumer Food Price Index
French Guiana,2014,-0.09,2.c.1 Indicator of food price anomalies,Sub-indicator: Consumer Food Price Index
French Guiana,2015,-0.42,2.c.1 Indicator of food price anomalies,Sub-indicator: Consumer Food Price Index
French Guiana,2016,-0.17,2.c.1 Indicator of food price anomalies,Sub-indicator: Consumer Food Price Index
French Guiana,2017,-0.75,2.c.1 Indicator of food price anomalies,Sub-indicator: Consumer Food Price Index
French Guiana,2018,-0.92,2.c.1 Indicator of food price anomalies,Sub-indicator: Consumer Food Price Index
French Guiana,2019,0.27,2.c.1 Indicator of food price anomalies,Sub-indicator: Consumer Food Price Index
French Guiana,2020,1.14,2.c.1 Indicator of food price anomalies,Sub-indicator: Consumer Food Price Index
French Guiana,2021,-1.03,2.c.1 Indicator of food price anomalies,Sub-indicator: Consumer Food Price Index
Curacao,2014,-1.35,2.c.1 Indicator of food price anomalies,Sub-indicator: Consumer Food Price Index
Curacao,2015,-0.6,2.c.1 Indicator of food price anomalies,Sub-indicator: Consumer Food Price Index
Curacao,2016,-0.54,2.c.1 Indicator of food price anomalies,Sub-indicator: Consumer Food Price Index
Curacao,2017,-0.81,2.c.1 Indicator of food price anomalies,Sub-indicator: Consumer Food Price Index
Curacao,2018,-0.25,2.c.1 Indicator of food price anomalies,Sub-indicator: Consumer Food Price Index
Curacao,2019,0.3,2.c.1 Indicator of food price anomalies,Sub-indicator: Consumer Food Price Index
Curacao,2020,0.45,2.c.1 Indicator of food price anomalies,Sub-indicator: Consumer Food Price Index
Curacao,2021,0.04,2.c.1 Indicator of food price anomalies,Sub-indicator: Consumer Food Price Index
Curacao,2022,0.46,2.c.1 Indicator of food price anomalies,Sub-indicator: Consumer Food Price Index
French Guiana,2022,1.12,2.c.1 Indicator of food price anomalies,Sub-indicator: Consumer Food Price Index
French Guiana,2023,3.37,2.c.1 Indicator of food price anomalies,Sub-indicator: Consumer Food Price Index
French Polynesia,2010,-0.23,2.c.1 Indicator of food price anomalies,Sub-indicator: Consumer Food Price Index
French Polynesia,2011,-0.16,2.c.1 Indicator of food price anomalies,Sub-indicator: Consumer Food Price Index
French Polynesia,2012,-0.48,2.c.1 Indicator of food price anomalies,Sub-indicator: Consumer Food Price Index
French Polynesia,2013,0.07,2.c.1 Indicator of food price anomalies,Sub-indicator: Consumer Food Price Index
French Polynesia,2014,-0.66,2.c.1 Indicator of food price anomalies,Sub-indicator: Consumer Food Price Index
French Polynesia,2015,0.91,2.c.1 Indicator of food price anomalies,Sub-indicator: Consumer Food Price Index
Curacao,2023,2.21,2.c.1 Indicator of food price anomalies,Sub-indicator: Consumer Food Price Index
Aruba,2010,-1.33,2.c.1 Indicator of food price anomalies,Sub-indicator: Consumer Food Price Index
Aruba,2011,-0.17,2.c.1 Indicator of food price anomalies,Sub-indicator: Consumer Food Price Index
Aruba,2012,0.59,2.c.1 Indicator of food price anomalies,Sub-indicator: Consumer Food Price Index
Aruba,2013,0.22,2.c.1 Indicator of food price anomalies,Sub-indicator: Consumer Food Price Index
Aruba,2014,0.15,2.c.1 Indicator of food price anomalies,Sub-indicator: Consumer Food Price Index
Aruba,2015,-0.25,2.c.1 Indicator of food price anomalies,Sub-indicator: Consumer Food Price Index
Aruba,2016,-0.6,2.c.1 Indicator of food price anomalies,Sub-indicator: Consumer Food Price Index
Aruba,2017,-0.61,2.c.1 Indicator of food price anomalies,Sub-indicator: Consumer Food Price Index
French Polynesia,2016,0.84,2.c.1 Indicator of food price anomalies,Sub-indicator: Consumer Food Price Index
French Polynesia,2017,-0.46,2.c.1 Indicator of food price anomalies,Sub-indicator: Consumer Food Price Index
French Polynesia,2018,-2.89,2.c.1 Indicator of food price anomalies,Sub-indicator: Consumer Food Price Index
French Polynesia,2019,0.05,2.c.1 Indicator of food price anomalies,Sub-indicator: Consumer Food Price Index
French Polynesia,2020,0.67,2.c.1 Indicator of food price anomalies,Sub-indicator: Consumer Food Price Index
French Polynesia,2021,0.31,2.c.1 Indicator of food price anomalies,Sub-indicator: Consumer Food Price Index
French Polynesia,2022,0.29,2.c.1 Indicator of food price anomalies,Sub-indicator: Consumer Food Price Index
French Polynesia,2023,0.75,2.c.1 Indicator of food price anomalies,Sub-indicator: Consumer Food Price Index
Djibouti,2010,-1.39,2.c.1 Indicator of food price anomalies,Sub-indicator: Consumer Food Price Index
Djibouti,2011,-0.12,2.c.1 Indicator of food price anomalies,Sub-indicator: Consumer Food Price Index
Djibouti,2012,-0.87,2.c.1 Indicator of food price anomalies,Sub-indicator: Consumer Food Price Index
Djibouti,2013,-1.08,2.c.1 Indicator of food price anomalies,Sub-indicator: Consumer Food Price Index
Djibouti,2014,-0.62,2.c.1 Indicator of food price anomalies,Sub-indicator: Consumer Food Price Index
Djibouti,2015,0.69,2.c.1 Indicator of food price anomalies,Sub-indicator: Consumer Food Price Index
Djibouti,2016,0.45,2.c.1 Indicator of food price anomalies,Sub-indicator: Consumer Food Price Index
Djibouti,2017,-0.12,2.c.1 Indicator of food price anomalies,Sub-indicator: Consumer Food Price Index
Aruba,2018,0.79,2.c.1 Indicator of food price anomalies,Sub-indicator: Consumer Food Price Index
Aruba,2019,1.05,2.c.1 Indicator of food price anomalies,Sub-indicator: Consumer Food Price Index
Aruba,2020,-0.39,2.c.1 Indicator of food price anomalies,Sub-indicator: Consumer Food Price Index
Aruba,2021,-0.75,2.c.1 Indicator of food price anomalies,Sub-indicator: Consumer Food Price Index
Aruba,2022,0.87,2.c.1 Indicator of food price anomalies,Sub-indicator: Consumer Food Price Index
Aruba,2023,0.03,2.c.1 Indicator of food price anomalies,Sub-indicator: Consumer Food Price Index
New Caledonia,2010,-3.12,2.c.1 Indicator of food price anomalies,Sub-indicator: Consumer Food Price Index
New Caledonia,2011,0.58,2.c.1 Indicator of food price anomalies,Sub-indicator: Consumer Food Price Index
New Caledonia,2012,-0.2,2.c.1 Indicator of food price anomalies,Sub-indicator: Consumer Food Price Index
Djibouti,2018,-0.27,2.c.1 Indicator of food price anomalies,Sub-indicator: Consumer Food Price Index
Djibouti,2019,0.22,2.c.1 Indicator of food price anomalies,Sub-indicator: Consumer Food Price Index
Djibouti,2020,0.23,2.c.1 Indicator of food price anomalies,Sub-indicator: Consumer Food Price Index
Djibouti,2021,-0.23,2.c.1 Indicator of food price anomalies,Sub-indicator: Consumer Food Price Index
Djibouti,2022,0.95,2.c.1 Indicator of food price anomalies,Sub-indicator: Consumer Food Price Index
Djibouti,2023,-0.15,2.c.1 Indicator of food price anomalies,Sub-indicator: Consumer Food Price Index
Gabon,2010,-1.89,2.c.1 Indicator of food price anomalies,Sub-indicator: Consumer Food Price Index
Gabon,2011,0.78,2.c.1 Indicator of food price anomalies,Sub-indicator: Consumer Food Price Index
Gabon,2012,0.73,2.c.1 Indicator of food price anomalies,Sub-indicator: Consumer Food Price Index
New Caledonia,2013,-0.08,2.c.1 Indicator of food price anomalies,Sub-indicator: Consumer Food Price Index
New Caledonia,2014,-0.32,2.c.1 Indicator of food price anomalies,Sub-indicator: Consumer Food Price Index
New Caledonia,2015,0.38,2.c.1 Indicator of food price anomalies,Sub-indicator: Consumer Food Price Index
New Caledonia,2016,0.77,2.c.1 Indicator of food price anomalies,Sub-indicator: Consumer Food Price Index
New Caledonia,2017,-0.29,2.c.1 Indicator of food price anomalies,Sub-indicator: Consumer Food Price Index
New Caledonia,2018,-2.12,2.c.1 Indicator of food price anomalies,Sub-indicator: Consumer Food Price Index
New Caledonia,2019,-1.8,2.c.1 Indicator of food price anomalies,Sub-indicator: Consumer Food Price Index
New Caledonia,2020,1.66,2.c.1 Indicator of food price anomalies,Sub-indicator: Consumer Food Price Index
Gabon,2013,-1.19,2.c.1 Indicator of food price anomalies,Sub-indicator: Consumer Food Price Index
Gabon,2014,-0.72,2.c.1 Indicator of food price anomalies,Sub-indicator: Consumer Food Price Index
Gabon,2015,0.85,2.c.1 Indicator of food price anomalies,Sub-indicator: Consumer Food Price Index
Gabon,2016,-0.96,2.c.1 Indicator of food price anomalies,Sub-indicator: Consumer Food Price Index
Gabon,2017,-1.01,2.c.1 Indicator of food price anomalies,Sub-indicator: Consumer Food Price Index
Gabon,2018,-0.14,2.c.1 Indicator of food price anomalies,Sub-indicator: Consumer Food Price Index
Gabon,2019,0.28,2.c.1 Indicator of food price anomalies,Sub-indicator: Consumer Food Price Index
Gabon,2020,0.13,2.c.1 Indicator of food price anomalies,Sub-indicator: Consumer Food Price Index
Gabon,2021,0.14,2.c.1 Indicator of food price anomalies,Sub-indicator: Consumer Food Price Index
New Caledonia,2021,0.46,2.c.1 Indicator of food price anomalies,Sub-indicator: Consumer Food Price Index
New Caledonia,2022,1.15,2.c.1 Indicator of food price anomalies,Sub-indicator: Consumer Food Price Index
New Caledonia,2023,0.52,2.c.1 Indicator of food price anomalies,Sub-indicator: Consumer Food Price Index
Vanuatu,2010,-0.09,2.c.1 Indicator of food price anomalies,Sub-indicator: Consumer Food Price Index
Vanuatu,2011,-1.31,2.c.1 Indicator of food price anomalies,Sub-indicator: Consumer Food Price Index
Vanuatu,2012,-0.48,2.c.1 Indicator of food price anomalies,Sub-indicator: Consumer Food Price Index
Vanuatu,2013,-0.62,2.c.1 Indicator of food price anomalies,Sub-indicator: Consumer Food Price Index
Vanuatu,2014,-0.04,2.c.1 Indicator of food price anomalies,Sub-indicator: Consumer Food Price Index
Gabon,2022,0.64,2.c.1 Indicator of food price anomalies,Sub-indicator: Consumer Food Price Index
Gabon,2023,0.71,2.c.1 Indicator of food price anomalies,Sub-indicator: Consumer Food Price Index
Georgia,2010,1.94,2.c.1 Indicator of food price anomalies,Sub-indicator: Consumer Food Price Index
Georgia,2011,1.95,2.c.1 Indicator of food price anomalies,Sub-indicator: Consumer Food Price Index
Georgia,2012,-1.03,2.c.1 Indicator of food price anomalies,Sub-indicator: Consumer Food Price Index
Georgia,2013,-0.19,2.c.1 Indicator of food price anomalies,Sub-indicator: Consumer Food Price Index
Georgia,2014,0.2,2.c.1 Indicator of food price anomalies,Sub-indicator: Consumer Food Price Index
Georgia,2015,-0.33,2.c.1 Indicator of food price anomalies,Sub-indicator: Consumer Food Price Index
Georgia,2016,-0.33,2.c.1 Indicator of food price anomalies,Sub-indicator: Consumer Food Price Index
Vanuatu,2015,0.4,2.c.1 Indicator of food price anomalies,Sub-indicator: Consumer Food Price Index
Vanuatu,2016,0.66,2.c.1 Indicator of food price anomalies,Sub-indicator: Consumer Food Price Index
Vanuatu,2017,1.37,2.c.1 Indicator of food price anomalies,Sub-indicator: Consumer Food Price Index
Vanuatu,2018,0.12,2.c.1 Indicator of food price anomalies,Sub-indicator: Consumer Food Price Index
Vanuatu,2019,0.48,2.c.1 Indicator of food price anomalies,Sub-indicator: Consumer Food Price Index
Vanuatu,2020,1.83,2.c.1 Indicator of food price anomalies,Sub-indicator: Consumer Food Price Index
Vanuatu,2021,0.17,2.c.1 Indicator of food price anomalies,Sub-indicator: Consumer Food Price Index
Vanuatu,2022,0.33,2.c.1 Indicator of food price anomalies,Sub-indicator: Consumer Food Price Index
Vanuatu,2023,1.6,2.c.1 Indicator of food price anomalies,Sub-indicator: Consumer Food Price Index
Georgia,2017,-0.03,2.c.1 Indicator of food price anomalies,Sub-indicator: Consumer Food Price Index
Georgia,2018,-0.34,2.c.1 Indicator of food price anomalies,Sub-indicator: Consumer Food Price Index
Georgia,2019,0.86,2.c.1 Indicator of food price anomalies,Sub-indicator: Consumer Food Price Index
Georgia,2020,0.98,2.c.1 Indicator of food price anomalies,Sub-indicator: Consumer Food Price Index
Georgia,2021,0.14,2.c.1 Indicator of food price anomalies,Sub-indicator: Consumer Food Price Index
Georgia,2022,0.9,2.c.1 Indicator of food price anomalies,Sub-indicator: Consumer Food Price Index
Georgia,2023,-0.47,2.c.1 Indicator of food price anomalies,Sub-indicator: Consumer Food Price Index
"Gambia, The",2010,0.95,2.c.1 Indicator of food price anomalies,Sub-indicator: Consumer Food Price Index
"Gambia, The",2011,0.23,2.c.1 Indicator of food price anomalies,Sub-indicator: Consumer Food Price Index
"Gambia, The",2012,-0.66,2.c.1 Indicator of food price anomalies,Sub-indicator: Consumer Food Price Index
"Gambia, The",2013,-0.21,2.c.1 Indicator of food price anomalies,Sub-indicator: Consumer Food Price Index
"Gambia, The",2014,-0.13,2.c.1 Indicator of food price anomalies,Sub-indicator: Consumer Food Price Index
"Gambia, The",2015,0.24,2.c.1 Indicator of food price anomalies,Sub-indicator: Consumer Food Price Index
"Gambia, The",2016,-0.33,2.c.1 Indicator of food price anomalies,Sub-indicator: Consumer Food Price Index
"Gambia, The",2017,-0.79,2.c.1 Indicator of food price anomalies,Sub-indicator: Consumer Food Price Index
"Gambia, The",2018,-1.84,2.c.1 Indicator of food price anomalies,Sub-indicator: Consumer Food Price Index
"Gambia, The",2019,-1.32,2.c.1 Indicator of food price anomalies,Sub-indicator: Consumer Food Price Index
"Gambia, The",2020,-0.11,2.c.1 Indicator of food price anomalies,Sub-indicator: Consumer Food Price Index
"Gambia, The",2021,1.43,2.c.1 Indicator of food price anomalies,Sub-indicator: Consumer Food Price Index
"Gambia, The",2022,1.71,2.c.1 Indicator of food price anomalies,Sub-indicator: Consumer Food Price Index
"Gambia, The",2023,2.6,2.c.1 Indicator of food price anomalies,Sub-indicator: Consumer Food Price Index
West Bank and Gaza,2010,-1.1,2.c.1 Indicator of food price anomalies,Sub-indicator: Consumer Food Price Index
West Bank and Gaza,2011,-0.69,2.c.1 Indicator of food price anomalies,Sub-indicator: Consumer Food Price Index
West Bank and Gaza,2012,-0.65,2.c.1 Indicator of food price anomalies,Sub-indicator: Consumer Food Price Index
West Bank and Gaza,2013,-0.4,2.c.1 Indicator of food price anomalies,Sub-indicator: Consumer Food Price Index
West Bank and Gaza,2014,-0.65,2.c.1 Indicator of food price anomalies,Sub-indicator: Consumer Food Price Index
West Bank and Gaza,2015,0.36,2.c.1 Indicator of food price anomalies,Sub-indicator: Consumer Food Price Index
West Bank and Gaza,2016,-0.63,2.c.1 Indicator of food price anomalies,Sub-indicator: Consumer Food Price Index
West Bank and Gaza,2017,-0.41,2.c.1 Indicator of food price anomalies,Sub-indicator: Consumer Food Price Index
West Bank and Gaza,2018,-0.02,2.c.1 Indicator of food price anomalies,Sub-indicator: Consumer Food Price Index
West Bank and Gaza,2019,0.75,2.c.1 Indicator of food price anomalies,Sub-indicator: Consumer Food Price Index
West Bank and Gaza,2020,-0.58,2.c.1 Indicator of food price anomalies,Sub-indicator: Consumer Food Price Index
West Bank and Gaza,2021,-0.05,2.c.1 Indicator of food price anomalies,Sub-indicator: Consumer Food Price Index
West Bank and Gaza,2022,1.09,2.c.1 Indicator of food price anomalies,Sub-indicator: Consumer Food Price Index
West Bank and Gaza,2023,0.33,2.c.1 Indicator of food price anomalies,Sub-indicator: Consumer Food Price Index
Germany,2010,0.11,2.c.1 Indicator of food price anomalies,Sub-indicator: Consumer Food Price Index
Germany,2011,0.17,2.c.1 Indicator of food price anomalies,Sub-indicator: Consumer Food Price Index
Germany,2012,0.45,2.c.1 Indicator of food price anomalies,Sub-indicator: Consumer Food Price Index
Germany,2013,0.83,2.c.1 Indicator of food price anomalies,Sub-indicator: Consumer Food Price Index
Germany,2014,-0.55,2.c.1 Indicator of food price anomalies,Sub-indicator: Consumer Food Price Index
Germany,2015,-0.36,2.c.1 Indicator of food price anomalies,Sub-indicator: Consumer Food Price Index
Germany,2016,-0.23,2.c.1 Indicator of food price anomalies,Sub-indicator: Consumer Food Price Index
Germany,2017,0.47,2.c.1 Indicator of food price anomalies,Sub-indicator: Consumer Food Price Index
Germany,2018,-0.29,2.c.1 Indicator of food price anomalies,Sub-indicator: Consumer Food Price Index
Germany,2019,-0.49,2.c.1 Indicator of food price anomalies,Sub-indicator: Consumer Food Price Index
Germany,2020,0.74,2.c.1 Indicator of food price anomalies,Sub-indicator: Consumer Food Price Index
Germany,2021,-0.42,2.c.1 Indicator of food price anomalies,Sub-indicator: Consumer Food Price Index
Germany,2022,3.59,2.c.1 Indicator of food price anomalies,Sub-indicator: Consumer Food Price Index
Germany,2023,2.26,2.c.1 Indicator of food price anomalies,Sub-indicator: Consumer Food Price Index
Ghana,2010,-2.34,2.c.1 Indicator of food price anomalies,Sub-indicator: Consumer Food Price Index
Ghana,2011,-0.6,2.c.1 Indicator of food price anomalies,Sub-indicator: Consumer Food Price Index
Ghana,2012,-2.31,2.c.1 Indicator of food price anomalies,Sub-indicator: Consumer Food Price Index
Ghana,2013,0.18,2.c.1 Indicator of food price anomalies,Sub-indicator: Consumer Food Price Index
Ghana,2014,-1.2,2.c.1 Indicator of food price anomalies,Sub-indicator: Consumer Food Price Index
Ghana,2015,-0.98,2.c.1 Indicator of food price anomalies,Sub-indicator: Consumer Food Price Index
Ghana,2016,-0.28,2.c.1 Indicator of food price anomalies,Sub-indicator: Consumer Food Price Index
Ghana,2017,0.66,2.c.1 Indicator of food price anomalies,Sub-indicator: Consumer Food Price Index
Ghana,2018,1.96,2.c.1 Indicator of food price anomalies,Sub-indicator: Consumer Food Price Index
Ghana,2019,1.27,2.c.1 Indicator of food price anomalies,Sub-indicator: Consumer Food Price Index
Ghana,2020,1.22,2.c.1 Indicator of food price anomalies,Sub-indicator: Consumer Food Price Index
Ghana,2021,0.79,2.c.1 Indicator of food price anomalies,Sub-indicator: Consumer Food Price Index
Ghana,2022,1.14,2.c.1 Indicator of food price anomalies,Sub-indicator: Consumer Food Price Index
Ghana,2023,1.77,2.c.1 Indicator of food price anomalies,Sub-indicator: Consumer Food Price Index
Kiribati,2010,-1.14,2.c.1 Indicator of food price anomalies,Sub-indicator: Consumer Food Price Index
Kiribati,2011,-0.42,2.c.1 Indicator of food price anomalies,Sub-indicator: Consumer Food Price Index
Kiribati,2012,-0.55,2.c.1 Indicator of food price anomalies,Sub-indicator: Consumer Food Price Index
Kiribati,2013,-0.27,2.c.1 Indicator of food price anomalies,Sub-indicator: Consumer Food Price Index
Kiribati,2014,-0.16,2.c.1 Indicator of food price anomalies,Sub-indicator: Consumer Food Price Index
Kiribati,2015,-0.01,2.c.1 Indicator of food price anomalies,Sub-indicator: Consumer Food Price Index
Kiribati,2016,0.06,2.c.1 Indicator of food price anomalies,Sub-indicator: Consumer Food Price Index
Kiribati,2017,0.47,2.c.1 Indicator of food price anomalies,Sub-indicator: Consumer Food Price Index
Kiribati,2018,-0.15,2.c.1 Indicator of food price anomalies,Sub-indicator: Consumer Food Price Index
Kiribati,2019,-0.01,2.c.1 Indicator of food price anomalies,Sub-indicator: Consumer Food Price Index
Kiribati,2020,0.55,2.c.1 Indicator of food price anomalies,Sub-indicator: Consumer Food Price Index
Kiribati,2021,0.2,2.c.1 Indicator of food price anomalies,Sub-indicator: Consumer Food Price Index
Kiribati,2022,0.01,2.c.1 Indicator of food price anomalies,Sub-indicator: Consumer Food Price Index
Kiribati,2023,-0.24,2.c.1 Indicator of food price anomalies,Sub-indicator: Consumer Food Price Index
Greece,2010,-4.33,2.c.1 Indicator of food price anomalies,Sub-indicator: Consumer Food Price Index
Greece,2011,0.67,2.c.1 Indicator of food price anomalies,Sub-indicator: Consumer Food Price Index
Greece,2012,0.2,2.c.1 Indicator of food price anomalies,Sub-indicator: Consumer Food Price Index
Greece,2013,0.66,2.c.1 Indicator of food price anomalies,Sub-indicator: Consumer Food Price Index
Greece,2014,0.04,2.c.1 Indicator of food price anomalies,Sub-indicator: Consumer Food Price Index
Greece,2015,1.61,2.c.1 Indicator of food price anomalies,Sub-indicator: Consumer Food Price Index
Greece,2016,-0.13,2.c.1 Indicator of food price anomalies,Sub-indicator: Consumer Food Price Index
Greece,2017,-0.4,2.c.1 Indicator of food price anomalies,Sub-indicator: Consumer Food Price Index
Greece,2018,-0.18,2.c.1 Indicator of food price anomalies,Sub-indicator: Consumer Food Price Index
Greece,2019,-0.22,2.c.1 Indicator of food price anomalies,Sub-indicator: Consumer Food Price Index
Greece,2020,1.09,2.c.1 Indicator of food price anomalies,Sub-indicator: Consumer Food Price Index
Greece,2021,-0.24,2.c.1 Indicator of food price anomalies,Sub-indicator: Consumer Food Price Index
Greece,2022,0.88,2.c.1 Indicator of food price anomalies,Sub-indicator: Consumer Food Price Index
Greece,2023,2.54,2.c.1 Indicator of food price anomalies,Sub-indicator: Consumer Food Price Index
Greenland,2010,0.09,2.c.1 Indicator of food price anomalies,Sub-indicator: Consumer Food Price Index
Greenland,2011,0.16,2.c.1 Indicator of food price anomalies,Sub-indicator: Consumer Food Price Index
Greenland,2012,-0.96,2.c.1 Indicator of food price anomalies,Sub-indicator: Consumer Food Price Index
Greenland,2013,-0.02,2.c.1 Indicator of food price anomalies,Sub-indicator: Consumer Food Price Index
Greenland,2014,0.26,2.c.1 Indicator of food price anomalies,Sub-indicator: Consumer Food Price Index
Greenland,2015,0.4,2.c.1 Indicator of food price anomalies,Sub-indicator: Consumer Food Price Index
Greenland,2016,1.03,2.c.1 Indicator of food price anomalies,Sub-indicator: Consumer Food Price Index
Greenland,2017,0.15,2.c.1 Indicator of food price anomalies,Sub-indicator: Consumer Food Price Index
Greenland,2018,-0.39,2.c.1 Indicator of food price anomalies,Sub-indicator: Consumer Food Price Index
Greenland,2019,-0.87,2.c.1 Indicator of food price anomalies,Sub-indicator: Consumer Food Price Index
Greenland,2020,-0.86,2.c.1 Indicator of food price anomalies,Sub-indicator: Consumer Food Price Index
Greenland,2021,-0.05,2.c.1 Indicator of food price anomalies,Sub-indicator: Consumer Food Price Index
Greenland,2022,1.21,2.c.1 Indicator of food price anomalies,Sub-indicator: Consumer Food Price Index
Greenland,2023,-0.4,2.c.1 Indicator of food price anomalies,Sub-indicator: Consumer Food Price Index
New Zealand,2010,-1.98,2.c.1 Indicator of food price anomalies,Sub-indicator: Consumer Food Price Index
New Zealand,2011,-0.16,2.c.1 Indicator of food price anomalies,Sub-indicator: Consumer Food Price Index
New Zealand,2012,-1.1,2.c.1 Indicator of food price anomalies,Sub-indicator: Consumer Food Price Index
New Zealand,2013,-0.38,2.c.1 Indicator of food price anomalies,Sub-indicator: Consumer Food Price Index
New Zealand,2014,-0.92,2.c.1 Indicator of food price anomalies,Sub-indicator: Consumer Food Price Index
New Zealand,2015,-0.35,2.c.1 Indicator of food price anomalies,Sub-indicator: Consumer Food Price Index
New Zealand,2016,-0.2,2.c.1 Indicator of food price anomalies,Sub-indicator: Consumer Food Price Index
New Zealand,2017,0.49,2.c.1 Indicator of food price anomalies,Sub-indicator: Consumer Food Price Index
Grenada,2010,-0.77,2.c.1 Indicator of food price anomalies,Sub-indicator: Consumer Food Price Index
Grenada,2011,-0.14,2.c.1 Indicator of food price anomalies,Sub-indicator: Consumer Food Price Index
Grenada,2012,-0.54,2.c.1 Indicator of food price anomalies,Sub-indicator: Consumer Food Price Index
Grenada,2013,0.03,2.c.1 Indicator of food price anomalies,Sub-indicator: Consumer Food Price Index
Grenada,2014,0.13,2.c.1 Indicator of food price anomalies,Sub-indicator: Consumer Food Price Index
Grenada,2015,-0.26,2.c.1 Indicator of food price anomalies,Sub-indicator: Consumer Food Price Index
Grenada,2016,-2.19,2.c.1 Indicator of food price anomalies,Sub-indicator: Consumer Food Price Index
Grenada,2017,-0.12,2.c.1 Indicator of food price anomalies,Sub-indicator: Consumer Food Price Index
Grenada,2018,-0.07,2.c.1 Indicator of food price anomalies,Sub-indicator: Consumer Food Price Index
New Zealand,2018,-0.53,2.c.1 Indicator of food price anomalies,Sub-indicator: Consumer Food Price Index
New Zealand,2019,0.1,2.c.1 Indicator of food price anomalies,Sub-indicator: Consumer Food Price Index
New Zealand,2020,0.9,2.c.1 Indicator of food price anomalies,Sub-indicator: Consumer Food Price Index
New Zealand,2021,-0.57,2.c.1 Indicator of food price anomalies,Sub-indicator: Consumer Food Price Index
New Zealand,2022,1.07,2.c.1 Indicator of food price anomalies,Sub-indicator: Consumer Food Price Index
New Zealand,2023,1.37,2.c.1 Indicator of food price anomalies,Sub-indicator: Consumer Food Price Index
Nicaragua,2010,-0.17,2.c.1 Indicator of food price anomalies,Sub-indicator: Consumer Food Price Index
Nicaragua,2011,-0.73,2.c.1 Indicator of food price anomalies,Sub-indicator: Consumer Food Price Index
Nicaragua,2012,-0.48,2.c.1 Indicator of food price anomalies,Sub-indicator: Consumer Food Price Index
Nicaragua,2013,0.19,2.c.1 Indicator of food price anomalies,Sub-indicator: Consumer Food Price Index
Nicaragua,2014,0.01,2.c.1 Indicator of food price anomalies,Sub-indicator: Consumer Food Price Index
Nicaragua,2015,-0.58,2.c.1 Indicator of food price anomalies,Sub-indicator: Consumer Food Price Index
Nicaragua,2016,-1.72,2.c.1 Indicator of food price anomalies,Sub-indicator: Consumer Food Price Index
Nicaragua,2017,-1.46,2.c.1 Indicator of food price anomalies,Sub-indicator: Consumer Food Price Index
Nicaragua,2018,-0.4,2.c.1 Indicator of food price anomalies,Sub-indicator: Consumer Food Price Index
Nicaragua,2019,-0.25,2.c.1 Indicator of food price anomalies,Sub-indicator: Consumer Food Price Index
Nicaragua,2020,0.2,2.c.1 Indicator of food price anomalies,Sub-indicator: Consumer Food Price Index
Nicaragua,2021,0.56,2.c.1 Indicator of food price anomalies,Sub-indicator: Consumer Food Price Index
Nicaragua,2022,1.69,2.c.1 Indicator of food price anomalies,Sub-indicator: Consumer Food Price Index
Nicaragua,2023,0.37,2.c.1 Indicator of food price anomalies,Sub-indicator: Consumer Food Price Index
Niger,2010,-1.12,2.c.1 Indicator of food price anomalies,Sub-indicator: Consumer Food Price Index
Niger,2011,-0.94,2.c.1 Indicator of food price anomalies,Sub-indicator: Consumer Food Price Index
Niger,2012,0.13,2.c.1 Indicator of food price anomalies,Sub-indicator: Consumer Food Price Index
Niger,2013,-0.29,2.c.1 Indicator of food price anomalies,Sub-indicator: Consumer Food Price Index
Niger,2014,-0.72,2.c.1 Indicator of food price anomalies,Sub-indicator: Consumer Food Price Index
Grenada,2019,-0.08,2.c.1 Indicator of food price anomalies,Sub-indicator: Consumer Food Price Index
Grenada,2020,0.62,2.c.1 Indicator of food price anomalies,Sub-indicator: Consumer Food Price Index
Grenada,2021,0.0,2.c.1 Indicator of food price anomalies,Sub-indicator: Consumer Food Price Index
Grenada,2022,1.3,2.c.1 Indicator of food price anomalies,Sub-indicator: Consumer Food Price Index
Grenada,2023,1.3,2.c.1 Indicator of food price anomalies,Sub-indicator: Consumer Food Price Index
Guadeloupe,2010,-1.16,2.c.1 Indicator of food price anomalies,Sub-indicator: Consumer Food Price Index
Guadeloupe,2011,-1.21,2.c.1 Indicator of food price anomalies,Sub-indicator: Consumer Food Price Index
Guadeloupe,2012,0.92,2.c.1 Indicator of food price anomalies,Sub-indicator: Consumer Food Price Index
Guadeloupe,2013,0.51,2.c.1 Indicator of food price anomalies,Sub-indicator: Consumer Food Price Index
Niger,2015,-0.54,2.c.1 Indicator of food price anomalies,Sub-indicator: Consumer Food Price Index
Niger,2016,-0.9,2.c.1 Indicator of food price anomalies,Sub-indicator: Consumer Food Price Index
Niger,2017,0.5,2.c.1 Indicator of food price anomalies,Sub-indicator: Consumer Food Price Index
Niger,2018,-1.42,2.c.1 Indicator of food price anomalies,Sub-indicator: Consumer Food Price Index
Niger,2019,-0.73,2.c.1 Indicator of food price anomalies,Sub-indicator: Consumer Food Price Index
Niger,2020,0.53,2.c.1 Indicator of food price anomalies,Sub-indicator: Consumer Food Price Index
Niger,2021,0.77,2.c.1 Indicator of food price anomalies,Sub-indicator: Consumer Food Price Index
Niger,2022,0.31,2.c.1 Indicator of food price anomalies,Sub-indicator: Consumer Food Price Index
Niger,2023,0.02,2.c.1 Indicator of food price anomalies,Sub-indicator: Consumer Food Price Index
Nigeria,2010,-0.34,2.c.1 Indicator of food price anomalies,Sub-indicator: Consumer Food Price Index
Nigeria,2011,-0.8,2.c.1 Indicator of food price anomalies,Sub-indicator: Consumer Food Price Index
Nigeria,2012,-0.73,2.c.1 Indicator of food price anomalies,Sub-indicator: Consumer Food Price Index
Nigeria,2013,0.28,2.c.1 Indicator of food price anomalies,Sub-indicator: Consumer Food Price Index
Nigeria,2014,0.33,2.c.1 Indicator of food price anomalies,Sub-indicator: Consumer Food Price Index
Nigeria,2015,0.07,2.c.1 Indicator of food price anomalies,Sub-indicator: Consumer Food Price Index
Nigeria,2016,-0.9,2.c.1 Indicator of food price anomalies,Sub-indicator: Consumer Food Price Index
Nigeria,2017,1.31,2.c.1 Indicator of food price anomalies,Sub-indicator: Consumer Food Price Index
Nigeria,2018,0.64,2.c.1 Indicator of food price anomalies,Sub-indicator: Consumer Food Price Index
Nigeria,2019,0.62,2.c.1 Indicator of food price anomalies,Sub-indicator: Consumer Food Price Index
Nigeria,2020,0.84,2.c.1 Indicator of food price anomalies,Sub-indicator: Consumer Food Price Index
Nigeria,2021,0.65,2.c.1 Indicator of food price anomalies,Sub-indicator: Consumer Food Price Index
Nigeria,2022,0.15,2.c.1 Indicator of food price anomalies,Sub-indicator: Consumer Food Price Index
Nigeria,2023,0.74,2.c.1 Indicator of food price anomalies,Sub-indicator: Consumer Food Price Index
Norway,2010,-2.81,2.c.1 Indicator of food price anomalies,Sub-indicator: Consumer Food Price Index
Norway,2011,-0.33,2.c.1 Indicator of food price anomalies,Sub-indicator: Consumer Food Price Index
Norway,2012,0.16,2.c.1 Indicator of food price anomalies,Sub-indicator: Consumer Food Price Index
Norway,2013,-0.04,2.c.1 Indicator of food price anomalies,Sub-indicator: Consumer Food Price Index
Norway,2014,0.5,2.c.1 Indicator of food price anomalies,Sub-indicator: Consumer Food Price Index
Norway,2015,0.4,2.c.1 Indicator of food price anomalies,Sub-indicator: Consumer Food Price Index
Norway,2016,-0.57,2.c.1 Indicator of food price anomalies,Sub-indicator: Consumer Food Price Index
Norway,2017,-1.07,2.c.1 Indicator of food price anomalies,Sub-indicator: Consumer Food Price Index
Norway,2018,0.05,2.c.1 Indicator of food price anomalies,Sub-indicator: Consumer Food Price Index
Norway,2019,-0.48,2.c.1 Indicator of food price anomalies,Sub-indicator: Consumer Food Price Index
Norway,2020,1.23,2.c.1 Indicator of food price anomalies,Sub-indicator: Consumer Food Price Index
Norway,2021,-2.71,2.c.1 Indicator of food price anomalies,Sub-indicator: Consumer Food Price Index
Norway,2022,0.66,2.c.1 Indicator of food price anomalies,Sub-indicator: Consumer Food Price Index
Norway,2023,1.4,2.c.1 Indicator of food price anomalies,Sub-indicator: Consumer Food Price Index
"Micronesia, Fed. Sts.",2010,-1.07,2.c.1 Indicator of food price anomalies,Sub-indicator: Consumer Food Price Index
"Micronesia, Fed. Sts.",2011,-0.61,2.c.1 Indicator of food price anomalies,Sub-indicator: Consumer Food Price Index
"Micronesia, Fed. Sts.",2012,-0.23,2.c.1 Indicator of food price anomalies,Sub-indicator: Consumer Food Price Index
"Micronesia, Fed. Sts.",2013,0.06,2.c.1 Indicator of food price anomalies,Sub-indicator: Consumer Food Price Index
"Micronesia, Fed. Sts.",2014,0.02,2.c.1 Indicator of food price anomalies,Sub-indicator: Consumer Food Price Index
"Micronesia, Fed. Sts.",2015,0.14,2.c.1 Indicator of food price anomalies,Sub-indicator: Consumer Food Price Index
"Micronesia, Fed. Sts.",2016,-0.32,2.c.1 Indicator of food price anomalies,Sub-indicator: Consumer Food Price Index
"Micronesia, Fed. Sts.",2017,-0.85,2.c.1 Indicator of food price anomalies,Sub-indicator: Consumer Food Price Index
"Micronesia, Fed. Sts.",2018,-0.83,2.c.1 Indicator of food price anomalies,Sub-indicator: Consumer Food Price Index
"Micronesia, Fed. Sts.",2019,-0.18,2.c.1 Indicator of food price anomalies,Sub-indicator: Consumer Food Price Index
"Micronesia, Fed. Sts.",2020,0.33,2.c.1 Indicator of food price anomalies,Sub-indicator: Consumer Food Price Index
"Micronesia, Fed. Sts.",2021,-0.5,2.c.1 Indicator of food price anomalies,Sub-indicator: Consumer Food Price Index
"Micronesia, Fed. Sts.",2022,0.72,2.c.1 Indicator of food price anomalies,Sub-indicator: Consumer Food Price Index
"Micronesia, Fed. Sts.",2023,1.07,2.c.1 Indicator of food price anomalies,Sub-indicator: Consumer Food Price Index
Palau,2010,-1.1,2.c.1 Indicator of food price anomalies,Sub-indicator: Consumer Food Price Index
Palau,2011,-0.7,2.c.1 Indicator of food price anomalies,Sub-indicator: Consumer Food Price Index
Palau,2012,-0.41,2.c.1 Indicator of food price anomalies,Sub-indicator: Consumer Food Price Index
Palau,2013,-0.55,2.c.1 Indicator of food price anomalies,Sub-indicator: Consumer Food Price Index
Palau,2014,-1.11,2.c.1 Indicator of food price anomalies,Sub-indicator: Consumer Food Price Index
Palau,2015,-0.22,2.c.1 Indicator of food price anomalies,Sub-indicator: Consumer Food Price Index
Palau,2016,-0.55,2.c.1 Indicator of food price anomalies,Sub-indicator: Consumer Food Price Index
Palau,2017,0.71,2.c.1 Indicator of food price anomalies,Sub-indicator: Consumer Food Price Index
Palau,2018,0.19,2.c.1 Indicator of food price anomalies,Sub-indicator: Consumer Food Price Index
Palau,2019,-0.07,2.c.1 Indicator of food price anomalies,Sub-indicator: Consumer Food Price Index
Palau,2020,0.53,2.c.1 Indicator of food price anomalies,Sub-indicator: Consumer Food Price Index
Palau,2021,0.56,2.c.1 Indicator of food price anomalies,Sub-indicator: Consumer Food Price Index
Palau,2022,-0.19,2.c.1 Indicator of food price anomalies,Sub-indicator: Consumer Food Price Index
Palau,2023,1.0,2.c.1 Indicator of food price anomalies,Sub-indicator: Consumer Food Price Index
Pakistan,2010,2.26,2.c.1 Indicator of food price anomalies,Sub-indicator: Consumer Food Price Index
Pakistan,2011,0.09,2.c.1 Indicator of food price anomalies,Sub-indicator: Consumer Food Price Index
Pakistan,2012,-0.96,2.c.1 Indicator of food price anomalies,Sub-indicator: Consumer Food Price Index
Pakistan,2013,-0.04,2.c.1 Indicator of food price anomalies,Sub-indicator: Consumer Food Price Index
Pakistan,2014,-0.76,2.c.1 Indicator of food price anomalies,Sub-indicator: Consumer Food Price Index
Pakistan,2015,-0.76,2.c.1 Indicator of food price anomalies,Sub-indicator: Consumer Food Price Index
Pakistan,2016,-0.37,2.c.1 Indicator of food price anomalies,Sub-indicator: Consumer Food Price Index
Pakistan,2017,-0.03,2.c.1 Indicator of food price anomalies,Sub-indicator: Consumer Food Price Index
Pakistan,2018,-1.37,2.c.1 Indicator of food price anomalies,Sub-indicator: Consumer Food Price Index
Pakistan,2019,0.65,2.c.1 Indicator of food price anomalies,Sub-indicator: Consumer Food Price Index
Pakistan,2020,2.13,2.c.1 Indicator of food price anomalies,Sub-indicator: Consumer Food Price Index
Pakistan,2021,0.11,2.c.1 Indicator of food price anomalies,Sub-indicator: Consumer Food Price Index
Pakistan,2022,1.21,2.c.1 Indicator of food price anomalies,Sub-indicator: Consumer Food Price Index
Pakistan,2023,1.13,2.c.1 Indicator of food price anomalies,Sub-indicator: Consumer Food Price Index
Panama,2010,-1.65,2.c.1 Indicator of food price anomalies,Sub-indicator: Consumer Food Price Index
Panama,2011,-0.48,2.c.1 Indicator of food price anomalies,Sub-indicator: Consumer Food Price Index
Panama,2012,0.28,2.c.1 Indicator of food price anomalies,Sub-indicator: Consumer Food Price Index
Panama,2013,-0.06,2.c.1 Indicator of food price anomalies,Sub-indicator: Consumer Food Price Index
Panama,2014,-0.52,2.c.1 Indicator of food price anomalies,Sub-indicator: Consumer Food Price Index
Panama,2015,-0.92,2.c.1 Indicator of food price anomalies,Sub-indicator: Consumer Food Price Index
Panama,2016,-0.33,2.c.1 Indicator of food price anomalies,Sub-indicator: Consumer Food Price Index
Panama,2017,-1.08,2.c.1 Indicator of food price anomalies,Sub-indicator: Consumer Food Price Index
Panama,2018,-0.65,2.c.1 Indicator of food price anomalies,Sub-indicator: Consumer Food Price Index
Panama,2019,0.18,2.c.1 Indicator of food price anomalies,Sub-indicator: Consumer Food Price Index
Panama,2020,0.39,2.c.1 Indicator of food price anomalies,Sub-indicator: Consumer Food Price Index
Panama,2021,-0.3,2.c.1 Indicator of food price anomalies,Sub-indicator: Consumer Food Price Index
Panama,2022,0.66,2.c.1 Indicator of food price anomalies,Sub-indicator: Consumer Food Price Index
Panama,2023,0.47,2.c.1 Indicator of food price anomalies,Sub-indicator: Consumer Food Price Index
Papua New Guinea,2010,1.82,2.c.1 Indicator of food price anomalies,Sub-indicator: Consumer Food Price Index
Papua New Guinea,2011,-0.62,2.c.1 Indicator of food price anomalies,Sub-indicator: Consumer Food Price Index
Papua New Guinea,2012,-1.12,2.c.1 Indicator of food price anomalies,Sub-indicator: Consumer Food Price Index
Papua New Guinea,2013,-0.63,2.c.1 Indicator of food price anomalies,Sub-indicator: Consumer Food Price Index
Papua New Guinea,2014,0.91,2.c.1 Indicator of food price anomalies,Sub-indicator: Consumer Food Price Index
Papua New Guinea,2015,0.64,2.c.1 Indicator of food price anomalies,Sub-indicator: Consumer Food Price Index
Papua New Guinea,2016,0.25,2.c.1 Indicator of food price anomalies,Sub-indicator: Consumer Food Price Index
Papua New Guinea,2017,0.09,2.c.1 Indicator of food price anomalies,Sub-indicator: Consumer Food Price Index
Papua New Guinea,2018,-0.33,2.c.1 Indicator of food price anomalies,Sub-indicator: Consumer Food Price Index
Papua New Guinea,2019,0.69,2.c.1 Indicator of food price anomalies,Sub-indicator: Consumer Food Price Index
Papua New Guinea,2020,0.02,2.c.1 Indicator of food price anomalies,Sub-indicator: Consumer Food Price Index
Papua New Guinea,2021,0.8,2.c.1 Indicator of food price anomalies,Sub-indicator: Consumer Food Price Index
Papua New Guinea,2022,1.63,2.c.1 Indicator of food price anomalies,Sub-indicator: Consumer Food Price Index
Papua New Guinea,2023,2.23,2.c.1 Indicator of food price anomalies,Sub-indicator: Consumer Food Price Index
Paraguay,2010,0.15,2.c.1 Indicator of food price anomalies,Sub-indicator: Consumer Food Price Index
Paraguay,2011,0.04,2.c.1 Indicator of food price anomalies,Sub-indicator: Consumer Food Price Index
Paraguay,2012,-1.65,2.c.1 Indicator of food price anomalies,Sub-indicator: Consumer Food Price Index
Paraguay,2013,0.18,2.c.1 Indicator of food price anomalies,Sub-indicator: Consumer Food Price Index
Paraguay,2014,-0.06,2.c.1 Indicator of food price anomalies,Sub-indicator: Consumer Food Price Index
Paraguay,2015,-0.24,2.c.1 Indicator of food price anomalies,Sub-indicator: Consumer Food Price Index
Paraguay,2016,0.4,2.c.1 Indicator of food price anomalies,Sub-indicator: Consumer Food Price Index
Paraguay,2017,0.34,2.c.1 Indicator of food price anomalies,Sub-indicator: Consumer Food Price Index
Paraguay,2018,-0.41,2.c.1 Indicator of food price anomalies,Sub-indicator: Consumer Food Price Index
Paraguay,2019,-0.54,2.c.1 Indicator of food price anomalies,Sub-indicator: Consumer Food Price Index
Paraguay,2020,-0.24,2.c.1 Indicator of food price anomalies,Sub-indicator: Consumer Food Price Index
Paraguay,2021,1.03,2.c.1 Indicator of food price anomalies,Sub-indicator: Consumer Food Price Index
Paraguay,2022,0.8,2.c.1 Indicator of food price anomalies,Sub-indicator: Consumer Food Price Index
Paraguay,2023,0.13,2.c.1 Indicator of food price anomalies,Sub-indicator: Consumer Food Price Index
Guadeloupe,2014,0.01,2.c.1 Indicator of food price anomalies,Sub-indicator: Consumer Food Price Index
Guadeloupe,2015,0.9,2.c.1 Indicator of food price anomalies,Sub-indicator: Consumer Food Price Index
Guadeloupe,2016,0.33,2.c.1 Indicator of food price anomalies,Sub-indicator: Consumer Food Price Index
Guadeloupe,2017,0.11,2.c.1 Indicator of food price anomalies,Sub-indicator: Consumer Food Price Index
Guadeloupe,2018,0.11,2.c.1 Indicator of food price anomalies,Sub-indicator: Consumer Food Price Index
Guadeloupe,2019,-0.22,2.c.1 Indicator of food price anomalies,Sub-indicator: Consumer Food Price Index
Guadeloupe,2020,0.65,2.c.1 Indicator of food price anomalies,Sub-indicator: Consumer Food Price Index
Guadeloupe,2021,-1.93,2.c.1 Indicator of food price anomalies,Sub-indicator: Consumer Food Price Index
Guadeloupe,2022,0.95,2.c.1 Indicator of food price anomalies,Sub-indicator: Consumer Food Price Index
Guadeloupe,2023,3.0,2.c.1 Indicator of food price anomalies,Sub-indicator: Consumer Food Price Index
Guam,2010,-0.88,2.c.1 Indicator of food price anomalies,Sub-indicator: Consumer Food Price Index
Guam,2011,0.22,2.c.1 Indicator of food price anomalies,Sub-indicator: Consumer Food Price Index
Guam,2012,1.12,2.c.1 Indicator of food price anomalies,Sub-indicator: Consumer Food Price Index
Guam,2013,0.84,2.c.1 Indicator of food price anomalies,Sub-indicator: Consumer Food Price Index
Guam,2014,0.91,2.c.1 Indicator of food price anomalies,Sub-indicator: Consumer Food Price Index
Guam,2015,1.85,2.c.1 Indicator of food price anomalies,Sub-indicator: Consumer Food Price Index
Guam,2016,-3.07,2.c.1 Indicator of food price anomalies,Sub-indicator: Consumer Food Price Index
Guam,2017,-1.02,2.c.1 Indicator of food price anomalies,Sub-indicator: Consumer Food Price Index
Guam,2018,0.15,2.c.1 Indicator of food price anomalies,Sub-indicator: Consumer Food Price Index
Guam,2019,-0.54,2.c.1 Indicator of food price anomalies,Sub-indicator: Consumer Food Price Index
Guam,2020,0.46,2.c.1 Indicator of food price anomalies,Sub-indicator: Consumer Food Price Index
Guam,2021,0.54,2.c.1 Indicator of food price anomalies,Sub-indicator: Consumer Food Price Index
Guam,2022,0.63,2.c.1 Indicator of food price anomalies,Sub-indicator: Consumer Food Price Index
Guam,2023,-0.3,2.c.1 Indicator of food price anomalies,Sub-indicator: Consumer Food Price Index
Guatemala,2010,-2.17,2.c.1 Indicator of food price anomalies,Sub-indicator: Consumer Food Price Index
Guatemala,2011,1.17,2.c.1 Indicator of food price anomalies,Sub-indicator: Consumer Food Price Index
Peru,2010,-0.85,2.c.1 Indicator of food price anomalies,Sub-indicator: Consumer Food Price Index
Peru,2011,0.38,2.c.1 Indicator of food price anomalies,Sub-indicator: Consumer Food Price Index
Peru,2012,0.0,2.c.1 Indicator of food price anomalies,Sub-indicator: Consumer Food Price Index
Peru,2013,-1.74,2.c.1 Indicator of food price anomalies,Sub-indicator: Consumer Food Price Index
Peru,2014,-0.53,2.c.1 Indicator of food price anomalies,Sub-indicator: Consumer Food Price Index
Peru,2015,0.03,2.c.1 Indicator of food price anomalies,Sub-indicator: Consumer Food Price Index
Peru,2016,-0.46,2.c.1 Indicator of food price anomalies,Sub-indicator: Consumer Food Price Index
Peru,2017,-0.77,2.c.1 Indicator of food price anomalies,Sub-indicator: Consumer Food Price Index
Peru,2018,-2.08,2.c.1 Indicator of food price anomalies,Sub-indicator: Consumer Food Price Index
Guatemala,2012,0.47,2.c.1 Indicator of food price anomalies,Sub-indicator: Consumer Food Price Index
Guatemala,2013,0.71,2.c.1 Indicator of food price anomalies,Sub-indicator: Consumer Food Price Index
Guatemala,2014,0.61,2.c.1 Indicator of food price anomalies,Sub-indicator: Consumer Food Price Index
Guatemala,2015,1.59,2.c.1 Indicator of food price anomalies,Sub-indicator: Consumer Food Price Index
Guatemala,2016,0.4,2.c.1 Indicator of food price anomalies,Sub-indicator: Consumer Food Price Index
Guatemala,2017,0.26,2.c.1 Indicator of food price anomalies,Sub-indicator: Consumer Food Price Index
Guatemala,2018,-0.33,2.c.1 Indicator of food price anomalies,Sub-indicator: Consumer Food Price Index
Guatemala,2019,-0.2,2.c.1 Indicator of food price anomalies,Sub-indicator: Consumer Food Price Index
Peru,2019,-0.43,2.c.1 Indicator of food price anomalies,Sub-indicator: Consumer Food Price Index
Peru,2020,0.02,2.c.1 Indicator of food price anomalies,Sub-indicator: Consumer Food Price Index
Peru,2021,1.21,2.c.1 Indicator of food price anomalies,Sub-indicator: Consumer Food Price Index
Peru,2022,2.0,2.c.1 Indicator of food price anomalies,Sub-indicator: Consumer Food Price Index
Peru,2023,1.26,2.c.1 Indicator of food price anomalies,Sub-indicator: Consumer Food Price Index
Philippines,2010,-1.02,2.c.1 Indicator of food price anomalies,Sub-indicator: Consumer Food Price Index
Philippines,2011,-0.44,2.c.1 Indicator of food price anomalies,Sub-indicator: Consumer Food Price Index
Philippines,2012,-0.79,2.c.1 Indicator of food price anomalies,Sub-indicator: Consumer Food Price Index
Philippines,2013,-0.31,2.c.1 Indicator of food price anomalies,Sub-indicator: Consumer Food Price Index
Philippines,2014,0.87,2.c.1 Indicator of food price anomalies,Sub-indicator: Consumer Food Price Index
Philippines,2015,0.04,2.c.1 Indicator of food price anomalies,Sub-indicator: Consumer Food Price Index
Philippines,2016,-0.41,2.c.1 Indicator of food price anomalies,Sub-indicator: Consumer Food Price Index
Philippines,2017,-0.46,2.c.1 Indicator of food price anomalies,Sub-indicator: Consumer Food Price Index
Philippines,2018,0.52,2.c.1 Indicator of food price anomalies,Sub-indicator: Consumer Food Price Index
Philippines,2019,-1.0,2.c.1 Indicator of food price anomalies,Sub-indicator: Consumer Food Price Index
Philippines,2020,-0.09,2.c.1 Indicator of food price anomalies,Sub-indicator: Consumer Food Price Index
Philippines,2021,0.34,2.c.1 Indicator of food price anomalies,Sub-indicator: Consumer Food Price Index
Philippines,2022,-1.18,2.c.1 Indicator of food price anomalies,Sub-indicator: Consumer Food Price Index
Philippines,2023,0.75,2.c.1 Indicator of food price anomalies,Sub-indicator: Consumer Food Price Index
Poland,2010,-2.22,2.c.1 Indicator of food price anomalies,Sub-indicator: Consumer Food Price Index
Poland,2011,-0.24,2.c.1 Indicator of food price anomalies,Sub-indicator: Consumer Food Price Index
Poland,2012,0.13,2.c.1 Indicator of food price anomalies,Sub-indicator: Consumer Food Price Index
Poland,2013,0.0,2.c.1 Indicator of food price anomalies,Sub-indicator: Consumer Food Price Index
Poland,2014,-1.74,2.c.1 Indicator of food price anomalies,Sub-indicator: Consumer Food Price Index
Poland,2015,-0.63,2.c.1 Indicator of food price anomalies,Sub-indicator: Consumer Food Price Index
Poland,2016,0.74,2.c.1 Indicator of food price anomalies,Sub-indicator: Consumer Food Price Index
Poland,2017,1.16,2.c.1 Indicator of food price anomalies,Sub-indicator: Consumer Food Price Index
Poland,2018,-0.14,2.c.1 Indicator of food price anomalies,Sub-indicator: Consumer Food Price Index
Poland,2019,1.08,2.c.1 Indicator of food price anomalies,Sub-indicator: Consumer Food Price Index
Poland,2020,-0.14,2.c.1 Indicator of food price anomalies,Sub-indicator: Consumer Food Price Index
Poland,2021,-1.36,2.c.1 Indicator of food price anomalies,Sub-indicator: Consumer Food Price Index
Poland,2022,0.42,2.c.1 Indicator of food price anomalies,Sub-indicator: Consumer Food Price Index
Poland,2023,0.82,2.c.1 Indicator of food price anomalies,Sub-indicator: Consumer Food Price Index
Portugal,2010,-1.17,2.c.1 Indicator of food price anomalies,Sub-indicator: Consumer Food Price Index
Portugal,2011,-0.34,2.c.1 Indicator of food price anomalies,Sub-indicator: Consumer Food Price Index
Portugal,2012,0.79,2.c.1 Indicator of food price anomalies,Sub-indicator: Consumer Food Price Index
Portugal,2013,0.79,2.c.1 Indicator of food price anomalies,Sub-indicator: Consumer Food Price Index
Portugal,2014,-0.24,2.c.1 Indicator of food price anomalies,Sub-indicator: Consumer Food Price Index
Portugal,2015,0.33,2.c.1 Indicator of food price anomalies,Sub-indicator: Consumer Food Price Index
Portugal,2016,-0.07,2.c.1 Indicator of food price anomalies,Sub-indicator: Consumer Food Price Index
Portugal,2017,0.3,2.c.1 Indicator of food price anomalies,Sub-indicator: Consumer Food Price Index
Portugal,2018,-0.09,2.c.1 Indicator of food price anomalies,Sub-indicator: Consumer Food Price Index
Portugal,2019,0.07,2.c.1 Indicator of food price anomalies,Sub-indicator: Consumer Food Price Index
Portugal,2020,1.43,2.c.1 Indicator of food price anomalies,Sub-indicator: Consumer Food Price Index
Portugal,2021,-0.42,2.c.1 Indicator of food price anomalies,Sub-indicator: Consumer Food Price Index
Portugal,2022,3.04,2.c.1 Indicator of food price anomalies,Sub-indicator: Consumer Food Price Index
Portugal,2023,2.2,2.c.1 Indicator of food price anomalies,Sub-indicator: Consumer Food Price Index
Guinea-Bissau,2010,-0.4,2.c.1 Indicator of food price anomalies,Sub-indicator: Consumer Food Price Index
Guinea-Bissau,2011,0.25,2.c.1 Indicator of food price anomalies,Sub-indicator: Consumer Food Price Index
Guinea-Bissau,2012,-0.06,2.c.1 Indicator of food price anomalies,Sub-indicator: Consumer Food Price Index
Guinea-Bissau,2013,-0.3,2.c.1 Indicator of food price anomalies,Sub-indicator: Consumer Food Price Index
Guinea-Bissau,2014,-0.41,2.c.1 Indicator of food price anomalies,Sub-indicator: Consumer Food Price Index
Guinea-Bissau,2015,0.28,2.c.1 Indicator of food price anomalies,Sub-indicator: Consumer Food Price Index
Guinea-Bissau,2016,-0.02,2.c.1 Indicator of food price anomalies,Sub-indicator: Consumer Food Price Index
Guinea-Bissau,2017,-0.9,2.c.1 Indicator of food price anomalies,Sub-indicator: Consumer Food Price Index
Guinea-Bissau,2018,0.07,2.c.1 Indicator of food price anomalies,Sub-indicator: Consumer Food Price Index
Guinea-Bissau,2019,0.09,2.c.1 Indicator of food price anomalies,Sub-indicator: Consumer Food Price Index
Guinea-Bissau,2020,0.34,2.c.1 Indicator of food price anomalies,Sub-indicator: Consumer Food Price Index
Guinea-Bissau,2021,0.49,2.c.1 Indicator of food price anomalies,Sub-indicator: Consumer Food Price Index
Guinea-Bissau,2022,0.42,2.c.1 Indicator of food price anomalies,Sub-indicator: Consumer Food Price Index
Guinea-Bissau,2023,0.41,2.c.1 Indicator of food price anomalies,Sub-indicator: Consumer Food Price Index
Timor-Leste,2010,-0.12,2.c.1 Indicator of food price anomalies,Sub-indicator: Consumer Food Price Index
Timor-Leste,2011,1.31,2.c.1 Indicator of food price anomalies,Sub-indicator: Consumer Food Price Index
Timor-Leste,2012,0.14,2.c.1 Indicator of food price anomalies,Sub-indicator: Consumer Food Price Index
Timor-Leste,2013,0.32,2.c.1 Indicator of food price anomalies,Sub-indicator: Consumer Food Price Index
Timor-Leste,2014,-0.43,2.c.1 Indicator of food price anomalies,Sub-indicator: Consumer Food Price Index
Timor-Leste,2015,-0.65,2.c.1 Indicator of food price anomalies,Sub-indicator: Consumer Food Price Index
Timor-Leste,2016,-0.52,2.c.1 Indicator of food price anomalies,Sub-indicator: Consumer Food Price Index
Timor-Leste,2017,0.06,2.c.1 Indicator of food price anomalies,Sub-indicator: Consumer Food Price Index
Timor-Leste,2018,-0.56,2.c.1 Indicator of food price anomalies,Sub-indicator: Consumer Food Price Index
Timor-Leste,2019,-0.15,2.c.1 Indicator of food price anomalies,Sub-indicator: Consumer Food Price Index
Timor-Leste,2020,0.37,2.c.1 Indicator of food price anomalies,Sub-indicator: Consumer Food Price Index
Timor-Leste,2021,1.42,2.c.1 Indicator of food price anomalies,Sub-indicator: Consumer Food Price Index
Timor-Leste,2022,0.02,2.c.1 Indicator of food price anomalies,Sub-indicator: Consumer Food Price Index
Timor-Leste,2023,1.12,2.c.1 Indicator of food price anomalies,Sub-indicator: Consumer Food Price Index
Puerto Rico,2010,-1.26,2.c.1 Indicator of food price anomalies,Sub-indicator: Consumer Food Price Index
Puerto Rico,2011,-0.32,2.c.1 Indicator of food price anomalies,Sub-indicator: Consumer Food Price Index
Puerto Rico,2012,0.01,2.c.1 Indicator of food price anomalies,Sub-indicator: Consumer Food Price Index
Puerto Rico,2013,0.02,2.c.1 Indicator of food price anomalies,Sub-indicator: Consumer Food Price Index
Puerto Rico,2014,0.52,2.c.1 Indicator of food price anomalies,Sub-indicator: Consumer Food Price Index
Puerto Rico,2015,1.16,2.c.1 Indicator of food price anomalies,Sub-indicator: Consumer Food Price Index
Puerto Rico,2016,-0.3,2.c.1 Indicator of food price anomalies,Sub-indicator: Consumer Food Price Index
Puerto Rico,2017,-0.96,2.c.1 Indicator of food price anomalies,Sub-indicator: Consumer Food Price Index
Puerto Rico,2018,-0.32,2.c.1 Indicator of food price anomalies,Sub-indicator: Consumer Food Price Index
Puerto Rico,2019,-0.39,2.c.1 Indicator of food price anomalies,Sub-indicator: Consumer Food Price Index
Puerto Rico,2020,0.03,2.c.1 Indicator of food price anomalies,Sub-indicator: Consumer Food Price Index
Puerto Rico,2021,-0.08,2.c.1 Indicator of food price anomalies,Sub-indicator: Consumer Food Price Index
Puerto Rico,2022,1.14,2.c.1 Indicator of food price anomalies,Sub-indicator: Consumer Food Price Index
Puerto Rico,2023,1.05,2.c.1 Indicator of food price anomalies,Sub-indicator: Consumer Food Price Index
Qatar,2010,0.69,2.c.1 Indicator of food price anomalies,Sub-indicator: Consumer Food Price Index
Qatar,2011,0.21,2.c.1 Indicator of food price anomalies,Sub-indicator: Consumer Food Price Index
Qatar,2012,-0.01,2.c.1 Indicator of food price anomalies,Sub-indicator: Consumer Food Price Index
Qatar,2013,-0.28,2.c.1 Indicator of food price anomalies,Sub-indicator: Consumer Food Price Index
Qatar,2014,-0.64,2.c.1 Indicator of food price anomalies,Sub-indicator: Consumer Food Price Index
Qatar,2015,-0.12,2.c.1 Indicator of food price anomalies,Sub-indicator: Consumer Food Price Index
Qatar,2016,-0.78,2.c.1 Indicator of food price anomalies,Sub-indicator: Consumer Food Price Index
Qatar,2017,0.84,2.c.1 Indicator of food price anomalies,Sub-indicator: Consumer Food Price Index
Qatar,2018,-0.05,2.c.1 Indicator of food price anomalies,Sub-indicator: Consumer Food Price Index
Qatar,2019,0.16,2.c.1 Indicator of food price anomalies,Sub-indicator: Consumer Food Price Index
Qatar,2020,0.64,2.c.1 Indicator of food price anomalies,Sub-indicator: Consumer Food Price Index
Qatar,2021,0.09,2.c.1 Indicator of food price anomalies,Sub-indicator: Consumer Food Price Index
Qatar,2022,-0.49,2.c.1 Indicator of food price anomalies,Sub-indicator: Consumer Food Price Index
Qatar,2023,-0.17,2.c.1 Indicator of food price anomalies,Sub-indicator: Consumer Food Price Index
Reunion,2010,-14.48,2.c.1 Indicator of food price anomalies,Sub-indicator: Consumer Food Price Index
Reunion,2011,-1.33,2.c.1 Indicator of food price anomalies,Sub-indicator: Consumer Food Price Index
Reunion,2012,1.18,2.c.1 Indicator of food price anomalies,Sub-indicator: Consumer Food Price Index
Reunion,2013,0.74,2.c.1 Indicator of food price anomalies,Sub-indicator: Consumer Food Price Index
Reunion,2014,-0.15,2.c.1 Indicator of food price anomalies,Sub-indicator: Consumer Food Price Index
Reunion,2015,0.11,2.c.1 Indicator of food price anomalies,Sub-indicator: Consumer Food Price Index
Reunion,2016,-0.55,2.c.1 Indicator of food price anomalies,Sub-indicator: Consumer Food Price Index
Reunion,2017,0.1,2.c.1 Indicator of food price anomalies,Sub-indicator: Consumer Food Price Index
Reunion,2018,0.12,2.c.1 Indicator of food price anomalies,Sub-indicator: Consumer Food Price Index
Reunion,2019,-0.17,2.c.1 Indicator of food price anomalies,Sub-indicator: Consumer Food Price Index
Reunion,2020,0.26,2.c.1 Indicator of food price anomalies,Sub-indicator: Consumer Food Price Index
Reunion,2021,-1.6,2.c.1 Indicator of food price anomalies,Sub-indicator: Consumer Food Price Index
Reunion,2022,0.92,2.c.1 Indicator of food price anomalies,Sub-indicator: Consumer Food Price Index
Reunion,2023,2.44,2.c.1 Indicator of food price anomalies,Sub-indicator: Consumer Food Price Index
Romania,2010,-1.02,2.c.1 Indicator of food price anomalies,Sub-indicator: Consumer Food Price Index
Romania,2011,0.67,2.c.1 Indicator of food price anomalies,Sub-indicator: Consumer Food Price Index
Romania,2012,0.35,2.c.1 Indicator of food price anomalies,Sub-indicator: Consumer Food Price Index
Romania,2013,-0.15,2.c.1 Indicator of food price anomalies,Sub-indicator: Consumer Food Price Index
Romania,2014,-0.4,2.c.1 Indicator of food price anomalies,Sub-indicator: Consumer Food Price Index
Romania,2015,-1.26,2.c.1 Indicator of food price anomalies,Sub-indicator: Consumer Food Price Index
Romania,2016,0.5,2.c.1 Indicator of food price anomalies,Sub-indicator: Consumer Food Price Index
Romania,2017,0.9,2.c.1 Indicator of food price anomalies,Sub-indicator: Consumer Food Price Index
Romania,2018,0.14,2.c.1 Indicator of food price anomalies,Sub-indicator: Consumer Food Price Index
Romania,2019,0.76,2.c.1 Indicator of food price anomalies,Sub-indicator: Consumer Food Price Index
Romania,2020,1.1,2.c.1 Indicator of food price anomalies,Sub-indicator: Consumer Food Price Index
Romania,2021,-0.49,2.c.1 Indicator of food price anomalies,Sub-indicator: Consumer Food Price Index
Romania,2022,1.21,2.c.1 Indicator of food price anomalies,Sub-indicator: Consumer Food Price Index
Romania,2023,1.34,2.c.1 Indicator of food price anomalies,Sub-indicator: Consumer Food Price Index
Russian Federation,2010,-0.15,2.c.1 Indicator of food price anomalies,Sub-indicator: Consumer Food Price Index
Russian Federation,2011,-0.02,2.c.1 Indicator of food price anomalies,Sub-indicator: Consumer Food Price Index
Russian Federation,2012,-0.53,2.c.1 Indicator of food price anomalies,Sub-indicator: Consumer Food Price Index
Russian Federation,2013,-0.34,2.c.1 Indicator of food price anomalies,Sub-indicator: Consumer Food Price Index
Russian Federation,2014,0.71,2.c.1 Indicator of food price anomalies,Sub-indicator: Consumer Food Price Index
Russian Federation,2015,1.1,2.c.1 Indicator of food price anomalies,Sub-indicator: Consumer Food Price Index
Russian Federation,2016,-0.67,2.c.1 Indicator of food price anomalies,Sub-indicator: Consumer Food Price Index
Russian Federation,2017,-0.6,2.c.1 Indicator of food price anomalies,Sub-indicator: Consumer Food Price Index
Russian Federation,2018,-0.42,2.c.1 Indicator of food price anomalies,Sub-indicator: Consumer Food Price Index
Russian Federation,2019,0.16,2.c.1 Indicator of food price anomalies,Sub-indicator: Consumer Food Price Index
Russian Federation,2020,0.35,2.c.1 Indicator of food price anomalies,Sub-indicator: Consumer Food Price Index
Russian Federation,2021,0.87,2.c.1 Indicator of food price anomalies,Sub-indicator: Consumer Food Price Index
Russian Federation,2022,0.12,2.c.1 Indicator of food price anomalies,Sub-indicator: Consumer Food Price Index
Russian Federation,2023,-0.76,2.c.1 Indicator of food price anomalies,Sub-indicator: Consumer Food Price Index
Rwanda,2010,-1.05,2.c.1 Indicator of food price anomalies,Sub-indicator: Consumer Food Price Index
Rwanda,2011,-0.5,2.c.1 Indicator of food price anomalies,Sub-indicator: Consumer Food Price Index
Rwanda,2012,0.86,2.c.1 Indicator of food price anomalies,Sub-indicator: Consumer Food Price Index
Rwanda,2013,0.13,2.c.1 Indicator of food price anomalies,Sub-indicator: Consumer Food Price Index
Rwanda,2014,-0.68,2.c.1 Indicator of food price anomalies,Sub-indicator: Consumer Food Price Index
Rwanda,2015,0.04,2.c.1 Indicator of food price anomalies,Sub-indicator: Consumer Food Price Index
Rwanda,2016,0.84,2.c.1 Indicator of food price anomalies,Sub-indicator: Consumer Food Price Index
Rwanda,2017,0.13,2.c.1 Indicator of food price anomalies,Sub-indicator: Consumer Food Price Index
Rwanda,2018,-2.17,2.c.1 Indicator of food price anomalies,Sub-indicator: Consumer Food Price Index
Rwanda,2019,0.23,2.c.1 Indicator of food price anomalies,Sub-indicator: Consumer Food Price Index
Rwanda,2020,0.5,2.c.1 Indicator of food price anomalies,Sub-indicator: Consumer Food Price Index
Rwanda,2021,-1.02,2.c.1 Indicator of food price anomalies,Sub-indicator: Consumer Food Price Index
Rwanda,2022,1.74,2.c.1 Indicator of food price anomalies,Sub-indicator: Consumer Food Price Index
Rwanda,2023,1.43,2.c.1 Indicator of food price anomalies,Sub-indicator: Consumer Food Price Index
St. Kitts and Nevis,2010,0.71,2.c.1 Indicator of food price anomalies,Sub-indicator: Consumer Food Price Index
St. Kitts and Nevis,2011,0.91,2.c.1 Indicator of food price anomalies,Sub-indicator: Consumer Food Price Index
St. Kitts and Nevis,2012,-0.25,2.c.1 Indicator of food price anomalies,Sub-indicator: Consumer Food Price Index
St. Kitts and Nevis,2013,-0.44,2.c.1 Indicator of food price anomalies,Sub-indicator: Consumer Food Price Index
St. Kitts and Nevis,2014,-1.1,2.c.1 Indicator of food price anomalies,Sub-indicator: Consumer Food Price Index
St. Kitts and Nevis,2015,-4.86,2.c.1 Indicator of food price anomalies,Sub-indicator: Consumer Food Price Index
St. Kitts and Nevis,2016,-1.09,2.c.1 Indicator of food price anomalies,Sub-indicator: Consumer Food Price Index
St. Kitts and Nevis,2017,0.23,2.c.1 Indicator of food price anomalies,Sub-indicator: Consumer Food Price Index
St. Kitts and Nevis,2018,0.89,2.c.1 Indicator of food price anomalies,Sub-indicator: Consumer Food Price Index
St. Kitts and Nevis,2019,0.57,2.c.1 Indicator of food price anomalies,Sub-indicator: Consumer Food Price Index
St. Kitts and Nevis,2020,0.22,2.c.1 Indicator of food price anomalies,Sub-indicator: Consumer Food Price Index
St. Kitts and Nevis,2021,0.01,2.c.1 Indicator of food price anomalies,Sub-indicator: Consumer Food Price Index
St. Kitts and Nevis,2022,1.55,2.c.1 Indicator of food price anomalies,Sub-indicator: Consumer Food Price Index
St. Kitts and Nevis,2023,0.02,2.c.1 Indicator of food price anomalies,Sub-indicator: Consumer Food Price Index
Anguilla,2010,-2.42,2.c.1 Indicator of food price anomalies,Sub-indicator: Consumer Food Price Index
Anguilla,2011,-0.53,2.c.1 Indicator of food price anomalies,Sub-indicator: Consumer Food Price Index
Anguilla,2012,-0.34,2.c.1 Indicator of food price anomalies,Sub-indicator: Consumer Food Price Index
Anguilla,2013,-0.09,2.c.1 Indicator of food price anomalies,Sub-indicator: Consumer Food Price Index
Anguilla,2014,0.01,2.c.1 Indicator of food price anomalies,Sub-indicator: Consumer Food Price Index
Anguilla,2015,-0.54,2.c.1 Indicator of food price anomalies,Sub-indicator: Consumer Food Price Index
Anguilla,2016,-0.7,2.c.1 Indicator of food price anomalies,Sub-indicator: Consumer Food Price Index
Anguilla,2017,-0.6,2.c.1 Indicator of food price anomalies,Sub-indicator: Consumer Food Price Index
Anguilla,2018,-0.21,2.c.1 Indicator of food price anomalies,Sub-indicator: Consumer Food Price Index
Anguilla,2019,0.1,2.c.1 Indicator of food price anomalies,Sub-indicator: Consumer Food Price Index
Anguilla,2020,0.04,2.c.1 Indicator of food price anomalies,Sub-indicator: Consumer Food Price Index
Anguilla,2021,0.29,2.c.1 Indicator of food price anomalies,Sub-indicator: Consumer Food Price Index
Anguilla,2022,1.75,2.c.1 Indicator of food price anomalies,Sub-indicator: Consumer Food Price Index
Anguilla,2023,1.14,2.c.1 Indicator of food price anomalies,Sub-indicator: Consumer Food Price Index
St. Lucia,2010,-2.82,2.c.1 Indicator of food price anomalies,Sub-indicator: Consumer Food Price Index
St. Lucia,2011,-0.04,2.c.1 Indicator of food price anomalies,Sub-indicator: Consumer Food Price Index
St. Lucia,2012,0.79,2.c.1 Indicator of food price anomalies,Sub-indicator: Consumer Food Price Index
St. Lucia,2013,0.57,2.c.1 Indicator of food price anomalies,Sub-indicator: Consumer Food Price Index
St. Lucia,2014,-0.47,2.c.1 Indicator of food price anomalies,Sub-indicator: Consumer Food Price Index
St. Lucia,2015,-0.44,2.c.1 Indicator of food price anomalies,Sub-indicator: Consumer Food Price Index
St. Lucia,2016,-0.19,2.c.1 Indicator of food price anomalies,Sub-indicator: Consumer Food Price Index
St. Lucia,2017,-0.67,2.c.1 Indicator of food price anomalies,Sub-indicator: Consumer Food Price Index
St. Lucia,2018,0.36,2.c.1 Indicator of food price anomalies,Sub-indicator: Consumer Food Price Index
St. Lucia,2019,0.34,2.c.1 Indicator of food price anomalies,Sub-indicator: Consumer Food Price Index
St. Lucia,2020,0.1,2.c.1 Indicator of food price anomalies,Sub-indicator: Consumer Food Price Index
St. Lucia,2021,-1.07,2.c.1 Indicator of food price anomalies,Sub-indicator: Consumer Food Price Index
St. Lucia,2022,-0.3,2.c.1 Indicator of food price anomalies,Sub-indicator: Consumer Food Price Index
St. Lucia,2023,0.65,2.c.1 Indicator of food price anomalies,Sub-indicator: Consumer Food Price Index
St. Vincent and the Grenadines,2010,-0.95,2.c.1 Indicator of food price anomalies,Sub-indicator: Consumer Food Price Index
St. Vincent and the Grenadines,2011,-0.58,2.c.1 Indicator of food price anomalies,Sub-indicator: Consumer Food Price Index
St. Vincent and the Grenadines,2012,-0.08,2.c.1 Indicator of food price anomalies,Sub-indicator: Consumer Food Price Index
St. Vincent and the Grenadines,2013,0.34,2.c.1 Indicator of food price anomalies,Sub-indicator: Consumer Food Price Index
St. Vincent and the Grenadines,2014,0.07,2.c.1 Indicator of food price anomalies,Sub-indicator: Consumer Food Price Index
St. Vincent and the Grenadines,2015,-0.5,2.c.1 Indicator of food price anomalies,Sub-indicator: Consumer Food Price Index
St. Vincent and the Grenadines,2016,0.21,2.c.1 Indicator of food price anomalies,Sub-indicator: Consumer Food Price Index
St. Vincent and the Grenadines,2017,-0.55,2.c.1 Indicator of food price anomalies,Sub-indicator: Consumer Food Price Index
St. Vincent and the Grenadines,2018,-0.56,2.c.1 Indicator of food price anomalies,Sub-indicator: Consumer Food Price Index
St. Vincent and the Grenadines,2019,-0.32,2.c.1 Indicator of food price anomalies,Sub-indicator: Consumer Food Price Index
St. Vincent and the Grenadines,2020,1.15,2.c.1 Indicator of food price anomalies,Sub-indicator: Consumer Food Price Index
St. Vincent and the Grenadines,2021,0.02,2.c.1 Indicator of food price anomalies,Sub-indicator: Consumer Food Price Index
St. Vincent and the Grenadines,2022,2.15,2.c.1 Indicator of food price anomalies,Sub-indicator: Consumer Food Price Index
St. Vincent and the Grenadines,2023,1.61,2.c.1 Indicator of food price anomalies,Sub-indicator: Consumer Food Price Index
San Marino,2010,0.14,2.c.1 Indicator of food price anomalies,Sub-indicator: Consumer Food Price Index
San Marino,2011,0.15,2.c.1 Indicator of food price anomalies,Sub-indicator: Consumer Food Price Index
San Marino,2012,-1.71,2.c.1 Indicator of food price anomalies,Sub-indicator: Consumer Food Price Index
San Marino,2013,0.11,2.c.1 Indicator of food price anomalies,Sub-indicator: Consumer Food Price Index
San Marino,2014,-0.91,2.c.1 Indicator of food price anomalies,Sub-indicator: Consumer Food Price Index
San Marino,2015,0.24,2.c.1 Indicator of food price anomalies,Sub-indicator: Consumer Food Price Index
San Marino,2016,-0.94,2.c.1 Indicator of food price anomalies,Sub-indicator: Consumer Food Price Index
San Marino,2017,-0.58,2.c.1 Indicator of food price anomalies,Sub-indicator: Consumer Food Price Index
San Marino,2018,0.43,2.c.1 Indicator of food price anomalies,Sub-indicator: Consumer Food Price Index
San Marino,2019,-0.09,2.c.1 Indicator of food price anomalies,Sub-indicator: Consumer Food Price Index
San Marino,2020,0.11,2.c.1 Indicator of food price anomalies,Sub-indicator: Consumer Food Price Index
San Marino,2021,-0.6,2.c.1 Indicator of food price anomalies,Sub-indicator: Consumer Food Price Index
San Marino,2022,1.68,2.c.1 Indicator of food price anomalies,Sub-indicator: Consumer Food Price Index
San Marino,2023,0.96,2.c.1 Indicator of food price anomalies,Sub-indicator: Consumer Food Price Index
Sao Tome and Principe,2010,-0.86,2.c.1 Indicator of food price anomalies,Sub-indicator: Consumer Food Price Index
Sao Tome and Principe,2011,-1.1,2.c.1 Indicator of food price anomalies,Sub-indicator: Consumer Food Price Index
Sao Tome and Principe,2012,-0.64,2.c.1 Indicator of food price anomalies,Sub-indicator: Consumer Food Price Index
Sao Tome and Principe,2013,-0.66,2.c.1 Indicator of food price anomalies,Sub-indicator: Consumer Food Price Index
Sao Tome and Principe,2014,-0.86,2.c.1 Indicator of food price anomalies,Sub-indicator: Consumer Food Price Index
Sao Tome and Principe,2015,-1.22,2.c.1 Indicator of food price anomalies,Sub-indicator: Consumer Food Price Index
Sao Tome and Principe,2016,-2.32,2.c.1 Indicator of food price anomalies,Sub-indicator: Consumer Food Price Index
Sao Tome and Principe,2017,0.2,2.c.1 Indicator of food price anomalies,Sub-indicator: Consumer Food Price Index
Sao Tome and Principe,2018,0.12,2.c.1 Indicator of food price anomalies,Sub-indicator: Consumer Food Price Index
Sao Tome and Principe,2019,0.21,2.c.1 Indicator of food price anomalies,Sub-indicator: Consumer Food Price Index
Sao Tome and Principe,2020,0.76,2.c.1 Indicator of food price anomalies,Sub-indicator: Consumer Food Price Index
Sao Tome and Principe,2021,0.16,2.c.1 Indicator of food price anomalies,Sub-indicator: Consumer Food Price Index
Sao Tome and Principe,2022,0.51,2.c.1 Indicator of food price anomalies,Sub-indicator: Consumer Food Price Index
Sao Tome and Principe,2023,0.39,2.c.1 Indicator of food price anomalies,Sub-indicator: Consumer Food Price Index
Saudi Arabia,2010,0.19,2.c.1 Indicator of food price anomalies,Sub-indicator: Consumer Food Price Index
Saudi Arabia,2011,-0.42,2.c.1 Indicator of food price anomalies,Sub-indicator: Consumer Food Price Index
Saudi Arabia,2012,0.52,2.c.1 Indicator of food price anomalies,Sub-indicator: Consumer Food Price Index
Saudi Arabia,2013,0.56,2.c.1 Indicator of food price anomalies,Sub-indicator: Consumer Food Price Index
Saudi Arabia,2014,-0.64,2.c.1 Indicator of food price anomalies,Sub-indicator: Consumer Food Price Index
Saudi Arabia,2015,-0.49,2.c.1 Indicator of food price anomalies,Sub-indicator: Consumer Food Price Index
Saudi Arabia,2016,-1.67,2.c.1 Indicator of food price anomalies,Sub-indicator: Consumer Food Price Index
Guatemala,2020,-0.09,2.c.1 Indicator of food price anomalies,Sub-indicator: Consumer Food Price Index
Guatemala,2021,-1.39,2.c.1 Indicator of food price anomalies,Sub-indicator: Consumer Food Price Index
Guatemala,2022,-0.38,2.c.1 Indicator of food price anomalies,Sub-indicator: Consumer Food Price Index
Guatemala,2023,0.25,2.c.1 Indicator of food price anomalies,Sub-indicator: Consumer Food Price Index
Guinea,2010,0.82,2.c.1 Indicator of food price anomalies,Sub-indicator: Consumer Food Price Index
Guinea,2011,0.75,2.c.1 Indicator of food price anomalies,Sub-indicator: Consumer Food Price Index
Guinea,2012,-1.22,2.c.1 Indicator of food price anomalies,Sub-indicator: Consumer Food Price Index
Guinea,2013,-0.54,2.c.1 Indicator of food price anomalies,Sub-indicator: Consumer Food Price Index
Guinea,2014,-0.6,2.c.1 Indicator of food price anomalies,Sub-indicator: Consumer Food Price Index
Saudi Arabia,2017,0.34,2.c.1 Indicator of food price anomalies,Sub-indicator: Consumer Food Price Index
Saudi Arabia,2018,1.83,2.c.1 Indicator of food price anomalies,Sub-indicator: Consumer Food Price Index
Saudi Arabia,2019,1.17,2.c.1 Indicator of food price anomalies,Sub-indicator: Consumer Food Price Index
Saudi Arabia,2020,1.83,2.c.1 Indicator of food price anomalies,Sub-indicator: Consumer Food Price Index
Saudi Arabia,2021,0.1,2.c.1 Indicator of food price anomalies,Sub-indicator: Consumer Food Price Index
Saudi Arabia,2022,-0.18,2.c.1 Indicator of food price anomalies,Sub-indicator: Consumer Food Price Index
Saudi Arabia,2023,-0.66,2.c.1 Indicator of food price anomalies,Sub-indicator: Consumer Food Price Index
Senegal,2010,0.19,2.c.1 Indicator of food price anomalies,Sub-indicator: Consumer Food Price Index
Guinea,2015,0.27,2.c.1 Indicator of food price anomalies,Sub-indicator: Consumer Food Price Index
Guinea,2016,0.46,2.c.1 Indicator of food price anomalies,Sub-indicator: Consumer Food Price Index
Guinea,2017,0.77,2.c.1 Indicator of food price anomalies,Sub-indicator: Consumer Food Price Index
Guinea,2018,0.06,2.c.1 Indicator of food price anomalies,Sub-indicator: Consumer Food Price Index
Guinea,2019,-0.27,2.c.1 Indicator of food price anomalies,Sub-indicator: Consumer Food Price Index
Guinea,2020,-0.23,2.c.1 Indicator of food price anomalies,Sub-indicator: Consumer Food Price Index
Guinea,2021,0.11,2.c.1 Indicator of food price anomalies,Sub-indicator: Consumer Food Price Index
Guinea,2022,0.74,2.c.1 Indicator of food price anomalies,Sub-indicator: Consumer Food Price Index
Guinea,2023,1.97,2.c.1 Indicator of food price anomalies,Sub-indicator: Consumer Food Price Index
Senegal,2011,0.56,2.c.1 Indicator of food price anomalies,Sub-indicator: Consumer Food Price Index
Senegal,2012,-0.22,2.c.1 Indicator of food price anomalies,Sub-indicator: Consumer Food Price Index
Senegal,2013,-0.55,2.c.1 Indicator of food price anomalies,Sub-indicator: Consumer Food Price Index
Senegal,2014,-0.83,2.c.1 Indicator of food price anomalies,Sub-indicator: Consumer Food Price Index
Senegal,2015,0.18,2.c.1 Indicator of food price anomalies,Sub-indicator: Consumer Food Price Index
Senegal,2016,0.45,2.c.1 Indicator of food price anomalies,Sub-indicator: Consumer Food Price Index
Senegal,2017,-0.9,2.c.1 Indicator of food price anomalies,Sub-indicator: Consumer Food Price Index
Senegal,2018,-0.2,2.c.1 Indicator of food price anomalies,Sub-indicator: Consumer Food Price Index
Senegal,2019,-0.26,2.c.1 Indicator of food price anomalies,Sub-indicator: Consumer Food Price Index
Senegal,2020,0.11,2.c.1 Indicator of food price anomalies,Sub-indicator: Consumer Food Price Index
Senegal,2021,-0.04,2.c.1 Indicator of food price anomalies,Sub-indicator: Consumer Food Price Index
Senegal,2022,1.66,2.c.1 Indicator of food price anomalies,Sub-indicator: Consumer Food Price Index
Senegal,2023,-0.14,2.c.1 Indicator of food price anomalies,Sub-indicator: Consumer Food Price Index
Serbia,2010,-0.42,2.c.1 Indicator of food price anomalies,Sub-indicator: Consumer Food Price Index
Serbia,2011,0.29,2.c.1 Indicator of food price anomalies,Sub-indicator: Consumer Food Price Index
Serbia,2012,0.11,2.c.1 Indicator of food price anomalies,Sub-indicator: Consumer Food Price Index
Serbia,2013,-0.53,2.c.1 Indicator of food price anomalies,Sub-indicator: Consumer Food Price Index
Serbia,2014,-0.4,2.c.1 Indicator of food price anomalies,Sub-indicator: Consumer Food Price Index
Serbia,2015,0.04,2.c.1 Indicator of food price anomalies,Sub-indicator: Consumer Food Price Index
Serbia,2016,-0.22,2.c.1 Indicator of food price anomalies,Sub-indicator: Consumer Food Price Index
Serbia,2017,0.18,2.c.1 Indicator of food price anomalies,Sub-indicator: Consumer Food Price Index
Serbia,2018,0.09,2.c.1 Indicator of food price anomalies,Sub-indicator: Consumer Food Price Index
Serbia,2019,0.22,2.c.1 Indicator of food price anomalies,Sub-indicator: Consumer Food Price Index
Serbia,2020,0.4,2.c.1 Indicator of food price anomalies,Sub-indicator: Consumer Food Price Index
Serbia,2021,0.44,2.c.1 Indicator of food price anomalies,Sub-indicator: Consumer Food Price Index
Serbia,2022,1.83,2.c.1 Indicator of food price anomalies,Sub-indicator: Consumer Food Price Index
Serbia,2023,0.87,2.c.1 Indicator of food price anomalies,Sub-indicator: Consumer Food Price Index
Seychelles,2010,-0.44,2.c.1 Indicator of food price anomalies,Sub-indicator: Consumer Food Price Index
Seychelles,2011,-0.14,2.c.1 Indicator of food price anomalies,Sub-indicator: Consumer Food Price Index
Seychelles,2012,-0.74,2.c.1 Indicator of food price anomalies,Sub-indicator: Consumer Food Price Index
Seychelles,2013,0.55,2.c.1 Indicator of food price anomalies,Sub-indicator: Consumer Food Price Index
Seychelles,2014,-0.76,2.c.1 Indicator of food price anomalies,Sub-indicator: Consumer Food Price Index
Seychelles,2015,-0.81,2.c.1 Indicator of food price anomalies,Sub-indicator: Consumer Food Price Index
Seychelles,2016,0.1,2.c.1 Indicator of food price anomalies,Sub-indicator: Consumer Food Price Index
Seychelles,2017,-0.78,2.c.1 Indicator of food price anomalies,Sub-indicator: Consumer Food Price Index
Seychelles,2018,-1.21,2.c.1 Indicator of food price anomalies,Sub-indicator: Consumer Food Price Index
Seychelles,2019,-0.09,2.c.1 Indicator of food price anomalies,Sub-indicator: Consumer Food Price Index
Seychelles,2020,0.74,2.c.1 Indicator of food price anomalies,Sub-indicator: Consumer Food Price Index
Seychelles,2021,1.05,2.c.1 Indicator of food price anomalies,Sub-indicator: Consumer Food Price Index
Seychelles,2022,-0.21,2.c.1 Indicator of food price anomalies,Sub-indicator: Consumer Food Price Index
Seychelles,2023,0.05,2.c.1 Indicator of food price anomalies,Sub-indicator: Consumer Food Price Index
Sierra Leone,2010,0.53,2.c.1 Indicator of food price anomalies,Sub-indicator: Consumer Food Price Index
Sierra Leone,2011,0.23,2.c.1 Indicator of food price anomalies,Sub-indicator: Consumer Food Price Index
Sierra Leone,2012,-0.41,2.c.1 Indicator of food price anomalies,Sub-indicator: Consumer Food Price Index
Sierra Leone,2013,-0.3,2.c.1 Indicator of food price anomalies,Sub-indicator: Consumer Food Price Index
Sierra Leone,2014,-0.38,2.c.1 Indicator of food price anomalies,Sub-indicator: Consumer Food Price Index
Sierra Leone,2015,1.92,2.c.1 Indicator of food price anomalies,Sub-indicator: Consumer Food Price Index
Sierra Leone,2016,0.74,2.c.1 Indicator of food price anomalies,Sub-indicator: Consumer Food Price Index
Sierra Leone,2017,0.46,2.c.1 Indicator of food price anomalies,Sub-indicator: Consumer Food Price Index
Sierra Leone,2018,0.27,2.c.1 Indicator of food price anomalies,Sub-indicator: Consumer Food Price Index
Sierra Leone,2019,-5.34,2.c.1 Indicator of food price anomalies,Sub-indicator: Consumer Food Price Index
Sierra Leone,2020,0.12,2.c.1 Indicator of food price anomalies,Sub-indicator: Consumer Food Price Index
Sierra Leone,2021,1.11,2.c.1 Indicator of food price anomalies,Sub-indicator: Consumer Food Price Index
Sierra Leone,2022,0.75,2.c.1 Indicator of food price anomalies,Sub-indicator: Consumer Food Price Index
Sierra Leone,2023,1.11,2.c.1 Indicator of food price anomalies,Sub-indicator: Consumer Food Price Index
Singapore,2010,-2.18,2.c.1 Indicator of food price anomalies,Sub-indicator: Consumer Food Price Index
Singapore,2011,-1.23,2.c.1 Indicator of food price anomalies,Sub-indicator: Consumer Food Price Index
Singapore,2012,-1.03,2.c.1 Indicator of food price anomalies,Sub-indicator: Consumer Food Price Index
Singapore,2013,0.22,2.c.1 Indicator of food price anomalies,Sub-indicator: Consumer Food Price Index
Singapore,2014,1.19,2.c.1 Indicator of food price anomalies,Sub-indicator: Consumer Food Price Index
Singapore,2015,0.64,2.c.1 Indicator of food price anomalies,Sub-indicator: Consumer Food Price Index
Singapore,2016,0.91,2.c.1 Indicator of food price anomalies,Sub-indicator: Consumer Food Price Index
Singapore,2017,-0.03,2.c.1 Indicator of food price anomalies,Sub-indicator: Consumer Food Price Index
Singapore,2018,-0.01,2.c.1 Indicator of food price anomalies,Sub-indicator: Consumer Food Price Index
Singapore,2019,-0.1,2.c.1 Indicator of food price anomalies,Sub-indicator: Consumer Food Price Index
Singapore,2020,1.0,2.c.1 Indicator of food price anomalies,Sub-indicator: Consumer Food Price Index
Singapore,2021,-0.9,2.c.1 Indicator of food price anomalies,Sub-indicator: Consumer Food Price Index
Singapore,2022,-0.62,2.c.1 Indicator of food price anomalies,Sub-indicator: Consumer Food Price Index
Singapore,2023,-0.4,2.c.1 Indicator of food price anomalies,Sub-indicator: Consumer Food Price Index
Slovak Republic,2010,0.9,2.c.1 Indicator of food price anomalies,Sub-indicator: Consumer Food Price Index
Slovak Republic,2011,0.47,2.c.1 Indicator of food price anomalies,Sub-indicator: Consumer Food Price Index
Slovak Republic,2012,0.17,2.c.1 Indicator of food price anomalies,Sub-indicator: Consumer Food Price Index
Slovak Republic,2013,0.33,2.c.1 Indicator of food price anomalies,Sub-indicator: Consumer Food Price Index
Slovak Republic,2014,-0.48,2.c.1 Indicator of food price anomalies,Sub-indicator: Consumer Food Price Index
Slovak Republic,2015,-0.06,2.c.1 Indicator of food price anomalies,Sub-indicator: Consumer Food Price Index
Slovak Republic,2016,-1.01,2.c.1 Indicator of food price anomalies,Sub-indicator: Consumer Food Price Index
Slovak Republic,2017,1.11,2.c.1 Indicator of food price anomalies,Sub-indicator: Consumer Food Price Index
Slovak Republic,2018,0.15,2.c.1 Indicator of food price anomalies,Sub-indicator: Consumer Food Price Index
Slovak Republic,2019,0.36,2.c.1 Indicator of food price anomalies,Sub-indicator: Consumer Food Price Index
Slovak Republic,2020,-0.13,2.c.1 Indicator of food price anomalies,Sub-indicator: Consumer Food Price Index
Slovak Republic,2021,-0.67,2.c.1 Indicator of food price anomalies,Sub-indicator: Consumer Food Price Index
Slovak Republic,2022,2.3,2.c.1 Indicator of food price anomalies,Sub-indicator: Consumer Food Price Index
Slovak Republic,2023,1.54,2.c.1 Indicator of food price anomalies,Sub-indicator: Consumer Food Price Index
Viet Nam,2010,-0.37,2.c.1 Indicator of food price anomalies,Sub-indicator: Consumer Food Price Index
Viet Nam,2011,0.56,2.c.1 Indicator of food price anomalies,Sub-indicator: Consumer Food Price Index
Viet Nam,2012,-1.5,2.c.1 Indicator of food price anomalies,Sub-indicator: Consumer Food Price Index
Viet Nam,2013,-1.24,2.c.1 Indicator of food price anomalies,Sub-indicator: Consumer Food Price Index
Viet Nam,2014,-0.2,2.c.1 Indicator of food price anomalies,Sub-indicator: Consumer Food Price Index
Viet Nam,2015,-0.04,2.c.1 Indicator of food price anomalies,Sub-indicator: Consumer Food Price Index
Viet Nam,2016,-0.38,2.c.1 Indicator of food price anomalies,Sub-indicator: Consumer Food Price Index
Viet Nam,2017,-1.21,2.c.1 Indicator of food price anomalies,Sub-indicator: Consumer Food Price Index
Viet Nam,2018,0.12,2.c.1 Indicator of food price anomalies,Sub-indicator: Consumer Food Price Index
Viet Nam,2019,0.45,2.c.1 Indicator of food price anomalies,Sub-indicator: Consumer Food Price Index
Viet Nam,2020,1.38,2.c.1 Indicator of food price anomalies,Sub-indicator: Consumer Food Price Index
Viet Nam,2021,-0.42,2.c.1 Indicator of food price anomalies,Sub-indicator: Consumer Food Price Index
Viet Nam,2022,-0.09,2.c.1 Indicator of food price anomalies,Sub-indicator: Consumer Food Price Index
Viet Nam,2023,-0.14,2.c.1 Indicator of food price anomalies,Sub-indicator: Consumer Food Price Index
Slovenia,2010,-0.59,2.c.1 Indicator of food price anomalies,Sub-indicator: Consumer Food Price Index
Slovenia,2011,0.64,2.c.1 Indicator of food price anomalies,Sub-indicator: Consumer Food Price Index
Slovenia,2012,0.07,2.c.1 Indicator of food price anomalies,Sub-indicator: Consumer Food Price Index
Slovenia,2013,0.12,2.c.1 Indicator of food price anomalies,Sub-indicator: Consumer Food Price Index
Slovenia,2014,-0.88,2.c.1 Indicator of food price anomalies,Sub-indicator: Consumer Food Price Index
Slovenia,2015,0.23,2.c.1 Indicator of food price anomalies,Sub-indicator: Consumer Food Price Index
Slovenia,2016,-0.01,2.c.1 Indicator of food price anomalies,Sub-indicator: Consumer Food Price Index
Slovenia,2017,-0.1,2.c.1 Indicator of food price anomalies,Sub-indicator: Consumer Food Price Index
Slovenia,2018,-0.21,2.c.1 Indicator of food price anomalies,Sub-indicator: Consumer Food Price Index
Slovenia,2019,-0.44,2.c.1 Indicator of food price anomalies,Sub-indicator: Consumer Food Price Index
Slovenia,2020,1.4,2.c.1 Indicator of food price anomalies,Sub-indicator: Consumer Food Price Index
Slovenia,2021,-1.63,2.c.1 Indicator of food price anomalies,Sub-indicator: Consumer Food Price Index
Slovenia,2022,1.44,2.c.1 Indicator of food price anomalies,Sub-indicator: Consumer Food Price Index
Slovenia,2023,1.0,2.c.1 Indicator of food price anomalies,Sub-indicator: Consumer Food Price Index
Somalia,2010,0.77,2.c.1 Indicator of food price anomalies,Sub-indicator: Consumer Food Price Index
Somalia,2011,0.53,2.c.1 Indicator of food price anomalies,Sub-indicator: Consumer Food Price Index
Somalia,2012,0.3,2.c.1 Indicator of food price anomalies,Sub-indicator: Consumer Food Price Index
Somalia,2013,0.1,2.c.1 Indicator of food price anomalies,Sub-indicator: Consumer Food Price Index
Somalia,2014,0.1,2.c.1 Indicator of food price anomalies,Sub-indicator: Consumer Food Price Index
Somalia,2015,0.26,2.c.1 Indicator of food price anomalies,Sub-indicator: Consumer Food Price Index
Somalia,2016,0.1,2.c.1 Indicator of food price anomalies,Sub-indicator: Consumer Food Price Index
Somalia,2017,-0.02,2.c.1 Indicator of food price anomalies,Sub-indicator: Consumer Food Price Index
Somalia,2018,0.8,2.c.1 Indicator of food price anomalies,Sub-indicator: Consumer Food Price Index
Somalia,2019,0.17,2.c.1 Indicator of food price anomalies,Sub-indicator: Consumer Food Price Index
Somalia,2020,-1.52,2.c.1 Indicator of food price anomalies,Sub-indicator: Consumer Food Price Index
Somalia,2021,-0.66,2.c.1 Indicator of food price anomalies,Sub-indicator: Consumer Food Price Index
Somalia,2022,1.37,2.c.1 Indicator of food price anomalies,Sub-indicator: Consumer Food Price Index
Somalia,2023,-1.44,2.c.1 Indicator of food price anomalies,Sub-indicator: Consumer Food Price Index
South Africa,2010,-2.56,2.c.1 Indicator of food price anomalies,Sub-indicator: Consumer Food Price Index
South Africa,2011,0.53,2.c.1 Indicator of food price anomalies,Sub-indicator: Consumer Food Price Index
South Africa,2012,-0.09,2.c.1 Indicator of food price anomalies,Sub-indicator: Consumer Food Price Index
South Africa,2013,-0.52,2.c.1 Indicator of food price anomalies,Sub-indicator: Consumer Food Price Index
South Africa,2014,0.29,2.c.1 Indicator of food price anomalies,Sub-indicator: Consumer Food Price Index
South Africa,2015,-0.22,2.c.1 Indicator of food price anomalies,Sub-indicator: Consumer Food Price Index
South Africa,2016,1.5,2.c.1 Indicator of food price anomalies,Sub-indicator: Consumer Food Price Index
South Africa,2017,-0.17,2.c.1 Indicator of food price anomalies,Sub-indicator: Consumer Food Price Index
South Africa,2018,-1.07,2.c.1 Indicator of food price anomalies,Sub-indicator: Consumer Food Price Index
South Africa,2019,-0.48,2.c.1 Indicator of food price anomalies,Sub-indicator: Consumer Food Price Index
South Africa,2020,0.16,2.c.1 Indicator of food price anomalies,Sub-indicator: Consumer Food Price Index
South Africa,2021,0.03,2.c.1 Indicator of food price anomalies,Sub-indicator: Consumer Food Price Index
South Africa,2022,0.67,2.c.1 Indicator of food price anomalies,Sub-indicator: Consumer Food Price Index
South Africa,2023,1.17,2.c.1 Indicator of food price anomalies,Sub-indicator: Consumer Food Price Index
Zimbabwe,2010,-24.08,2.c.1 Indicator of food price anomalies,Sub-indicator: Consumer Food Price Index
Zimbabwe,2011,0.47,2.c.1 Indicator of food price anomalies,Sub-indicator: Consumer Food Price Index
Zimbabwe,2012,0.42,2.c.1 Indicator of food price anomalies,Sub-indicator: Consumer Food Price Index
Zimbabwe,2013,-0.18,2.c.1 Indicator of food price anomalies,Sub-indicator: Consumer Food Price Index
Zimbabwe,2014,-0.85,2.c.1 Indicator of food price anomalies,Sub-indicator: Consumer Food Price Index
Zimbabwe,2015,-0.12,2.c.1 Indicator of food price anomalies,Sub-indicator: Consumer Food Price Index
Zimbabwe,2016,-0.18,2.c.1 Indicator of food price anomalies,Sub-indicator: Consumer Food Price Index
Zimbabwe,2017,1.09,2.c.1 Indicator of food price anomalies,Sub-indicator: Consumer Food Price Index
Zimbabwe,2018,1.74,2.c.1 Indicator of food price anomalies,Sub-indicator: Consumer Food Price Index
Zimbabwe,2019,6.69,2.c.1 Indicator of food price anomalies,Sub-indicator: Consumer Food Price Index
Zimbabwe,2020,1.09,2.c.1 Indicator of food price anomalies,Sub-indicator: Consumer Food Price Index
Zimbabwe,2021,0.18,2.c.1 Indicator of food price anomalies,Sub-indicator: Consumer Food Price Index
Zimbabwe,2022,1.62,2.c.1 Indicator of food price anomalies,Sub-indicator: Consumer Food Price Index
Zimbabwe,2023,-1.41,2.c.1 Indicator of food price anomalies,Sub-indicator: Consumer Food Price Index
Spain,2010,-1.67,2.c.1 Indicator of food price anomalies,Sub-indicator: Consumer Food Price Index
Spain,2011,0.06,2.c.1 Indicator of food price anomalies,Sub-indicator: Consumer Food Price Index
Spain,2012,0.33,2.c.1 Indicator of food price anomalies,Sub-indicator: Consumer Food Price Index
Spain,2013,1.31,2.c.1 Indicator of food price anomalies,Sub-indicator: Consumer Food Price Index
Spain,2014,0.11,2.c.1 Indicator of food price anomalies,Sub-indicator: Consumer Food Price Index
Spain,2015,1.05,2.c.1 Indicator of food price anomalies,Sub-indicator: Consumer Food Price Index
Spain,2016,0.52,2.c.1 Indicator of food price anomalies,Sub-indicator: Consumer Food Price Index
Spain,2017,-0.31,2.c.1 Indicator of food price anomalies,Sub-indicator: Consumer Food Price Index
Spain,2018,-0.18,2.c.1 Indicator of food price anomalies,Sub-indicator: Consumer Food Price Index
Spain,2019,0.17,2.c.1 Indicator of food price anomalies,Sub-indicator: Consumer Food Price Index
Spain,2020,1.37,2.c.1 Indicator of food price anomalies,Sub-indicator: Consumer Food Price Index
Spain,2021,-1.02,2.c.1 Indicator of food price anomalies,Sub-indicator: Consumer Food Price Index
Spain,2022,1.79,2.c.1 Indicator of food price anomalies,Sub-indicator: Consumer Food Price Index
Spain,2023,2.6,2.c.1 Indicator of food price anomalies,Sub-indicator: Consumer Food Price Index
South Sudan,2011,3.16,2.c.1 Indicator of food price anomalies,Sub-indicator: Consumer Food Price Index
South Sudan,2012,-0.59,2.c.1 Indicator of food price anomalies,Sub-indicator: Consumer Food Price Index
South Sudan,2013,-0.99,2.c.1 Indicator of food price anomalies,Sub-indicator: Consumer Food Price Index
South Sudan,2014,0.07,2.c.1 Indicator of food price anomalies,Sub-indicator: Consumer Food Price Index
South Sudan,2015,1.06,2.c.1 Indicator of food price anomalies,Sub-indicator: Consumer Food Price Index
South Sudan,2016,-0.06,2.c.1 Indicator of food price anomalies,Sub-indicator: Consumer Food Price Index
South Sudan,2017,-0.77,2.c.1 Indicator of food price anomalies,Sub-indicator: Consumer Food Price Index
South Sudan,2018,-0.96,2.c.1 Indicator of food price anomalies,Sub-indicator: Consumer Food Price Index
South Sudan,2019,1.08,2.c.1 Indicator of food price anomalies,Sub-indicator: Consumer Food Price Index
South Sudan,2020,-0.38,2.c.1 Indicator of food price anomalies,Sub-indicator: Consumer Food Price Index
South Sudan,2021,0.71,2.c.1 Indicator of food price anomalies,Sub-indicator: Consumer Food Price Index
South Sudan,2022,-0.32,2.c.1 Indicator of food price anomalies,Sub-indicator: Consumer Food Price Index
South Sudan,2023,2.97,2.c.1 Indicator of food price anomalies,Sub-indicator: Consumer Food Price Index
Sudan,2011,-0.2,2.c.1 Indicator of food price anomalies,Sub-indicator: Consumer Food Price Index
Sudan,2012,0.58,2.c.1 Indicator of food price anomalies,Sub-indicator: Consumer Food Price Index
Sudan,2013,-4.53,2.c.1 Indicator of food price anomalies,Sub-indicator: Consumer Food Price Index
Sudan,2014,-1.28,2.c.1 Indicator of food price anomalies,Sub-indicator: Consumer Food Price Index
Sudan,2015,-0.51,2.c.1 Indicator of food price anomalies,Sub-indicator: Consumer Food Price Index
Sudan,2016,-0.34,2.c.1 Indicator of food price anomalies,Sub-indicator: Consumer Food Price Index
Sudan,2017,1.11,2.c.1 Indicator of food price anomalies,Sub-indicator: Consumer Food Price Index
Sudan,2018,1.11,2.c.1 Indicator of food price anomalies,Sub-indicator: Consumer Food Price Index
Sudan,2019,1.4,2.c.1 Indicator of food price anomalies,Sub-indicator: Consumer Food Price Index
Sudan,2020,-1.35,2.c.1 Indicator of food price anomalies,Sub-indicator: Consumer Food Price Index
Sudan,2021,-4.45,2.c.1 Indicator of food price anomalies,Sub-indicator: Consumer Food Price Index
Sudan,2022,-1.32,2.c.1 Indicator of food price anomalies,Sub-indicator: Consumer Food Price Index
Sudan,2023,0.24,2.c.1 Indicator of food price anomalies,Sub-indicator: Consumer Food Price Index
Suriname,2010,-0.05,2.c.1 Indicator of food price anomalies,Sub-indicator: Consumer Food Price Index
Suriname,2011,-0.72,2.c.1 Indicator of food price anomalies,Sub-indicator: Consumer Food Price Index
Suriname,2012,-0.17,2.c.1 Indicator of food price anomalies,Sub-indicator: Consumer Food Price Index
Suriname,2013,-0.24,2.c.1 Indicator of food price anomalies,Sub-indicator: Consumer Food Price Index
Suriname,2014,0.2,2.c.1 Indicator of food price anomalies,Sub-indicator: Consumer Food Price Index
Suriname,2015,-0.17,2.c.1 Indicator of food price anomalies,Sub-indicator: Consumer Food Price Index
Suriname,2016,-0.39,2.c.1 Indicator of food price anomalies,Sub-indicator: Consumer Food Price Index
Suriname,2017,0.74,2.c.1 Indicator of food price anomalies,Sub-indicator: Consumer Food Price Index
Suriname,2018,-0.01,2.c.1 Indicator of food price anomalies,Sub-indicator: Consumer Food Price Index
Suriname,2019,-0.11,2.c.1 Indicator of food price anomalies,Sub-indicator: Consumer Food Price Index
Suriname,2020,0.87,2.c.1 Indicator of food price anomalies,Sub-indicator: Consumer Food Price Index
Suriname,2021,-0.16,2.c.1 Indicator of food price anomalies,Sub-indicator: Consumer Food Price Index
Suriname,2022,-0.3,2.c.1 Indicator of food price anomalies,Sub-indicator: Consumer Food Price Index
Suriname,2023,0.28,2.c.1 Indicator of food price anomalies,Sub-indicator: Consumer Food Price Index
Eswatini,2010,-2.83,2.c.1 Indicator of food price anomalies,Sub-indicator: Consumer Food Price Index
Eswatini,2011,-0.22,2.c.1 Indicator of food price anomalies,Sub-indicator: Consumer Food Price Index
Eswatini,2012,0.68,2.c.1 Indicator of food price anomalies,Sub-indicator: Consumer Food Price Index
Eswatini,2013,-0.39,2.c.1 Indicator of food price anomalies,Sub-indicator: Consumer Food Price Index
Eswatini,2014,-0.2,2.c.1 Indicator of food price anomalies,Sub-indicator: Consumer Food Price Index
Eswatini,2015,-0.47,2.c.1 Indicator of food price anomalies,Sub-indicator: Consumer Food Price Index
Eswatini,2016,2.0,2.c.1 Indicator of food price anomalies,Sub-indicator: Consumer Food Price Index
Eswatini,2017,-0.17,2.c.1 Indicator of food price anomalies,Sub-indicator: Consumer Food Price Index
Eswatini,2018,-1.52,2.c.1 Indicator of food price anomalies,Sub-indicator: Consumer Food Price Index
Eswatini,2019,-0.2,2.c.1 Indicator of food price anomalies,Sub-indicator: Consumer Food Price Index
Eswatini,2020,-0.18,2.c.1 Indicator of food price anomalies,Sub-indicator: Consumer Food Price Index
Eswatini,2021,-0.42,2.c.1 Indicator of food price anomalies,Sub-indicator: Consumer Food Price Index
Eswatini,2022,-0.37,2.c.1 Indicator of food price anomalies,Sub-indicator: Consumer Food Price Index
Eswatini,2023,-0.32,2.c.1 Indicator of food price anomalies,Sub-indicator: Consumer Food Price Index
Sweden,2010,-1.03,2.c.1 Indicator of food price anomalies,Sub-indicator: Consumer Food Price Index
Sweden,2011,-1.49,2.c.1 Indicator of food price anomalies,Sub-indicator: Consumer Food Price Index
Sweden,2012,0.34,2.c.1 Indicator of food price anomalies,Sub-indicator: Consumer Food Price Index
Sweden,2013,0.48,2.c.1 Indicator of food price anomalies,Sub-indicator: Consumer Food Price Index
Sweden,2014,0.03,2.c.1 Indicator of food price anomalies,Sub-indicator: Consumer Food Price Index
Sweden,2015,0.8,2.c.1 Indicator of food price anomalies,Sub-indicator: Consumer Food Price Index
Sweden,2016,-0.63,2.c.1 Indicator of food price anomalies,Sub-indicator: Consumer Food Price Index
Sweden,2017,-0.23,2.c.1 Indicator of food price anomalies,Sub-indicator: Consumer Food Price Index
Sweden,2018,-0.33,2.c.1 Indicator of food price anomalies,Sub-indicator: Consumer Food Price Index
Sweden,2019,0.15,2.c.1 Indicator of food price anomalies,Sub-indicator: Consumer Food Price Index
Sweden,2020,0.39,2.c.1 Indicator of food price anomalies,Sub-indicator: Consumer Food Price Index
Sweden,2021,-1.61,2.c.1 Indicator of food price anomalies,Sub-indicator: Consumer Food Price Index
Sweden,2022,1.44,2.c.1 Indicator of food price anomalies,Sub-indicator: Consumer Food Price Index
Sweden,2023,1.03,2.c.1 Indicator of food price anomalies,Sub-indicator: Consumer Food Price Index
Switzerland,2010,-1.25,2.c.1 Indicator of food price anomalies,Sub-indicator: Consumer Food Price Index
Switzerland,2011,-1.8,2.c.1 Indicator of food price anomalies,Sub-indicator: Consumer Food Price Index
Switzerland,2012,0.7,2.c.1 Indicator of food price anomalies,Sub-indicator: Consumer Food Price Index
Switzerland,2013,1.11,2.c.1 Indicator of food price anomalies,Sub-indicator: Consumer Food Price Index
Switzerland,2014,0.57,2.c.1 Indicator of food price anomalies,Sub-indicator: Consumer Food Price Index
Switzerland,2015,0.28,2.c.1 Indicator of food price anomalies,Sub-indicator: Consumer Food Price Index
Switzerland,2016,0.51,2.c.1 Indicator of food price anomalies,Sub-indicator: Consumer Food Price Index
Switzerland,2017,-0.17,2.c.1 Indicator of food price anomalies,Sub-indicator: Consumer Food Price Index
Switzerland,2018,0.17,2.c.1 Indicator of food price anomalies,Sub-indicator: Consumer Food Price Index
Switzerland,2019,-0.31,2.c.1 Indicator of food price anomalies,Sub-indicator: Consumer Food Price Index
Switzerland,2020,0.6,2.c.1 Indicator of food price anomalies,Sub-indicator: Consumer Food Price Index
Switzerland,2021,-1.55,2.c.1 Indicator of food price anomalies,Sub-indicator: Consumer Food Price Index
Switzerland,2022,-0.23,2.c.1 Indicator of food price anomalies,Sub-indicator: Consumer Food Price Index
Switzerland,2023,1.31,2.c.1 Indicator of food price anomalies,Sub-indicator: Consumer Food Price Index
Syrian Arab Republic,2010,0.23,2.c.1 Indicator of food price anomalies,Sub-indicator: Consumer Food Price Index
Syrian Arab Republic,2011,0.6,2.c.1 Indicator of food price anomalies,Sub-indicator: Consumer Food Price Index
Syrian Arab Republic,2012,-0.01,2.c.1 Indicator of food price anomalies,Sub-indicator: Consumer Food Price Index
Syrian Arab Republic,2013,1.59,2.c.1 Indicator of food price anomalies,Sub-indicator: Consumer Food Price Index
Syrian Arab Republic,2014,0.41,2.c.1 Indicator of food price anomalies,Sub-indicator: Consumer Food Price Index
Syrian Arab Republic,2015,-0.44,2.c.1 Indicator of food price anomalies,Sub-indicator: Consumer Food Price Index
Syrian Arab Republic,2016,0.65,2.c.1 Indicator of food price anomalies,Sub-indicator: Consumer Food Price Index
Syrian Arab Republic,2017,-0.54,2.c.1 Indicator of food price anomalies,Sub-indicator: Consumer Food Price Index
Syrian Arab Republic,2018,-0.39,2.c.1 Indicator of food price anomalies,Sub-indicator: Consumer Food Price Index
Syrian Arab Republic,2019,-0.01,2.c.1 Indicator of food price anomalies,Sub-indicator: Consumer Food Price Index
Syrian Arab Republic,2020,1.04,2.c.1 Indicator of food price anomalies,Sub-indicator: Consumer Food Price Index
Tajikistan,2010,-0.35,2.c.1 Indicator of food price anomalies,Sub-indicator: Consumer Food Price Index
Tajikistan,2011,1.11,2.c.1 Indicator of food price anomalies,Sub-indicator: Consumer Food Price Index
Tajikistan,2012,-1.24,2.c.1 Indicator of food price anomalies,Sub-indicator: Consumer Food Price Index
Tajikistan,2013,-0.27,2.c.1 Indicator of food price anomalies,Sub-indicator: Consumer Food Price Index
Tajikistan,2014,0.34,2.c.1 Indicator of food price anomalies,Sub-indicator: Consumer Food Price Index
Tajikistan,2015,-0.04,2.c.1 Indicator of food price anomalies,Sub-indicator: Consumer Food Price Index
Tajikistan,2016,-0.4,2.c.1 Indicator of food price anomalies,Sub-indicator: Consumer Food Price Index
Tajikistan,2017,0.38,2.c.1 Indicator of food price anomalies,Sub-indicator: Consumer Food Price Index
Tajikistan,2018,-0.61,2.c.1 Indicator of food price anomalies,Sub-indicator: Consumer Food Price Index
Tajikistan,2019,0.9,2.c.1 Indicator of food price anomalies,Sub-indicator: Consumer Food Price Index
Tajikistan,2020,0.76,2.c.1 Indicator of food price anomalies,Sub-indicator: Consumer Food Price Index
Tajikistan,2021,0.01,2.c.1 Indicator of food price anomalies,Sub-indicator: Consumer Food Price Index
Tajikistan,2022,-0.04,2.c.1 Indicator of food price anomalies,Sub-indicator: Consumer Food Price Index
Tajikistan,2023,-0.2,2.c.1 Indicator of food price anomalies,Sub-indicator: Consumer Food Price Index
Thailand,2010,-0.34,2.c.1 Indicator of food price anomalies,Sub-indicator: Consumer Food Price Index
Thailand,2011,0.21,2.c.1 Indicator of food price anomalies,Sub-indicator: Consumer Food Price Index
Thailand,2012,-0.7,2.c.1 Indicator of food price anomalies,Sub-indicator: Consumer Food Price Index
Thailand,2013,-0.54,2.c.1 Indicator of food price anomalies,Sub-indicator: Consumer Food Price Index
Thailand,2014,-0.2,2.c.1 Indicator of food price anomalies,Sub-indicator: Consumer Food Price Index
Thailand,2015,-0.2,2.c.1 Indicator of food price anomalies,Sub-indicator: Consumer Food Price Index
Thailand,2016,-0.42,2.c.1 Indicator of food price anomalies,Sub-indicator: Consumer Food Price Index
Thailand,2017,-1.25,2.c.1 Indicator of food price anomalies,Sub-indicator: Consumer Food Price Index
Thailand,2018,-0.95,2.c.1 Indicator of food price anomalies,Sub-indicator: Consumer Food Price Index
Thailand,2019,0.1,2.c.1 Indicator of food price anomalies,Sub-indicator: Consumer Food Price Index
Thailand,2020,0.28,2.c.1 Indicator of food price anomalies,Sub-indicator: Consumer Food Price Index
Thailand,2021,-1.26,2.c.1 Indicator of food price anomalies,Sub-indicator: Consumer Food Price Index
Thailand,2022,0.01,2.c.1 Indicator of food price anomalies,Sub-indicator: Consumer Food Price Index
Thailand,2023,-0.02,2.c.1 Indicator of food price anomalies,Sub-indicator: Consumer Food Price Index
Togo,2010,-1.69,2.c.1 Indicator of food price anomalies,Sub-indicator: Consumer Food Price Index
Togo,2011,-0.99,2.c.1 Indicator of food price anomalies,Sub-indicator: Consumer Food Price Index
Togo,2012,0.03,2.c.1 Indicator of food price anomalies,Sub-indicator: Consumer Food Price Index
Togo,2013,-0.5,2.c.1 Indicator of food price anomalies,Sub-indicator: Consumer Food Price Index
Togo,2014,-0.9,2.c.1 Indicator of food price anomalies,Sub-indicator: Consumer Food Price Index
Togo,2015,0.91,2.c.1 Indicator of food price anomalies,Sub-indicator: Consumer Food Price Index
Togo,2016,0.23,2.c.1 Indicator of food price anomalies,Sub-indicator: Consumer Food Price Index
Togo,2017,-0.25,2.c.1 Indicator of food price anomalies,Sub-indicator: Consumer Food Price Index
Togo,2018,-0.14,2.c.1 Indicator of food price anomalies,Sub-indicator: Consumer Food Price Index
Togo,2019,-0.34,2.c.1 Indicator of food price anomalies,Sub-indicator: Consumer Food Price Index
Togo,2020,0.49,2.c.1 Indicator of food price anomalies,Sub-indicator: Consumer Food Price Index
Togo,2021,1.08,2.c.1 Indicator of food price anomalies,Sub-indicator: Consumer Food Price Index
Togo,2022,0.43,2.c.1 Indicator of food price anomalies,Sub-indicator: Consumer Food Price Index
Togo,2023,-0.53,2.c.1 Indicator of food price anomalies,Sub-indicator: Consumer Food Price Index
Tonga,2010,-0.31,2.c.1 Indicator of food price anomalies,Sub-indicator: Consumer Food Price Index
Tonga,2011,-0.45,2.c.1 Indicator of food price anomalies,Sub-indicator: Consumer Food Price Index
Tonga,2012,-0.11,2.c.1 Indicator of food price anomalies,Sub-indicator: Consumer Food Price Index
Tonga,2013,0.22,2.c.1 Indicator of food price anomalies,Sub-indicator: Consumer Food Price Index
Tonga,2014,0.08,2.c.1 Indicator of food price anomalies,Sub-indicator: Consumer Food Price Index
Tonga,2015,0.59,2.c.1 Indicator of food price anomalies,Sub-indicator: Consumer Food Price Index
Tonga,2016,-0.82,2.c.1 Indicator of food price anomalies,Sub-indicator: Consumer Food Price Index
Tonga,2017,-0.04,2.c.1 Indicator of food price anomalies,Sub-indicator: Consumer Food Price Index
Tonga,2018,0.21,2.c.1 Indicator of food price anomalies,Sub-indicator: Consumer Food Price Index
Tonga,2019,-0.1,2.c.1 Indicator of food price anomalies,Sub-indicator: Consumer Food Price Index
Tonga,2020,0.52,2.c.1 Indicator of food price anomalies,Sub-indicator: Consumer Food Price Index
Tonga,2021,0.21,2.c.1 Indicator of food price anomalies,Sub-indicator: Consumer Food Price Index
Tonga,2022,-0.84,2.c.1 Indicator of food price anomalies,Sub-indicator: Consumer Food Price Index
Tonga,2023,0.96,2.c.1 Indicator of food price anomalies,Sub-indicator: Consumer Food Price Index
Trinidad and Tobago,2010,-0.28,2.c.1 Indicator of food price anomalies,Sub-indicator: Consumer Food Price Index
Trinidad and Tobago,2011,-0.66,2.c.1 Indicator of food price anomalies,Sub-indicator: Consumer Food Price Index
Trinidad and Tobago,2012,0.38,2.c.1 Indicator of food price anomalies,Sub-indicator: Consumer Food Price Index
Trinidad and Tobago,2013,-0.65,2.c.1 Indicator of food price anomalies,Sub-indicator: Consumer Food Price Index
Trinidad and Tobago,2014,-0.33,2.c.1 Indicator of food price anomalies,Sub-indicator: Consumer Food Price Index
Trinidad and Tobago,2015,-0.58,2.c.1 Indicator of food price anomalies,Sub-indicator: Consumer Food Price Index
Trinidad and Tobago,2016,-0.28,2.c.1 Indicator of food price anomalies,Sub-indicator: Consumer Food Price Index
Trinidad and Tobago,2017,-0.77,2.c.1 Indicator of food price anomalies,Sub-indicator: Consumer Food Price Index
Trinidad and Tobago,2018,-0.9,2.c.1 Indicator of food price anomalies,Sub-indicator: Consumer Food Price Index
Trinidad and Tobago,2019,-0.86,2.c.1 Indicator of food price anomalies,Sub-indicator: Consumer Food Price Index
Trinidad and Tobago,2020,-0.12,2.c.1 Indicator of food price anomalies,Sub-indicator: Consumer Food Price Index
Trinidad and Tobago,2021,-0.21,2.c.1 Indicator of food price anomalies,Sub-indicator: Consumer Food Price Index
Trinidad and Tobago,2022,0.26,2.c.1 Indicator of food price anomalies,Sub-indicator: Consumer Food Price Index
Trinidad and Tobago,2023,-0.26,2.c.1 Indicator of food price anomalies,Sub-indicator: Consumer Food Price Index
United Arab Emirates,2010,1.43,2.c.1 Indicator of food price anomalies,Sub-indicator: Consumer Food Price Index
United Arab Emirates,2011,1.16,2.c.1 Indicator of food price anomalies,Sub-indicator: Consumer Food Price Index
United Arab Emirates,2012,0.34,2.c.1 Indicator of food price anomalies,Sub-indicator: Consumer Food Price Index
United Arab Emirates,2013,-0.24,2.c.1 Indicator of food price anomalies,Sub-indicator: Consumer Food Price Index
United Arab Emirates,2014,-0.62,2.c.1 Indicator of food price anomalies,Sub-indicator: Consumer Food Price Index
United Arab Emirates,2015,-1.05,2.c.1 Indicator of food price anomalies,Sub-indicator: Consumer Food Price Index
United Arab Emirates,2016,-0.46,2.c.1 Indicator of food price anomalies,Sub-indicator: Consumer Food Price Index
United Arab Emirates,2017,-0.21,2.c.1 Indicator of food price anomalies,Sub-indicator: Consumer Food Price Index
United Arab Emirates,2018,-0.01,2.c.1 Indicator of food price anomalies,Sub-indicator: Consumer Food Price Index
United Arab Emirates,2019,0.0,2.c.1 Indicator of food price anomalies,Sub-indicator: Consumer Food Price Index
United Arab Emirates,2020,1.63,2.c.1 Indicator of food price anomalies,Sub-indicator: Consumer Food Price Index
United Arab Emirates,2021,-0.17,2.c.1 Indicator of food price anomalies,Sub-indicator: Consumer Food Price Index
United Arab Emirates,2022,0.28,2.c.1 Indicator of food price anomalies,Sub-indicator: Consumer Food Price Index
United Arab Emirates,2023,0.25,2.c.1 Indicator of food price anomalies,Sub-indicator: Consumer Food Price Index
Tunisia,2010,-0.47,2.c.1 Indicator of food price anomalies,Sub-indicator: Consumer Food Price Index
Tunisia,2011,-0.09,2.c.1 Indicator of food price anomalies,Sub-indicator: Consumer Food Price Index
Tunisia,2012,0.66,2.c.1 Indicator of food price anomalies,Sub-indicator: Consumer Food Price Index
Tunisia,2013,0.24,2.c.1 Indicator of food price anomalies,Sub-indicator: Consumer Food Price Index
Tunisia,2014,-1.15,2.c.1 Indicator of food price anomalies,Sub-indicator: Consumer Food Price Index
Tunisia,2015,-1.33,2.c.1 Indicator of food price anomalies,Sub-indicator: Consumer Food Price Index
Tunisia,2016,-1.36,2.c.1 Indicator of food price anomalies,Sub-indicator: Consumer Food Price Index
Tunisia,2017,-0.15,2.c.1 Indicator of food price anomalies,Sub-indicator: Consumer Food Price Index
Tunisia,2018,-0.59,2.c.1 Indicator of food price anomalies,Sub-indicator: Consumer Food Price Index
Tunisia,2019,-0.24,2.c.1 Indicator of food price anomalies,Sub-indicator: Consumer Food Price Index
Tunisia,2020,-0.76,2.c.1 Indicator of food price anomalies,Sub-indicator: Consumer Food Price Index
Tunisia,2021,0.21,2.c.1 Indicator of food price anomalies,Sub-indicator: Consumer Food Price Index
Tunisia,2022,1.41,2.c.1 Indicator of food price anomalies,Sub-indicator: Consumer Food Price Index
Tunisia,2023,2.1,2.c.1 Indicator of food price anomalies,Sub-indicator: Consumer Food Price Index
Turkiye,2010,-1.11,2.c.1 Indicator of food price anomalies,Sub-indicator: Consumer Food Price Index
Turkiye,2011,-1.02,2.c.1 Indicator of food price anomalies,Sub-indicator: Consumer Food Price Index
Turkiye,2012,-0.73,2.c.1 Indicator of food price anomalies,Sub-indicator: Consumer Food Price Index
Turkiye,2013,0.25,2.c.1 Indicator of food price anomalies,Sub-indicator: Consumer Food Price Index
Turkiye,2014,0.9,2.c.1 Indicator of food price anomalies,Sub-indicator: Consumer Food Price Index
Turkiye,2015,0.65,2.c.1 Indicator of food price anomalies,Sub-indicator: Consumer Food Price Index
Turkiye,2016,-1.17,2.c.1 Indicator of food price anomalies,Sub-indicator: Consumer Food Price Index
Turkiye,2017,0.0,2.c.1 Indicator of food price anomalies,Sub-indicator: Consumer Food Price Index
Turkiye,2018,0.22,2.c.1 Indicator of food price anomalies,Sub-indicator: Consumer Food Price Index
Turkiye,2019,0.58,2.c.1 Indicator of food price anomalies,Sub-indicator: Consumer Food Price Index
Turkiye,2020,0.27,2.c.1 Indicator of food price anomalies,Sub-indicator: Consumer Food Price Index
Turkiye,2021,0.8,2.c.1 Indicator of food price anomalies,Sub-indicator: Consumer Food Price Index
Turkiye,2022,1.53,2.c.1 Indicator of food price anomalies,Sub-indicator: Consumer Food Price Index
Turkiye,2023,1.05,2.c.1 Indicator of food price anomalies,Sub-indicator: Consumer Food Price Index
Uganda,2010,-3.72,2.c.1 Indicator of food price anomalies,Sub-indicator: Consumer Food Price Index
Uganda,2011,2.1,2.c.1 Indicator of food price anomalies,Sub-indicator: Consumer Food Price Index
Uganda,2012,-0.74,2.c.1 Indicator of food price anomalies,Sub-indicator: Consumer Food Price Index
Uganda,2013,-1.73,2.c.1 Indicator of food price anomalies,Sub-indicator: Consumer Food Price Index
Uganda,2014,-0.23,2.c.1 Indicator of food price anomalies,Sub-indicator: Consumer Food Price Index
Uganda,2015,0.44,2.c.1 Indicator of food price anomalies,Sub-indicator: Consumer Food Price Index
Uganda,2016,-0.19,2.c.1 Indicator of food price anomalies,Sub-indicator: Consumer Food Price Index
Uganda,2017,0.83,2.c.1 Indicator of food price anomalies,Sub-indicator: Consumer Food Price Index
Uganda,2018,-1.2,2.c.1 Indicator of food price anomalies,Sub-indicator: Consumer Food Price Index
Uganda,2019,-0.72,2.c.1 Indicator of food price anomalies,Sub-indicator: Consumer Food Price Index
Uganda,2020,-0.51,2.c.1 Indicator of food price anomalies,Sub-indicator: Consumer Food Price Index
Uganda,2021,0.02,2.c.1 Indicator of food price anomalies,Sub-indicator: Consumer Food Price Index
Uganda,2022,1.74,2.c.1 Indicator of food price anomalies,Sub-indicator: Consumer Food Price Index
Uganda,2023,0.76,2.c.1 Indicator of food price anomalies,Sub-indicator: Consumer Food Price Index
Ukraine,2010,0.17,2.c.1 Indicator of food price anomalies,Sub-indicator: Consumer Food Price Index
Ukraine,2011,-0.48,2.c.1 Indicator of food price anomalies,Sub-indicator: Consumer Food Price Index
Ukraine,2012,-0.45,2.c.1 Indicator of food price anomalies,Sub-indicator: Consumer Food Price Index
Ukraine,2013,-0.22,2.c.1 Indicator of food price anomalies,Sub-indicator: Consumer Food Price Index
Ukraine,2014,0.2,2.c.1 Indicator of food price anomalies,Sub-indicator: Consumer Food Price Index
Ukraine,2015,-0.25,2.c.1 Indicator of food price anomalies,Sub-indicator: Consumer Food Price Index
Ukraine,2016,-1.22,2.c.1 Indicator of food price anomalies,Sub-indicator: Consumer Food Price Index
Ukraine,2017,0.4,2.c.1 Indicator of food price anomalies,Sub-indicator: Consumer Food Price Index
Ukraine,2018,0.2,2.c.1 Indicator of food price anomalies,Sub-indicator: Consumer Food Price Index
Ukraine,2019,0.45,2.c.1 Indicator of food price anomalies,Sub-indicator: Consumer Food Price Index
Ukraine,2020,0.17,2.c.1 Indicator of food price anomalies,Sub-indicator: Consumer Food Price Index
Ukraine,2021,0.66,2.c.1 Indicator of food price anomalies,Sub-indicator: Consumer Food Price Index
Ukraine,2022,1.68,2.c.1 Indicator of food price anomalies,Sub-indicator: Consumer Food Price Index
Ukraine,2023,0.1,2.c.1 Indicator of food price anomalies,Sub-indicator: Consumer Food Price Index
North Macedonia,2010,-0.49,2.c.1 Indicator of food price anomalies,Sub-indicator: Consumer Food Price Index
North Macedonia,2011,0.33,2.c.1 Indicator of food price anomalies,Sub-indicator: Consumer Food Price Index
North Macedonia,2012,-0.52,2.c.1 Indicator of food price anomalies,Sub-indicator: Consumer Food Price Index
North Macedonia,2013,0.02,2.c.1 Indicator of food price anomalies,Sub-indicator: Consumer Food Price Index
North Macedonia,2014,-0.34,2.c.1 Indicator of food price anomalies,Sub-indicator: Consumer Food Price Index
North Macedonia,2015,-0.09,2.c.1 Indicator of food price anomalies,Sub-indicator: Consumer Food Price Index
North Macedonia,2016,-0.59,2.c.1 Indicator of food price anomalies,Sub-indicator: Consumer Food Price Index
North Macedonia,2017,-0.37,2.c.1 Indicator of food price anomalies,Sub-indicator: Consumer Food Price Index
North Macedonia,2018,-0.27,2.c.1 Indicator of food price anomalies,Sub-indicator: Consumer Food Price Index
North Macedonia,2019,0.52,2.c.1 Indicator of food price anomalies,Sub-indicator: Consumer Food Price Index
North Macedonia,2020,0.65,2.c.1 Indicator of food price anomalies,Sub-indicator: Consumer Food Price Index
North Macedonia,2021,0.14,2.c.1 Indicator of food price anomalies,Sub-indicator: Consumer Food Price Index
North Macedonia,2022,3.32,2.c.1 Indicator of food price anomalies,Sub-indicator: Consumer Food Price Index
North Macedonia,2023,0.24,2.c.1 Indicator of food price anomalies,Sub-indicator: Consumer Food Price Index
"Egypt, Arab Rep.",2010,1.55,2.c.1 Indicator of food price anomalies,Sub-indicator: Consumer Food Price Index
"Egypt, Arab Rep.",2011,-0.34,2.c.1 Indicator of food price anomalies,Sub-indicator: Consumer Food Price Index
"Egypt, Arab Rep.",2012,-0.95,2.c.1 Indicator of food price anomalies,Sub-indicator: Consumer Food Price Index
"Egypt, Arab Rep.",2013,-0.26,2.c.1 Indicator of food price anomalies,Sub-indicator: Consumer Food Price Index
"Egypt, Arab Rep.",2014,-0.88,2.c.1 Indicator of food price anomalies,Sub-indicator: Consumer Food Price Index
"Egypt, Arab Rep.",2015,-0.75,2.c.1 Indicator of food price anomalies,Sub-indicator: Consumer Food Price Index
"Egypt, Arab Rep.",2016,-0.13,2.c.1 Indicator of food price anomalies,Sub-indicator: Consumer Food Price Index
"Egypt, Arab Rep.",2017,1.29,2.c.1 Indicator of food price anomalies,Sub-indicator: Consumer Food Price Index
"Egypt, Arab Rep.",2018,-1.05,2.c.1 Indicator of food price anomalies,Sub-indicator: Consumer Food Price Index
"Egypt, Arab Rep.",2019,-1.5,2.c.1 Indicator of food price anomalies,Sub-indicator: Consumer Food Price Index
"Egypt, Arab Rep.",2020,-1.42,2.c.1 Indicator of food price anomalies,Sub-indicator: Consumer Food Price Index
"Egypt, Arab Rep.",2021,-0.12,2.c.1 Indicator of food price anomalies,Sub-indicator: Consumer Food Price Index
"Egypt, Arab Rep.",2022,1.65,2.c.1 Indicator of food price anomalies,Sub-indicator: Consumer Food Price Index
"Egypt, Arab Rep.",2023,3.25,2.c.1 Indicator of food price anomalies,Sub-indicator: Consumer Food Price Index
United Kingdom,2010,-0.77,2.c.1 Indicator of food price anomalies,Sub-indicator: Consumer Food Price Index
United Kingdom,2011,-0.77,2.c.1 Indicator of food price anomalies,Sub-indicator: Consumer Food Price Index
United Kingdom,2012,-0.44,2.c.1 Indicator of food price anomalies,Sub-indicator: Consumer Food Price Index
United Kingdom,2013,-0.17,2.c.1 Indicator of food price anomalies,Sub-indicator: Consumer Food Price Index
United Kingdom,2014,-1.51,2.c.1 Indicator of food price anomalies,Sub-indicator: Consumer Food Price Index
United Kingdom,2015,-1.45,2.c.1 Indicator of food price anomalies,Sub-indicator: Consumer Food Price Index
United Kingdom,2016,-1.17,2.c.1 Indicator of food price anomalies,Sub-indicator: Consumer Food Price Index
United Kingdom,2017,0.28,2.c.1 Indicator of food price anomalies,Sub-indicator: Consumer Food Price Index
United Kingdom,2018,-0.05,2.c.1 Indicator of food price anomalies,Sub-indicator: Consumer Food Price Index
United Kingdom,2019,0.11,2.c.1 Indicator of food price anomalies,Sub-indicator: Consumer Food Price Index
United Kingdom,2020,-0.06,2.c.1 Indicator of food price anomalies,Sub-indicator: Consumer Food Price Index
United Kingdom,2021,-0.67,2.c.1 Indicator of food price anomalies,Sub-indicator: Consumer Food Price Index
United Kingdom,2022,1.86,2.c.1 Indicator of food price anomalies,Sub-indicator: Consumer Food Price Index
United Kingdom,2023,2.57,2.c.1 Indicator of food price anomalies,Sub-indicator: Consumer Food Price Index
Tanzania,2010,-1.34,2.c.1 Indicator of food price anomalies,Sub-indicator: Consumer Food Price Index
Tanzania,2011,1.8,2.c.1 Indicator of food price anomalies,Sub-indicator: Consumer Food Price Index
Tanzania,2012,1.35,2.c.1 Indicator of food price anomalies,Sub-indicator: Consumer Food Price Index
Tanzania,2013,-1.54,2.c.1 Indicator of food price anomalies,Sub-indicator: Consumer Food Price Index
Tanzania,2014,-0.47,2.c.1 Indicator of food price anomalies,Sub-indicator: Consumer Food Price Index
Tanzania,2015,0.28,2.c.1 Indicator of food price anomalies,Sub-indicator: Consumer Food Price Index
Tanzania,2016,-0.08,2.c.1 Indicator of food price anomalies,Sub-indicator: Consumer Food Price Index
Tanzania,2017,0.73,2.c.1 Indicator of food price anomalies,Sub-indicator: Consumer Food Price Index
Tanzania,2018,-1.73,2.c.1 Indicator of food price anomalies,Sub-indicator: Consumer Food Price Index
Tanzania,2019,-0.82,2.c.1 Indicator of food price anomalies,Sub-indicator: Consumer Food Price Index
Tanzania,2020,-0.42,2.c.1 Indicator of food price anomalies,Sub-indicator: Consumer Food Price Index
Tanzania,2021,-0.56,2.c.1 Indicator of food price anomalies,Sub-indicator: Consumer Food Price Index
Tanzania,2022,0.8,2.c.1 Indicator of food price anomalies,Sub-indicator: Consumer Food Price Index
Tanzania,2023,0.29,2.c.1 Indicator of food price anomalies,Sub-indicator: Consumer Food Price Index
United States,2010,-1.3,2.c.1 Indicator of food price anomalies,Sub-indicator: Consumer Food Price Index
United States,2011,0.56,2.c.1 Indicator of food price anomalies,Sub-indicator: Consumer Food Price Index
United States,2012,-0.3,2.c.1 Indicator of food price anomalies,Sub-indicator: Consumer Food Price Index
United States,2013,-0.55,2.c.1 Indicator of food price anomalies,Sub-indicator: Consumer Food Price Index
United States,2014,0.33,2.c.1 Indicator of food price anomalies,Sub-indicator: Consumer Food Price Index
United States,2015,0.13,2.c.1 Indicator of food price anomalies,Sub-indicator: Consumer Food Price Index
United States,2016,-1.84,2.c.1 Indicator of food price anomalies,Sub-indicator: Consumer Food Price Index
United States,2017,-0.87,2.c.1 Indicator of food price anomalies,Sub-indicator: Consumer Food Price Index
United States,2018,-0.68,2.c.1 Indicator of food price anomalies,Sub-indicator: Consumer Food Price Index
United States,2019,-0.14,2.c.1 Indicator of food price anomalies,Sub-indicator: Consumer Food Price Index
United States,2020,1.5,2.c.1 Indicator of food price anomalies,Sub-indicator: Consumer Food Price Index
United States,2021,-0.25,2.c.1 Indicator of food price anomalies,Sub-indicator: Consumer Food Price Index
United States,2022,1.48,2.c.1 Indicator of food price anomalies,Sub-indicator: Consumer Food Price Index
United States,2023,0.11,2.c.1 Indicator of food price anomalies,Sub-indicator: Consumer Food Price Index
Burkina Faso,2010,-0.29,2.c.1 Indicator of food price anomalies,Sub-indicator: Consumer Food Price Index
Burkina Faso,2011,-0.04,2.c.1 Indicator of food price anomalies,Sub-indicator: Consumer Food Price Index
Burkina Faso,2012,-0.44,2.c.1 Indicator of food price anomalies,Sub-indicator: Consumer Food Price Index
Burkina Faso,2013,-1.06,2.c.1 Indicator of food price anomalies,Sub-indicator: Consumer Food Price Index
Burkina Faso,2014,-1.12,2.c.1 Indicator of food price anomalies,Sub-indicator: Consumer Food Price Index
Burkina Faso,2015,0.18,2.c.1 Indicator of food price anomalies,Sub-indicator: Consumer Food Price Index
Burkina Faso,2016,-0.12,2.c.1 Indicator of food price anomalies,Sub-indicator: Consumer Food Price Index
Burkina Faso,2017,-0.38,2.c.1 Indicator of food price anomalies,Sub-indicator: Consumer Food Price Index
Burkina Faso,2018,0.02,2.c.1 Indicator of food price anomalies,Sub-indicator: Consumer Food Price Index
Burkina Faso,2019,-1.11,2.c.1 Indicator of food price anomalies,Sub-indicator: Consumer Food Price Index
Burkina Faso,2020,0.53,2.c.1 Indicator of food price anomalies,Sub-indicator: Consumer Food Price Index
Burkina Faso,2021,0.75,2.c.1 Indicator of food price anomalies,Sub-indicator: Consumer Food Price Index
Burkina Faso,2022,1.88,2.c.1 Indicator of food price anomalies,Sub-indicator: Consumer Food Price Index
Burkina Faso,2023,-0.83,2.c.1 Indicator of food price anomalies,Sub-indicator: Consumer Food Price Index
Uruguay,2010,-0.38,2.c.1 Indicator of food price anomalies,Sub-indicator: Consumer Food Price Index
Uruguay,2011,-0.04,2.c.1 Indicator of food price anomalies,Sub-indicator: Consumer Food Price Index
Uruguay,2012,-0.1,2.c.1 Indicator of food price anomalies,Sub-indicator: Consumer Food Price Index
Uruguay,2013,0.09,2.c.1 Indicator of food price anomalies,Sub-indicator: Consumer Food Price Index
Uruguay,2014,0.12,2.c.1 Indicator of food price anomalies,Sub-indicator: Consumer Food Price Index
Uruguay,2015,-0.3,2.c.1 Indicator of food price anomalies,Sub-indicator: Consumer Food Price Index
Uruguay,2016,-0.42,2.c.1 Indicator of food price anomalies,Sub-indicator: Consumer Food Price Index
Uruguay,2017,-1.47,2.c.1 Indicator of food price anomalies,Sub-indicator: Consumer Food Price Index
Uruguay,2018,0.01,2.c.1 Indicator of food price anomalies,Sub-indicator: Consumer Food Price Index
Uruguay,2019,0.5,2.c.1 Indicator of food price anomalies,Sub-indicator: Consumer Food Price Index
Uruguay,2020,0.88,2.c.1 Indicator of food price anomalies,Sub-indicator: Consumer Food Price Index
Uruguay,2021,-0.5,2.c.1 Indicator of food price anomalies,Sub-indicator: Consumer Food Price Index
Uruguay,2022,0.46,2.c.1 Indicator of food price anomalies,Sub-indicator: Consumer Food Price Index
Uruguay,2023,0.4,2.c.1 Indicator of food price anomalies,Sub-indicator: Consumer Food Price Index
Uzbekistan,2010,0.19,2.c.1 Indicator of food price anomalies,Sub-indicator: Consumer Food Price Index
Uzbekistan,2011,0.43,2.c.1 Indicator of food price anomalies,Sub-indicator: Consumer Food Price Index
Uzbekistan,2012,-0.61,2.c.1 Indicator of food price anomalies,Sub-indicator: Consumer Food Price Index
Uzbekistan,2013,-0.38,2.c.1 Indicator of food price anomalies,Sub-indicator: Consumer Food Price Index
Uzbekistan,2014,-1.09,2.c.1 Indicator of food price anomalies,Sub-indicator: Consumer Food Price Index
Uzbekistan,2015,-3.64,2.c.1 Indicator of food price anomalies,Sub-indicator: Consumer Food Price Index
Uzbekistan,2016,-8.54,2.c.1 Indicator of food price anomalies,Sub-indicator: Consumer Food Price Index
Uzbekistan,2017,4.12,2.c.1 Indicator of food price anomalies,Sub-indicator: Consumer Food Price Index
Uzbekistan,2018,0.54,2.c.1 Indicator of food price anomalies,Sub-indicator: Consumer Food Price Index
Uzbekistan,2019,-0.29,2.c.1 Indicator of food price anomalies,Sub-indicator: Consumer Food Price Index
Uzbekistan,2020,0.44,2.c.1 Indicator of food price anomalies,Sub-indicator: Consumer Food Price Index
Uzbekistan,2021,0.1,2.c.1 Indicator of food price anomalies,Sub-indicator: Consumer Food Price Index
Uzbekistan,2022,0.1,2.c.1 Indicator of food price anomalies,Sub-indicator: Consumer Food Price Index
Uzbekistan,2023,-0.48,2.c.1 Indicator of food price anomalies,Sub-indicator: Consumer Food Price Index
"Venezuela, RB",2010,1.85,2.c.1 Indicator of food price anomalies,Sub-indicator: Consumer Food Price Index
"Venezuela, RB",2011,0.42,2.c.1 Indicator of food price anomalies,Sub-indicator: Consumer Food Price Index
"Venezuela, RB",2012,0.17,2.c.1 Indicator of food price anomalies,Sub-indicator: Consumer Food Price Index
"Venezuela, RB",2013,1.66,2.c.1 Indicator of food price anomalies,Sub-indicator: Consumer Food Price Index
"Venezuela, RB",2014,1.9,2.c.1 Indicator of food price anomalies,Sub-indicator: Consumer Food Price Index
"Venezuela, RB",2015,4.36,2.c.1 Indicator of food price anomalies,Sub-indicator: Consumer Food Price Index
"Venezuela, RB",2016,1.34,2.c.1 Indicator of food price anomalies,Sub-indicator: Consumer Food Price Index
"Venezuela, RB",2017,0.21,2.c.1 Indicator of food price anomalies,Sub-indicator: Consumer Food Price Index
"Venezuela, RB",2018,-0.04,2.c.1 Indicator of food price anomalies,Sub-indicator: Consumer Food Price Index
"Venezuela, RB",2019,-1.65,2.c.1 Indicator of food price anomalies,Sub-indicator: Consumer Food Price Index
"Venezuela, RB",2020,-0.6,2.c.1 Indicator of food price anomalies,Sub-indicator: Consumer Food Price Index
"Venezuela, RB",2021,-1.16,2.c.1 Indicator of food price anomalies,Sub-indicator: Consumer Food Price Index
"Venezuela, RB",2022,-0.51,2.c.1 Indicator of food price anomalies,Sub-indicator: Consumer Food Price Index
"Venezuela, RB",2023,-0.18,2.c.1 Indicator of food price anomalies,Sub-indicator: Consumer Food Price Index
Samoa,2010,-1.82,2.c.1 Indicator of food price anomalies,Sub-indicator: Consumer Food Price Index
Samoa,2011,0.31,2.c.1 Indicator of food price anomalies,Sub-indicator: Consumer Food Price Index
Samoa,2012,-0.81,2.c.1 Indicator of food price anomalies,Sub-indicator: Consumer Food Price Index
Samoa,2013,-0.13,2.c.1 Indicator of food price anomalies,Sub-indicator: Consumer Food Price Index
Samoa,2014,-0.79,2.c.1 Indicator of food price anomalies,Sub-indicator: Consumer Food Price Index
Samoa,2015,0.69,2.c.1 Indicator of food price anomalies,Sub-indicator: Consumer Food Price Index
Samoa,2016,1.08,2.c.1 Indicator of food price anomalies,Sub-indicator: Consumer Food Price Index
Samoa,2017,-0.21,2.c.1 Indicator of food price anomalies,Sub-indicator: Consumer Food Price Index
Samoa,2018,0.01,2.c.1 Indicator of food price anomalies,Sub-indicator: Consumer Food Price Index
Samoa,2019,-0.06,2.c.1 Indicator of food price anomalies,Sub-indicator: Consumer Food Price Index
Samoa,2020,-0.36,2.c.1 Indicator of food price anomalies,Sub-indicator: Consumer Food Price Index
Samoa,2021,0.14,2.c.1 Indicator of food price anomalies,Sub-indicator: Consumer Food Price Index
Samoa,2022,0.85,2.c.1 Indicator of food price anomalies,Sub-indicator: Consumer Food Price Index
Samoa,2023,1.5,2.c.1 Indicator of food price anomalies,Sub-indicator: Consumer Food Price Index
"Yemen, Rep.",2010,-0.69,2.c.1 Indicator of food price anomalies,Sub-indicator: Consumer Food Price Index
"Yemen, Rep.",2011,-0.85,2.c.1 Indicator of food price anomalies,Sub-indicator: Consumer Food Price Index
"Yemen, Rep.",2012,0.4,2.c.1 Indicator of food price anomalies,Sub-indicator: Consumer Food Price Index
"Yemen, Rep.",2013,0.08,2.c.1 Indicator of food price anomalies,Sub-indicator: Consumer Food Price Index
"Yemen, Rep.",2014,-1.6,2.c.1 Indicator of food price anomalies,Sub-indicator: Consumer Food Price Index
"Yemen, Rep.",2015,-0.47,2.c.1 Indicator of food price anomalies,Sub-indicator: Consumer Food Price Index
"Yemen, Rep.",2016,0.35,2.c.1 Indicator of food price anomalies,Sub-indicator: Consumer Food Price Index
"Yemen, Rep.",2017,-0.83,2.c.1 Indicator of food price anomalies,Sub-indicator: Consumer Food Price Index
"Yemen, Rep.",2018,-0.64,2.c.1 Indicator of food price anomalies,Sub-indicator: Consumer Food Price Index
"Yemen, Rep.",2019,-0.25,2.c.1 Indicator of food price anomalies,Sub-indicator: Consumer Food Price Index
"Yemen, Rep.",2020,0.39,2.c.1 Indicator of food price anomalies,Sub-indicator: Consumer Food Price Index
"Yemen, Rep.",2021,-0.2,2.c.1 Indicator of food price anomalies,Sub-indicator: Consumer Food Price Index
"Yemen, Rep.",2022,-0.25,2.c.1 Indicator of food price anomalies,Sub-indicator: Consumer Food Price Index
"Yemen, Rep.",2023,0.12,2.c.1 Indicator of food price anomalies,Sub-indicator: Consumer Food Price Index
Zambia,2010,-0.61,2.c.1 Indicator of food price anomalies,Sub-indicator: Consumer Food Price Index
Zambia,2011,-0.01,2.c.1 Indicator of food price anomalies,Sub-indicator: Consumer Food Price Index
Zambia,2012,0.7,2.c.1 Indicator of food price anomalies,Sub-indicator: Consumer Food Price Index
Zambia,2013,-0.03,2.c.1 Indicator of food price anomalies,Sub-indicator: Consumer Food Price Index
Zambia,2014,0.04,2.c.1 Indicator of food price anomalies,Sub-indicator: Consumer Food Price Index
Zambia,2015,1.16,2.c.1 Indicator of food price anomalies,Sub-indicator: Consumer Food Price Index
Zambia,2016,1.57,2.c.1 Indicator of food price anomalies,Sub-indicator: Consumer Food Price Index
Zambia,2017,-0.48,2.c.1 Indicator of food price anomalies,Sub-indicator: Consumer Food Price Index
Zambia,2018,-0.04,2.c.1 Indicator of food price anomalies,Sub-indicator: Consumer Food Price Index
Zambia,2019,0.77,2.c.1 Indicator of food price anomalies,Sub-indicator: Consumer Food Price Index
Zambia,2020,-0.07,2.c.1 Indicator of food price anomalies,Sub-indicator: Consumer Food Price Index
Zambia,2021,2.18,2.c.1 Indicator of food price anomalies,Sub-indicator: Consumer Food Price Index
Haiti,2010,-0.82,2.c.1 Indicator of food price anomalies,Sub-indicator: Consumer Food Price Index
Haiti,2011,0.28,2.c.1 Indicator of food price anomalies,Sub-indicator: Consumer Food Price Index
Haiti,2012,0.07,2.c.1 Indicator of food price anomalies,Sub-indicator: Consumer Food Price Index
Haiti,2013,0.12,2.c.1 Indicator of food price anomalies,Sub-indicator: Consumer Food Price Index
Haiti,2014,-0.43,2.c.1 Indicator of food price anomalies,Sub-indicator: Consumer Food Price Index
Haiti,2015,0.2,2.c.1 Indicator of food price anomalies,Sub-indicator: Consumer Food Price Index
Haiti,2016,0.39,2.c.1 Indicator of food price anomalies,Sub-indicator: Consumer Food Price Index
Haiti,2017,0.07,2.c.1 Indicator of food price anomalies,Sub-indicator: Consumer Food Price Index
Zambia,2022,0.52,2.c.1 Indicator of food price anomalies,Sub-indicator: Consumer Food Price Index
Zambia,2023,-0.59,2.c.1 Indicator of food price anomalies,Sub-indicator: Consumer Food Price Index
Afghanistan,2015,0.08,2.c.1 Indicator of food price anomalies,Sub-indicator: Type of product
Afghanistan,2016,-0.06,2.c.1 Indicator of food price anomalies,Sub-indicator: Type of product
Afghanistan,2017,-0.53,2.c.1 Indicator of food price anomalies,Sub-indicator: Type of product
Afghanistan,2018,0.19,2.c.1 Indicator of food price anomalies,Sub-indicator: Type of product
Afghanistan,2019,0.76,2.c.1 Indicator of food price anomalies,Sub-indicator: Type of product
Afghanistan,2020,0.43,2.c.1 Indicator of food price anomalies,Sub-indicator: Type of product
Afghanistan,2021,0.46,2.c.1 Indicator of food price anomalies,Sub-indicator: Type of product
Afghanistan,2022,0.36,2.c.1 Indicator of food price anomalies,Sub-indicator: Type of product
Afghanistan,2023,-2.73,2.c.1 Indicator of food price anomalies,Sub-indicator: Type of product
Afghanistan,2024,0.06,2.c.1 Indicator of food price anomalies,Sub-indicator: Type of product
Azerbaijan,2015,0.08,2.c.1 Indicator of food price anomalies,Sub-indicator: Type of product
Azerbaijan,2016,-0.2,2.c.1 Indicator of food price anomalies,Sub-indicator: Type of product
Azerbaijan,2017,-0.43,2.c.1 Indicator of food price anomalies,Sub-indicator: Type of product
Azerbaijan,2018,0.09,2.c.1 Indicator of food price anomalies,Sub-indicator: Type of product
Azerbaijan,2019,0.67,2.c.1 Indicator of food price anomalies,Sub-indicator: Type of product
Azerbaijan,2020,0.07,2.c.1 Indicator of food price anomalies,Sub-indicator: Type of product
Azerbaijan,2021,-0.08,2.c.1 Indicator of food price anomalies,Sub-indicator: Type of product
Azerbaijan,2022,-0.51,2.c.1 Indicator of food price anomalies,Sub-indicator: Type of product
Azerbaijan,2023,-0.33,2.c.1 Indicator of food price anomalies,Sub-indicator: Type of product
Azerbaijan,2024,-0.15,2.c.1 Indicator of food price anomalies,Sub-indicator: Type of product
Argentina,2015,-5.67,2.c.1 Indicator of food price anomalies,Sub-indicator: Type of product
Argentina,2015,-0.58,2.c.1 Indicator of food price anomalies,Sub-indicator: Type of product
Argentina,2016,2.01,2.c.1 Indicator of food price anomalies,Sub-indicator: Type of product
Argentina,2016,2.44,2.c.1 Indicator of food price anomalies,Sub-indicator: Type of product
Argentina,2017,0.34,2.c.1 Indicator of food price anomalies,Sub-indicator: Type of product
Argentina,2017,0.11,2.c.1 Indicator of food price anomalies,Sub-indicator: Type of product
Argentina,2018,0.46,2.c.1 Indicator of food price anomalies,Sub-indicator: Type of product
Argentina,2018,0.63,2.c.1 Indicator of food price anomalies,Sub-indicator: Type of product
Argentina,2019,1.35,2.c.1 Indicator of food price anomalies,Sub-indicator: Type of product
Argentina,2019,-0.08,2.c.1 Indicator of food price anomalies,Sub-indicator: Type of product
Argentina,2020,1.52,2.c.1 Indicator of food price anomalies,Sub-indicator: Type of product
Argentina,2020,0.03,2.c.1 Indicator of food price anomalies,Sub-indicator: Type of product
Argentina,2021,0.49,2.c.1 Indicator of food price anomalies,Sub-indicator: Type of product
Argentina,2021,0.62,2.c.1 Indicator of food price anomalies,Sub-indicator: Type of product
Argentina,2022,0.65,2.c.1 Indicator of food price anomalies,Sub-indicator: Type of product
Argentina,2022,1.36,2.c.1 Indicator of food price anomalies,Sub-indicator: Type of product
Argentina,2023,0.69,2.c.1 Indicator of food price anomalies,Sub-indicator: Type of product
Argentina,2023,0.47,2.c.1 Indicator of food price anomalies,Sub-indicator: Type of product
Argentina,2024,0.44,2.c.1 Indicator of food price anomalies,Sub-indicator: Type of product
Argentina,2024,1.45,2.c.1 Indicator of food price anomalies,Sub-indicator: Type of product
Austria,2015,0.02,2.c.1 Indicator of food price anomalies,Sub-indicator: Type of product
Austria,2016,-1.28,2.c.1 Indicator of food price anomalies,Sub-indicator: Type of product
Austria,2017,0.69,2.c.1 Indicator of food price anomalies,Sub-indicator: Type of product
Austria,2018,0.54,2.c.1 Indicator of food price anomalies,Sub-indicator: Type of product
Austria,2019,-0.2,2.c.1 Indicator of food price anomalies,Sub-indicator: Type of product
Austria,2020,0.33,2.c.1 Indicator of food price anomalies,Sub-indicator: Type of product
Austria,2021,1.17,2.c.1 Indicator of food price anomalies,Sub-indicator: Type of product
Austria,2022,0.94,2.c.1 Indicator of food price anomalies,Sub-indicator: Type of product
Austria,2023,-1.93,2.c.1 Indicator of food price anomalies,Sub-indicator: Type of product
Austria,2024,0.66,2.c.1 Indicator of food price anomalies,Sub-indicator: Type of product
Bangladesh,2015,-0.58,2.c.1 Indicator of food price anomalies,Sub-indicator: Type of product
Bangladesh,2015,-0.69,2.c.1 Indicator of food price anomalies,Sub-indicator: Type of product
Bangladesh,2016,-0.72,2.c.1 Indicator of food price anomalies,Sub-indicator: Type of product
Bangladesh,2016,-0.17,2.c.1 Indicator of food price anomalies,Sub-indicator: Type of product
Bangladesh,2017,1.11,2.c.1 Indicator of food price anomalies,Sub-indicator: Type of product
Bangladesh,2017,0.6,2.c.1 Indicator of food price anomalies,Sub-indicator: Type of product
Bangladesh,2018,0.46,2.c.1 Indicator of food price anomalies,Sub-indicator: Type of product
Bangladesh,2018,-0.31,2.c.1 Indicator of food price anomalies,Sub-indicator: Type of product
Bangladesh,2019,-1.08,2.c.1 Indicator of food price anomalies,Sub-indicator: Type of product
Bangladesh,2019,0.34,2.c.1 Indicator of food price anomalies,Sub-indicator: Type of product
Bangladesh,2020,-0.15,2.c.1 Indicator of food price anomalies,Sub-indicator: Type of product
Bangladesh,2020,1.09,2.c.1 Indicator of food price anomalies,Sub-indicator: Type of product
Bangladesh,2021,0.26,2.c.1 Indicator of food price anomalies,Sub-indicator: Type of product
Bangladesh,2021,0.81,2.c.1 Indicator of food price anomalies,Sub-indicator: Type of product
Bangladesh,2022,3.74,2.c.1 Indicator of food price anomalies,Sub-indicator: Type of product
Bangladesh,2022,0.59,2.c.1 Indicator of food price anomalies,Sub-indicator: Type of product
Bangladesh,2023,0.73,2.c.1 Indicator of food price anomalies,Sub-indicator: Type of product
Bangladesh,2023,0.67,2.c.1 Indicator of food price anomalies,Sub-indicator: Type of product
Bangladesh,2024,-1.52,2.c.1 Indicator of food price anomalies,Sub-indicator: Type of product
Bangladesh,2024,-0.87,2.c.1 Indicator of food price anomalies,Sub-indicator: Type of product
Armenia,2015,-0.49,2.c.1 Indicator of food price anomalies,Sub-indicator: Type of product
Armenia,2016,-0.9,2.c.1 Indicator of food price anomalies,Sub-indicator: Type of product
Armenia,2017,-0.45,2.c.1 Indicator of food price anomalies,Sub-indicator: Type of product
Armenia,2018,-0.39,2.c.1 Indicator of food price anomalies,Sub-indicator: Type of product
Armenia,2019,0.32,2.c.1 Indicator of food price anomalies,Sub-indicator: Type of product
Armenia,2020,0.63,2.c.1 Indicator of food price anomalies,Sub-indicator: Type of product
Armenia,2021,0.07,2.c.1 Indicator of food price anomalies,Sub-indicator: Type of product
Armenia,2022,0.51,2.c.1 Indicator of food price anomalies,Sub-indicator: Type of product
Armenia,2023,-2.32,2.c.1 Indicator of food price anomalies,Sub-indicator: Type of product
Armenia,2024,1.23,2.c.1 Indicator of food price anomalies,Sub-indicator: Type of product
Bolivia,2015,-0.87,2.c.1 Indicator of food price anomalies,Sub-indicator: Type of product
Bolivia,2015,-1.6,2.c.1 Indicator of food price anomalies,Sub-indicator: Type of product
Bolivia,2015,-1.33,2.c.1 Indicator of food price anomalies,Sub-indicator: Type of product
Bolivia,2016,-0.05,2.c.1 Indicator of food price anomalies,Sub-indicator: Type of product
Bolivia,2016,1.21,2.c.1 Indicator of food price anomalies,Sub-indicator: Type of product
Bolivia,2016,0.61,2.c.1 Indicator of food price anomalies,Sub-indicator: Type of product
Bolivia,2017,-0.07,2.c.1 Indicator of food price anomalies,Sub-indicator: Type of product
Bolivia,2017,-0.42,2.c.1 Indicator of food price anomalies,Sub-indicator: Type of product
Bolivia,2017,-0.16,2.c.1 Indicator of food price anomalies,Sub-indicator: Type of product
Bolivia,2018,-0.15,2.c.1 Indicator of food price anomalies,Sub-indicator: Type of product
Bolivia,2018,-0.27,2.c.1 Indicator of food price anomalies,Sub-indicator: Type of product
Bolivia,2018,0.46,2.c.1 Indicator of food price anomalies,Sub-indicator: Type of product
Bolivia,2019,-0.04,2.c.1 Indicator of food price anomalies,Sub-indicator: Type of product
Bolivia,2019,0.31,2.c.1 Indicator of food price anomalies,Sub-indicator: Type of product
Bolivia,2019,0.47,2.c.1 Indicator of food price anomalies,Sub-indicator: Type of product
Bolivia,2020,0.59,2.c.1 Indicator of food price anomalies,Sub-indicator: Type of product
Bolivia,2020,0.11,2.c.1 Indicator of food price anomalies,Sub-indicator: Type of product
Bolivia,2020,-0.1,2.c.1 Indicator of food price anomalies,Sub-indicator: Type of product
Bolivia,2021,0.06,2.c.1 Indicator of food price anomalies,Sub-indicator: Type of product
Bolivia,2021,0.66,2.c.1 Indicator of food price anomalies,Sub-indicator: Type of product
Bolivia,2021,-0.46,2.c.1 Indicator of food price anomalies,Sub-indicator: Type of product
Bolivia,2022,-1.78,2.c.1 Indicator of food price anomalies,Sub-indicator: Type of product
Bolivia,2022,-0.03,2.c.1 Indicator of food price anomalies,Sub-indicator: Type of product
Bolivia,2022,0.79,2.c.1 Indicator of food price anomalies,Sub-indicator: Type of product
Bolivia,2023,0.41,2.c.1 Indicator of food price anomalies,Sub-indicator: Type of product
Bolivia,2023,0.2,2.c.1 Indicator of food price anomalies,Sub-indicator: Type of product
Bolivia,2023,1.49,2.c.1 Indicator of food price anomalies,Sub-indicator: Type of product
Bolivia,2024,0.13,2.c.1 Indicator of food price anomalies,Sub-indicator: Type of product
Bolivia,2024,0.81,2.c.1 Indicator of food price anomalies,Sub-indicator: Type of product
Bolivia,2024,0.14,2.c.1 Indicator of food price anomalies,Sub-indicator: Type of product
Botswana,2015,-0.22,2.c.1 Indicator of food price anomalies,Sub-indicator: Type of product
Botswana,2015,-0.18,2.c.1 Indicator of food price anomalies,Sub-indicator: Type of product
Botswana,2015,-0.03,2.c.1 Indicator of food price anomalies,Sub-indicator: Type of product
Botswana,2015,-0.71,2.c.1 Indicator of food price anomalies,Sub-indicator: Type of product
Botswana,2016,0.6,2.c.1 Indicator of food price anomalies,Sub-indicator: Type of product
Botswana,2016,0.1,2.c.1 Indicator of food price anomalies,Sub-indicator: Type of product
Botswana,2016,-1.56,2.c.1 Indicator of food price anomalies,Sub-indicator: Type of product
Botswana,2016,0.37,2.c.1 Indicator of food price anomalies,Sub-indicator: Type of product
Botswana,2017,0.09,2.c.1 Indicator of food price anomalies,Sub-indicator: Type of product
Botswana,2017,-0.29,2.c.1 Indicator of food price anomalies,Sub-indicator: Type of product
Botswana,2017,-0.3,2.c.1 Indicator of food price anomalies,Sub-indicator: Type of product
Botswana,2017,-0.52,2.c.1 Indicator of food price anomalies,Sub-indicator: Type of product
Botswana,2018,-0.29,2.c.1 Indicator of food price anomalies,Sub-indicator: Type of product
Botswana,2018,-0.28,2.c.1 Indicator of food price anomalies,Sub-indicator: Type of product
Botswana,2018,0.01,2.c.1 Indicator of food price anomalies,Sub-indicator: Type of product
Botswana,2018,-0.55,2.c.1 Indicator of food price anomalies,Sub-indicator: Type of product
Botswana,2019,-0.19,2.c.1 Indicator of food price anomalies,Sub-indicator: Type of product
Botswana,2019,0.34,2.c.1 Indicator of food price anomalies,Sub-indicator: Type of product
Botswana,2019,0.39,2.c.1 Indicator of food price anomalies,Sub-indicator: Type of product
Botswana,2019,-0.52,2.c.1 Indicator of food price anomalies,Sub-indicator: Type of product
Botswana,2020,0.52,2.c.1 Indicator of food price anomalies,Sub-indicator: Type of product
Botswana,2020,0.8,2.c.1 Indicator of food price anomalies,Sub-indicator: Type of product
Botswana,2020,1.4,2.c.1 Indicator of food price anomalies,Sub-indicator: Type of product
Botswana,2020,-0.1,2.c.1 Indicator of food price anomalies,Sub-indicator: Type of product
Botswana,2021,-0.76,2.c.1 Indicator of food price anomalies,Sub-indicator: Type of product
Botswana,2021,0.65,2.c.1 Indicator of food price anomalies,Sub-indicator: Type of product
Botswana,2021,0.57,2.c.1 Indicator of food price anomalies,Sub-indicator: Type of product
Botswana,2021,0.1,2.c.1 Indicator of food price anomalies,Sub-indicator: Type of product
Botswana,2022,0.79,2.c.1 Indicator of food price anomalies,Sub-indicator: Type of product
Botswana,2022,1.09,2.c.1 Indicator of food price anomalies,Sub-indicator: Type of product
Botswana,2022,3.45,2.c.1 Indicator of food price anomalies,Sub-indicator: Type of product
Botswana,2022,5.2,2.c.1 Indicator of food price anomalies,Sub-indicator: Type of product
Botswana,2023,1.94,2.c.1 Indicator of food price anomalies,Sub-indicator: Type of product
Botswana,2023,-3.94,2.c.1 Indicator of food price anomalies,Sub-indicator: Type of product
Botswana,2023,-0.7,2.c.1 Indicator of food price anomalies,Sub-indicator: Type of product
Botswana,2023,-0.58,2.c.1 Indicator of food price anomalies,Sub-indicator: Type of product
Botswana,2024,0.31,2.c.1 Indicator of food price anomalies,Sub-indicator: Type of product
Botswana,2024,0.72,2.c.1 Indicator of food price anomalies,Sub-indicator: Type of product
Botswana,2024,1.19,2.c.1 Indicator of food price anomalies,Sub-indicator: Type of product
Botswana,2024,1.71,2.c.1 Indicator of food price anomalies,Sub-indicator: Type of product
Brazil,2015,-0.82,2.c.1 Indicator of food price anomalies,Sub-indicator: Type of product
Brazil,2015,-0.06,2.c.1 Indicator of food price anomalies,Sub-indicator: Type of product
Brazil,2016,0.59,2.c.1 Indicator of food price anomalies,Sub-indicator: Type of product
Brazil,2016,-0.26,2.c.1 Indicator of food price anomalies,Sub-indicator: Type of product
Brazil,2017,-3.19,2.c.1 Indicator of food price anomalies,Sub-indicator: Type of product
Brazil,2017,-0.43,2.c.1 Indicator of food price anomalies,Sub-indicator: Type of product
Brazil,2017,-0.22,2.c.1 Indicator of food price anomalies,Sub-indicator: Type of product
Brazil,2018,-0.47,2.c.1 Indicator of food price anomalies,Sub-indicator: Type of product
Brazil,2018,0.31,2.c.1 Indicator of food price anomalies,Sub-indicator: Type of product
Brazil,2018,0.57,2.c.1 Indicator of food price anomalies,Sub-indicator: Type of product
Brazil,2019,0.25,2.c.1 Indicator of food price anomalies,Sub-indicator: Type of product
Brazil,2019,0.13,2.c.1 Indicator of food price anomalies,Sub-indicator: Type of product
Brazil,2019,-0.12,2.c.1 Indicator of food price anomalies,Sub-indicator: Type of product
Brazil,2020,2.17,2.c.1 Indicator of food price anomalies,Sub-indicator: Type of product
Brazil,2020,1.1,2.c.1 Indicator of food price anomalies,Sub-indicator: Type of product
Brazil,2020,0.91,2.c.1 Indicator of food price anomalies,Sub-indicator: Type of product
Brazil,2021,0.64,2.c.1 Indicator of food price anomalies,Sub-indicator: Type of product
Brazil,2021,0.86,2.c.1 Indicator of food price anomalies,Sub-indicator: Type of product
Brazil,2021,0.88,2.c.1 Indicator of food price anomalies,Sub-indicator: Type of product
Brazil,2022,0.51,2.c.1 Indicator of food price anomalies,Sub-indicator: Type of product
Brazil,2022,-1.14,2.c.1 Indicator of food price anomalies,Sub-indicator: Type of product
Brazil,2022,2.52,2.c.1 Indicator of food price anomalies,Sub-indicator: Type of product
Brazil,2023,-0.92,2.c.1 Indicator of food price anomalies,Sub-indicator: Type of product
Brazil,2023,-1.01,2.c.1 Indicator of food price anomalies,Sub-indicator: Type of product
Brazil,2023,1.5,2.c.1 Indicator of food price anomalies,Sub-indicator: Type of product
Brazil,2024,0.29,2.c.1 Indicator of food price anomalies,Sub-indicator: Type of product
Brazil,2024,-0.26,2.c.1 Indicator of food price anomalies,Sub-indicator: Type of product
Brazil,2024,0.6,2.c.1 Indicator of food price anomalies,Sub-indicator: Type of product
Bulgaria,2015,0.0,2.c.1 Indicator of food price anomalies,Sub-indicator: Type of product
Bulgaria,2016,-0.29,2.c.1 Indicator of food price anomalies,Sub-indicator: Type of product
Bulgaria,2017,0.16,2.c.1 Indicator of food price anomalies,Sub-indicator: Type of product
Bulgaria,2018,0.33,2.c.1 Indicator of food price anomalies,Sub-indicator: Type of product
Bulgaria,2019,0.03,2.c.1 Indicator of food price anomalies,Sub-indicator: Type of product
Bulgaria,2020,0.21,2.c.1 Indicator of food price anomalies,Sub-indicator: Type of product
Bulgaria,2021,0.84,2.c.1 Indicator of food price anomalies,Sub-indicator: Type of product
Bulgaria,2022,0.58,2.c.1 Indicator of food price anomalies,Sub-indicator: Type of product
Bulgaria,2023,-2.94,2.c.1 Indicator of food price anomalies,Sub-indicator: Type of product
Bulgaria,2024,0.15,2.c.1 Indicator of food price anomalies,Sub-indicator: Type of product
Myanmar,2015,0.57,2.c.1 Indicator of food price anomalies,Sub-indicator: Type of product
Myanmar,2016,3.66,2.c.1 Indicator of food price anomalies,Sub-indicator: Type of product
Myanmar,2017,0.62,2.c.1 Indicator of food price anomalies,Sub-indicator: Type of product
Myanmar,2018,-0.21,2.c.1 Indicator of food price anomalies,Sub-indicator: Type of product
Myanmar,2019,-1.9,2.c.1 Indicator of food price anomalies,Sub-indicator: Type of product
Myanmar,2020,0.03,2.c.1 Indicator of food price anomalies,Sub-indicator: Type of product
Myanmar,2021,-0.5,2.c.1 Indicator of food price anomalies,Sub-indicator: Type of product
Myanmar,2022,0.23,2.c.1 Indicator of food price anomalies,Sub-indicator: Type of product
Myanmar,2023,2.32,2.c.1 Indicator of food price anomalies,Sub-indicator: Type of product
Myanmar,2024,3.95,2.c.1 Indicator of food price anomalies,Sub-indicator: Type of product
Burundi,2017,-1.8,2.c.1 Indicator of food price anomalies,Sub-indicator: Type of product
Burundi,2018,-2.61,2.c.1 Indicator of food price anomalies,Sub-indicator: Type of product
Burundi,2018,-1.27,2.c.1 Indicator of food price anomalies,Sub-indicator: Type of product
Burundi,2019,-4.31,2.c.1 Indicator of food price anomalies,Sub-indicator: Type of product
Burundi,2019,-0.95,2.c.1 Indicator of food price anomalies,Sub-indicator: Type of product
Burundi,2020,-0.26,2.c.1 Indicator of food price anomalies,Sub-indicator: Type of product
Burundi,2020,1.93,2.c.1 Indicator of food price anomalies,Sub-indicator: Type of product
Burundi,2021,0.07,2.c.1 Indicator of food price anomalies,Sub-indicator: Type of product
Burundi,2021,-1.65,2.c.1 Indicator of food price anomalies,Sub-indicator: Type of product
Burundi,2022,2.24,2.c.1 Indicator of food price anomalies,Sub-indicator: Type of product
Burundi,2022,-2.44,2.c.1 Indicator of food price anomalies,Sub-indicator: Type of product
Burundi,2023,-0.02,2.c.1 Indicator of food price anomalies,Sub-indicator: Type of product
Burundi,2023,0.23,2.c.1 Indicator of food price anomalies,Sub-indicator: Type of product
Burundi,2024,0.01,2.c.1 Indicator of food price anomalies,Sub-indicator: Type of product
Burundi,2024,-0.23,2.c.1 Indicator of food price anomalies,Sub-indicator: Type of product
Belarus,2015,-0.3,2.c.1 Indicator of food price anomalies,Sub-indicator: Type of product
Belarus,2016,0.34,2.c.1 Indicator of food price anomalies,Sub-indicator: Type of product
Belarus,2017,-0.02,2.c.1 Indicator of food price anomalies,Sub-indicator: Type of product
Belarus,2018,-0.07,2.c.1 Indicator of food price anomalies,Sub-indicator: Type of product
Belarus,2019,-0.57,2.c.1 Indicator of food price anomalies,Sub-indicator: Type of product
Belarus,2020,-0.26,2.c.1 Indicator of food price anomalies,Sub-indicator: Type of product
Belarus,2021,0.05,2.c.1 Indicator of food price anomalies,Sub-indicator: Type of product
Belarus,2022,0.77,2.c.1 Indicator of food price anomalies,Sub-indicator: Type of product
Belarus,2023,-0.38,2.c.1 Indicator of food price anomalies,Sub-indicator: Type of product
Belarus,2024,0.04,2.c.1 Indicator of food price anomalies,Sub-indicator: Type of product
Cambodia,2015,0.08,2.c.1 Indicator of food price anomalies,Sub-indicator: Type of product
Cambodia,2016,0.36,2.c.1 Indicator of food price anomalies,Sub-indicator: Type of product
Cambodia,2017,0.33,2.c.1 Indicator of food price anomalies,Sub-indicator: Type of product
Cambodia,2018,0.17,2.c.1 Indicator of food price anomalies,Sub-indicator: Type of product
Cambodia,2019,0.19,2.c.1 Indicator of food price anomalies,Sub-indicator: Type of product
Cambodia,2020,-0.41,2.c.1 Indicator of food price anomalies,Sub-indicator: Type of product
Cambodia,2021,-0.32,2.c.1 Indicator of food price anomalies,Sub-indicator: Type of product
Cambodia,2022,-0.6,2.c.1 Indicator of food price anomalies,Sub-indicator: Type of product
Cambodia,2023,-0.35,2.c.1 Indicator of food price anomalies,Sub-indicator: Type of product
Cambodia,2024,0.64,2.c.1 Indicator of food price anomalies,Sub-indicator: Type of product
Cameroon,2015,-0.15,2.c.1 Indicator of food price anomalies,Sub-indicator: Type of product
Cameroon,2015,-1.38,2.c.1 Indicator of food price anomalies,Sub-indicator: Type of product
Cameroon,2015,-0.43,2.c.1 Indicator of food price anomalies,Sub-indicator: Type of product
Cameroon,2016,-2.01,2.c.1 Indicator of food price anomalies,Sub-indicator: Type of product
Cameroon,2016,-0.45,2.c.1 Indicator of food price anomalies,Sub-indicator: Type of product
Cameroon,2016,-1.21,2.c.1 Indicator of food price anomalies,Sub-indicator: Type of product
Cameroon,2017,0.46,2.c.1 Indicator of food price anomalies,Sub-indicator: Type of product
Cameroon,2017,0.22,2.c.1 Indicator of food price anomalies,Sub-indicator: Type of product
Cameroon,2017,-0.2,2.c.1 Indicator of food price anomalies,Sub-indicator: Type of product
Cameroon,2018,0.36,2.c.1 Indicator of food price anomalies,Sub-indicator: Type of product
Cameroon,2018,0.26,2.c.1 Indicator of food price anomalies,Sub-indicator: Type of product
Cameroon,2018,0.27,2.c.1 Indicator of food price anomalies,Sub-indicator: Type of product
Cameroon,2019,0.0,2.c.1 Indicator of food price anomalies,Sub-indicator: Type of product
Cameroon,2019,0.18,2.c.1 Indicator of food price anomalies,Sub-indicator: Type of product
Cameroon,2019,0.15,2.c.1 Indicator of food price anomalies,Sub-indicator: Type of product
Cameroon,2020,-0.91,2.c.1 Indicator of food price anomalies,Sub-indicator: Type of product
Cameroon,2020,0.82,2.c.1 Indicator of food price anomalies,Sub-indicator: Type of product
Cameroon,2020,0.37,2.c.1 Indicator of food price anomalies,Sub-indicator: Type of product
Cameroon,2021,-0.26,2.c.1 Indicator of food price anomalies,Sub-indicator: Type of product
Cameroon,2021,-0.02,2.c.1 Indicator of food price anomalies,Sub-indicator: Type of product
Cameroon,2021,-2.09,2.c.1 Indicator of food price anomalies,Sub-indicator: Type of product
Cameroon,2022,1.3,2.c.1 Indicator of food price anomalies,Sub-indicator: Type of product
Cameroon,2022,1.57,2.c.1 Indicator of food price anomalies,Sub-indicator: Type of product
Cameroon,2022,0.96,2.c.1 Indicator of food price anomalies,Sub-indicator: Type of product
Cameroon,2023,0.7,2.c.1 Indicator of food price anomalies,Sub-indicator: Type of product
Cameroon,2023,0.69,2.c.1 Indicator of food price anomalies,Sub-indicator: Type of product
Cameroon,2023,2.06,2.c.1 Indicator of food price anomalies,Sub-indicator: Type of product
Cameroon,2024,0.08,2.c.1 Indicator of food price anomalies,Sub-indicator: Type of product
Cameroon,2024,0.41,2.c.1 Indicator of food price anomalies,Sub-indicator: Type of product
Cabo Verde,2015,-0.34,2.c.1 Indicator of food price anomalies,Sub-indicator: Type of product
Cabo Verde,2015,-2.33,2.c.1 Indicator of food price anomalies,Sub-indicator: Type of product
Cabo Verde,2015,-0.24,2.c.1 Indicator of food price anomalies,Sub-indicator: Type of product
Cabo Verde,2016,-0.36,2.c.1 Indicator of food price anomalies,Sub-indicator: Type of product
Cabo Verde,2016,0.08,2.c.1 Indicator of food price anomalies,Sub-indicator: Type of product
Cabo Verde,2016,0.58,2.c.1 Indicator of food price anomalies,Sub-indicator: Type of product
Cabo Verde,2017,-0.15,2.c.1 Indicator of food price anomalies,Sub-indicator: Type of product
Cabo Verde,2017,-0.81,2.c.1 Indicator of food price anomalies,Sub-indicator: Type of product
Cabo Verde,2017,0.11,2.c.1 Indicator of food price anomalies,Sub-indicator: Type of product
Cabo Verde,2018,-0.14,2.c.1 Indicator of food price anomalies,Sub-indicator: Type of product
Cabo Verde,2018,-0.35,2.c.1 Indicator of food price anomalies,Sub-indicator: Type of product
Cabo Verde,2018,0.27,2.c.1 Indicator of food price anomalies,Sub-indicator: Type of product
Cabo Verde,2019,-0.9,2.c.1 Indicator of food price anomalies,Sub-indicator: Type of product
Cabo Verde,2019,-1.17,2.c.1 Indicator of food price anomalies,Sub-indicator: Type of product
Cabo Verde,2019,-1.47,2.c.1 Indicator of food price anomalies,Sub-indicator: Type of product
Cabo Verde,2020,0.04,2.c.1 Indicator of food price anomalies,Sub-indicator: Type of product
Cabo Verde,2020,-0.96,2.c.1 Indicator of food price anomalies,Sub-indicator: Type of product
Cabo Verde,2020,-0.15,2.c.1 Indicator of food price anomalies,Sub-indicator: Type of product
Cabo Verde,2021,-0.55,2.c.1 Indicator of food price anomalies,Sub-indicator: Type of product
Cabo Verde,2021,-0.26,2.c.1 Indicator of food price anomalies,Sub-indicator: Type of product
Cabo Verde,2021,-0.41,2.c.1 Indicator of food price anomalies,Sub-indicator: Type of product
Cabo Verde,2022,0.95,2.c.1 Indicator of food price anomalies,Sub-indicator: Type of product
Cabo Verde,2022,0.74,2.c.1 Indicator of food price anomalies,Sub-indicator: Type of product
Cabo Verde,2022,1.53,2.c.1 Indicator of food price anomalies,Sub-indicator: Type of product
Cabo Verde,2023,0.56,2.c.1 Indicator of food price anomalies,Sub-indicator: Type of product
Cabo Verde,2023,-0.95,2.c.1 Indicator of food price anomalies,Sub-indicator: Type of product
Cabo Verde,2023,0.7,2.c.1 Indicator of food price anomalies,Sub-indicator: Type of product
Cabo Verde,2024,0.0,2.c.1 Indicator of food price anomalies,Sub-indicator: Type of product
Cabo Verde,2024,-0.32,2.c.1 Indicator of food price anomalies,Sub-indicator: Type of product
Cabo Verde,2024,-0.25,2.c.1 Indicator of food price anomalies,Sub-indicator: Type of product
Central African Republic,2015,0.15,2.c.1 Indicator of food price anomalies,Sub-indicator: Type of product
Central African Republic,2016,-0.67,2.c.1 Indicator of food price anomalies,Sub-indicator: Type of product
Central African Republic,2017,-2.62,2.c.1 Indicator of food price anomalies,Sub-indicator: Type of product
Central African Republic,2017,-1.29,2.c.1 Indicator of food price anomalies,Sub-indicator: Type of product
Central African Republic,2018,0.29,2.c.1 Indicator of food price anomalies,Sub-indicator: Type of product
Central African Republic,2018,0.76,2.c.1 Indicator of food price anomalies,Sub-indicator: Type of product
Central African Republic,2019,2.08,2.c.1 Indicator of food price anomalies,Sub-indicator: Type of product
Central African Republic,2019,0.33,2.c.1 Indicator of food price anomalies,Sub-indicator: Type of product
Central African Republic,2020,-0.67,2.c.1 Indicator of food price anomalies,Sub-indicator: Type of product
Central African Republic,2020,-1.89,2.c.1 Indicator of food price anomalies,Sub-indicator: Type of product
Central African Republic,2021,0.64,2.c.1 Indicator of food price anomalies,Sub-indicator: Type of product
Central African Republic,2021,0.07,2.c.1 Indicator of food price anomalies,Sub-indicator: Type of product
Central African Republic,2022,0.75,2.c.1 Indicator of food price anomalies,Sub-indicator: Type of product
Central African Republic,2022,0.85,2.c.1 Indicator of food price anomalies,Sub-indicator: Type of product
Central African Republic,2023,-0.77,2.c.1 Indicator of food price anomalies,Sub-indicator: Type of product
Central African Republic,2023,0.31,2.c.1 Indicator of food price anomalies,Sub-indicator: Type of product
Central African Republic,2024,-0.33,2.c.1 Indicator of food price anomalies,Sub-indicator: Type of product
Central African Republic,2024,0.04,2.c.1 Indicator of food price anomalies,Sub-indicator: Type of product
Sri Lanka,2015,-0.41,2.c.1 Indicator of food price anomalies,Sub-indicator: Type of product
Sri Lanka,2015,-1.0,2.c.1 Indicator of food price anomalies,Sub-indicator: Type of product
Sri Lanka,2016,-0.26,2.c.1 Indicator of food price anomalies,Sub-indicator: Type of product
Sri Lanka,2016,0.05,2.c.1 Indicator of food price anomalies,Sub-indicator: Type of product
Sri Lanka,2017,0.53,2.c.1 Indicator of food price anomalies,Sub-indicator: Type of product
Sri Lanka,2017,-0.28,2.c.1 Indicator of food price anomalies,Sub-indicator: Type of product
Sri Lanka,2018,0.38,2.c.1 Indicator of food price anomalies,Sub-indicator: Type of product
Sri Lanka,2018,-0.09,2.c.1 Indicator of food price anomalies,Sub-indicator: Type of product
Sri Lanka,2019,0.16,2.c.1 Indicator of food price anomalies,Sub-indicator: Type of product
Sri Lanka,2019,-0.02,2.c.1 Indicator of food price anomalies,Sub-indicator: Type of product
Sri Lanka,2020,-0.55,2.c.1 Indicator of food price anomalies,Sub-indicator: Type of product
Sri Lanka,2020,0.09,2.c.1 Indicator of food price anomalies,Sub-indicator: Type of product
Sri Lanka,2021,0.31,2.c.1 Indicator of food price anomalies,Sub-indicator: Type of product
Sri Lanka,2021,0.8,2.c.1 Indicator of food price anomalies,Sub-indicator: Type of product
Sri Lanka,2022,5.52,2.c.1 Indicator of food price anomalies,Sub-indicator: Type of product
Sri Lanka,2022,2.36,2.c.1 Indicator of food price anomalies,Sub-indicator: Type of product
Sri Lanka,2023,-0.99,2.c.1 Indicator of food price anomalies,Sub-indicator: Type of product
Sri Lanka,2023,-1.19,2.c.1 Indicator of food price anomalies,Sub-indicator: Type of product
Sri Lanka,2024,0.16,2.c.1 Indicator of food price anomalies,Sub-indicator: Type of product
Sri Lanka,2024,0.84,2.c.1 Indicator of food price anomalies,Sub-indicator: Type of product
Chad,2015,-0.4,2.c.1 Indicator of food price anomalies,Sub-indicator: Type of product
Chad,2015,0.2,2.c.1 Indicator of food price anomalies,Sub-indicator: Type of product
Chad,2015,-0.1,2.c.1 Indicator of food price anomalies,Sub-indicator: Type of product
Chad,2015,-0.03,2.c.1 Indicator of food price anomalies,Sub-indicator: Type of product
Chad,2016,-0.04,2.c.1 Indicator of food price anomalies,Sub-indicator: Type of product
Chad,2016,-0.2,2.c.1 Indicator of food price anomalies,Sub-indicator: Type of product
Chad,2016,0.7,2.c.1 Indicator of food price anomalies,Sub-indicator: Type of product
Chad,2016,-0.1,2.c.1 Indicator of food price anomalies,Sub-indicator: Type of product
Chad,2017,0.1,2.c.1 Indicator of food price anomalies,Sub-indicator: Type of product
Chad,2017,0.08,2.c.1 Indicator of food price anomalies,Sub-indicator: Type of product
Chad,2017,-0.1,2.c.1 Indicator of food price anomalies,Sub-indicator: Type of product
Chad,2018,-0.3,2.c.1 Indicator of food price anomalies,Sub-indicator: Type of product
Chad,2018,-0.2,2.c.1 Indicator of food price anomalies,Sub-indicator: Type of product
Chad,2019,-0.8,2.c.1 Indicator of food price anomalies,Sub-indicator: Type of product
Chad,2019,-0.4,2.c.1 Indicator of food price anomalies,Sub-indicator: Type of product
Chad,2019,-0.9,2.c.1 Indicator of food price anomalies,Sub-indicator: Type of product
Chad,2019,-1.0,2.c.1 Indicator of food price anomalies,Sub-indicator: Type of product
Chad,2020,0.81,2.c.1 Indicator of food price anomalies,Sub-indicator: Type of product
Chad,2020,1.2,2.c.1 Indicator of food price anomalies,Sub-indicator: Type of product
Chad,2020,-0.26,2.c.1 Indicator of food price anomalies,Sub-indicator: Type of product
Chad,2020,1.0,2.c.1 Indicator of food price anomalies,Sub-indicator: Type of product
Chad,2021,-0.2,2.c.1 Indicator of food price anomalies,Sub-indicator: Type of product
Chad,2021,0.58,2.c.1 Indicator of food price anomalies,Sub-indicator: Type of product
Chad,2021,0.03,2.c.1 Indicator of food price anomalies,Sub-indicator: Type of product
Chad,2021,0.24,2.c.1 Indicator of food price anomalies,Sub-indicator: Type of product
Chad,2022,0.73,2.c.1 Indicator of food price anomalies,Sub-indicator: Type of product
Chad,2022,0.13,2.c.1 Indicator of food price anomalies,Sub-indicator: Type of product
Chad,2022,0.96,2.c.1 Indicator of food price anomalies,Sub-indicator: Type of product
Chad,2022,0.71,2.c.1 Indicator of food price anomalies,Sub-indicator: Type of product
Chile,2015,-0.38,2.c.1 Indicator of food price anomalies,Sub-indicator: Type of product
Chile,2015,-0.2,2.c.1 Indicator of food price anomalies,Sub-indicator: Type of product
Chile,2015,7.82,2.c.1 Indicator of food price anomalies,Sub-indicator: Type of product
Chile,2016,-0.2,2.c.1 Indicator of food price anomalies,Sub-indicator: Type of product
Chile,2016,0.4,2.c.1 Indicator of food price anomalies,Sub-indicator: Type of product
Chile,2016,-0.87,2.c.1 Indicator of food price anomalies,Sub-indicator: Type of product
Chile,2017,0.02,2.c.1 Indicator of food price anomalies,Sub-indicator: Type of product
Chile,2017,-0.4,2.c.1 Indicator of food price anomalies,Sub-indicator: Type of product
Chile,2017,0.19,2.c.1 Indicator of food price anomalies,Sub-indicator: Type of product
Chile,2018,-0.85,2.c.1 Indicator of food price anomalies,Sub-indicator: Type of product
Chile,2018,0.5,2.c.1 Indicator of food price anomalies,Sub-indicator: Type of product
Chile,2018,1.38,2.c.1 Indicator of food price anomalies,Sub-indicator: Type of product
Chile,2019,0.91,2.c.1 Indicator of food price anomalies,Sub-indicator: Type of product
Chile,2019,0.5,2.c.1 Indicator of food price anomalies,Sub-indicator: Type of product
Chile,2019,2.27,2.c.1 Indicator of food price anomalies,Sub-indicator: Type of product
Chile,2020,1.18,2.c.1 Indicator of food price anomalies,Sub-indicator: Type of product
Chile,2020,1.07,2.c.1 Indicator of food price anomalies,Sub-indicator: Type of product
Chile,2020,1.25,2.c.1 Indicator of food price anomalies,Sub-indicator: Type of product
Chile,2021,0.05,2.c.1 Indicator of food price anomalies,Sub-indicator: Type of product
Chile,2021,1.95,2.c.1 Indicator of food price anomalies,Sub-indicator: Type of product
Chile,2021,-0.29,2.c.1 Indicator of food price anomalies,Sub-indicator: Type of product
Chile,2022,1.95,2.c.1 Indicator of food price anomalies,Sub-indicator: Type of product
Chile,2022,0.04,2.c.1 Indicator of food price anomalies,Sub-indicator: Type of product
Chile,2022,2.35,2.c.1 Indicator of food price anomalies,Sub-indicator: Type of product
Chile,2023,-1.19,2.c.1 Indicator of food price anomalies,Sub-indicator: Type of product
Chile,2023,0.38,2.c.1 Indicator of food price anomalies,Sub-indicator: Type of product
Chile,2024,-0.4,2.c.1 Indicator of food price anomalies,Sub-indicator: Type of product
Chile,2024,-1.43,2.c.1 Indicator of food price anomalies,Sub-indicator: Type of product
China,2017,3.21,2.c.1 Indicator of food price anomalies,Sub-indicator: Type of product
China,2017,3.15,2.c.1 Indicator of food price anomalies,Sub-indicator: Type of product
China,2017,-0.1,2.c.1 Indicator of food price anomalies,Sub-indicator: Type of product
China,2018,-0.61,2.c.1 Indicator of food price anomalies,Sub-indicator: Type of product
China,2018,2.25,2.c.1 Indicator of food price anomalies,Sub-indicator: Type of product
China,2018,-3.77,2.c.1 Indicator of food price anomalies,Sub-indicator: Type of product
China,2019,-1.67,2.c.1 Indicator of food price anomalies,Sub-indicator: Type of product
China,2019,0.08,2.c.1 Indicator of food price anomalies,Sub-indicator: Type of product
China,2019,-0.96,2.c.1 Indicator of food price anomalies,Sub-indicator: Type of product
China,2020,0.86,2.c.1 Indicator of food price anomalies,Sub-indicator: Type of product
China,2020,1.17,2.c.1 Indicator of food price anomalies,Sub-indicator: Type of product
China,2020,0.01,2.c.1 Indicator of food price anomalies,Sub-indicator: Type of product
China,2021,1.82,2.c.1 Indicator of food price anomalies,Sub-indicator: Type of product
China,2021,1.25,2.c.1 Indicator of food price anomalies,Sub-indicator: Type of product
China,2021,1.8,2.c.1 Indicator of food price anomalies,Sub-indicator: Type of product
China,2022,2.24,2.c.1 Indicator of food price anomalies,Sub-indicator: Type of product
China,2022,-0.43,2.c.1 Indicator of food price anomalies,Sub-indicator: Type of product
China,2022,-0.13,2.c.1 Indicator of food price anomalies,Sub-indicator: Type of product
China,2023,0.53,2.c.1 Indicator of food price anomalies,Sub-indicator: Type of product
China,2023,-0.76,2.c.1 Indicator of food price anomalies,Sub-indicator: Type of product
China,2023,-0.28,2.c.1 Indicator of food price anomalies,Sub-indicator: Type of product
China,2024,-1.46,2.c.1 Indicator of food price anomalies,Sub-indicator: Type of product
China,2024,-6.38,2.c.1 Indicator of food price anomalies,Sub-indicator: Type of product
China,2024,-5.85,2.c.1 Indicator of food price anomalies,Sub-indicator: Type of product
Colombia,2015,1.72,2.c.1 Indicator of food price anomalies,Sub-indicator: Type of product
Colombia,2015,0.29,2.c.1 Indicator of food price anomalies,Sub-indicator: Type of product
Colombia,2015,1.48,2.c.1 Indicator of food price anomalies,Sub-indicator: Type of product
Colombia,2016,-0.14,2.c.1 Indicator of food price anomalies,Sub-indicator: Type of product
Colombia,2016,0.13,2.c.1 Indicator of food price anomalies,Sub-indicator: Type of product
Colombia,2016,-0.7,2.c.1 Indicator of food price anomalies,Sub-indicator: Type of product
Colombia,2017,-1.1,2.c.1 Indicator of food price anomalies,Sub-indicator: Type of product
Colombia,2017,0.12,2.c.1 Indicator of food price anomalies,Sub-indicator: Type of product
Colombia,2017,-0.26,2.c.1 Indicator of food price anomalies,Sub-indicator: Type of product
Colombia,2018,-0.17,2.c.1 Indicator of food price anomalies,Sub-indicator: Type of product
Colombia,2018,0.15,2.c.1 Indicator of food price anomalies,Sub-indicator: Type of product
Colombia,2018,0.08,2.c.1 Indicator of food price anomalies,Sub-indicator: Type of product
Colombia,2019,0.7,2.c.1 Indicator of food price anomalies,Sub-indicator: Type of product
Colombia,2019,-0.13,2.c.1 Indicator of food price anomalies,Sub-indicator: Type of product
Colombia,2019,1.26,2.c.1 Indicator of food price anomalies,Sub-indicator: Type of product
Colombia,2020,1.0,2.c.1 Indicator of food price anomalies,Sub-indicator: Type of product
Colombia,2020,0.46,2.c.1 Indicator of food price anomalies,Sub-indicator: Type of product
Colombia,2020,0.65,2.c.1 Indicator of food price anomalies,Sub-indicator: Type of product
Colombia,2021,-1.24,2.c.1 Indicator of food price anomalies,Sub-indicator: Type of product
Colombia,2021,1.26,2.c.1 Indicator of food price anomalies,Sub-indicator: Type of product
Colombia,2021,1.23,2.c.1 Indicator of food price anomalies,Sub-indicator: Type of product
Colombia,2022,1.13,2.c.1 Indicator of food price anomalies,Sub-indicator: Type of product
Colombia,2022,2.83,2.c.1 Indicator of food price anomalies,Sub-indicator: Type of product
Colombia,2022,1.35,2.c.1 Indicator of food price anomalies,Sub-indicator: Type of product
Colombia,2023,-0.1,2.c.1 Indicator of food price anomalies,Sub-indicator: Type of product
Colombia,2023,-0.75,2.c.1 Indicator of food price anomalies,Sub-indicator: Type of product
Colombia,2023,-1.1,2.c.1 Indicator of food price anomalies,Sub-indicator: Type of product
Colombia,2024,-0.68,2.c.1 Indicator of food price anomalies,Sub-indicator: Type of product
Colombia,2024,-1.95,2.c.1 Indicator of food price anomalies,Sub-indicator: Type of product
Colombia,2024,-0.84,2.c.1 Indicator of food price anomalies,Sub-indicator: Type of product
Costa Rica,2015,0.1,2.c.1 Indicator of food price anomalies,Sub-indicator: Type of product
Costa Rica,2015,0.6,2.c.1 Indicator of food price anomalies,Sub-indicator: Type of product
Costa Rica,2015,-0.35,2.c.1 Indicator of food price anomalies,Sub-indicator: Type of product
Costa Rica,2016,-0.46,2.c.1 Indicator of food price anomalies,Sub-indicator: Type of product
Costa Rica,2016,-0.2,2.c.1 Indicator of food price anomalies,Sub-indicator: Type of product
Costa Rica,2016,0.1,2.c.1 Indicator of food price anomalies,Sub-indicator: Type of product
Costa Rica,2017,0.1,2.c.1 Indicator of food price anomalies,Sub-indicator: Type of product
Costa Rica,2017,-0.7,2.c.1 Indicator of food price anomalies,Sub-indicator: Type of product
Costa Rica,2017,0.49,2.c.1 Indicator of food price anomalies,Sub-indicator: Type of product
Costa Rica,2018,-0.27,2.c.1 Indicator of food price anomalies,Sub-indicator: Type of product
Costa Rica,2018,0.1,2.c.1 Indicator of food price anomalies,Sub-indicator: Type of product
Costa Rica,2019,0.6,2.c.1 Indicator of food price anomalies,Sub-indicator: Type of product
Costa Rica,2019,0.0,2.c.1 Indicator of food price anomalies,Sub-indicator: Type of product
Costa Rica,2019,0.11,2.c.1 Indicator of food price anomalies,Sub-indicator: Type of product
Costa Rica,2020,-0.25,2.c.1 Indicator of food price anomalies,Sub-indicator: Type of product
Costa Rica,2020,0.05,2.c.1 Indicator of food price anomalies,Sub-indicator: Type of product
Costa Rica,2020,0.24,2.c.1 Indicator of food price anomalies,Sub-indicator: Type of product
Costa Rica,2021,0.84,2.c.1 Indicator of food price anomalies,Sub-indicator: Type of product
Costa Rica,2021,0.93,2.c.1 Indicator of food price anomalies,Sub-indicator: Type of product
Costa Rica,2021,0.03,2.c.1 Indicator of food price anomalies,Sub-indicator: Type of product
Costa Rica,2022,-0.3,2.c.1 Indicator of food price anomalies,Sub-indicator: Type of product
Costa Rica,2022,2.09,2.c.1 Indicator of food price anomalies,Sub-indicator: Type of product
Costa Rica,2022,1.7,2.c.1 Indicator of food price anomalies,Sub-indicator: Type of product
Costa Rica,2023,0.0,2.c.1 Indicator of food price anomalies,Sub-indicator: Type of product
Costa Rica,2024,0.64,2.c.1 Indicator of food price anomalies,Sub-indicator: Type of product
Croatia,2016,-3.57,2.c.1 Indicator of food price anomalies,Sub-indicator: Type of product
Croatia,2017,1.61,2.c.1 Indicator of food price anomalies,Sub-indicator: Type of product
Croatia,2018,1.7,2.c.1 Indicator of food price anomalies,Sub-indicator: Type of product
Croatia,2019,0.63,2.c.1 Indicator of food price anomalies,Sub-indicator: Type of product
Croatia,2020,-0.34,2.c.1 Indicator of food price anomalies,Sub-indicator: Type of product
Croatia,2021,1.87,2.c.1 Indicator of food price anomalies,Sub-indicator: Type of product
Croatia,2022,1.18,2.c.1 Indicator of food price anomalies,Sub-indicator: Type of product
Croatia,2023,-3.99,2.c.1 Indicator of food price anomalies,Sub-indicator: Type of product
Croatia,2024,0.11,2.c.1 Indicator of food price anomalies,Sub-indicator: Type of product
Czechia,2015,0.1,2.c.1 Indicator of food price anomalies,Sub-indicator: Type of product
Czechia,2016,-0.3,2.c.1 Indicator of food price anomalies,Sub-indicator: Type of product
Czechia,2017,0.47,2.c.1 Indicator of food price anomalies,Sub-indicator: Type of product
Czechia,2018,0.32,2.c.1 Indicator of food price anomalies,Sub-indicator: Type of product
Czechia,2019,0.02,2.c.1 Indicator of food price anomalies,Sub-indicator: Type of product
Czechia,2020,0.05,2.c.1 Indicator of food price anomalies,Sub-indicator: Type of product
Czechia,2021,0.83,2.c.1 Indicator of food price anomalies,Sub-indicator: Type of product
Czechia,2022,1.29,2.c.1 Indicator of food price anomalies,Sub-indicator: Type of product
Czechia,2023,-3.46,2.c.1 Indicator of food price anomalies,Sub-indicator: Type of product
Czechia,2024,0.38,2.c.1 Indicator of food price anomalies,Sub-indicator: Type of product
Benin,2018,2.45,2.c.1 Indicator of food price anomalies,Sub-indicator: Type of product
Benin,2018,-4.05,2.c.1 Indicator of food price anomalies,Sub-indicator: Type of product
Benin,2019,0.33,2.c.1 Indicator of food price anomalies,Sub-indicator: Type of product
Benin,2019,-9.39,2.c.1 Indicator of food price anomalies,Sub-indicator: Type of product
Benin,2019,0.46,2.c.1 Indicator of food price anomalies,Sub-indicator: Type of product
Benin,2020,3.92,2.c.1 Indicator of food price anomalies,Sub-indicator: Type of product
Benin,2020,-7.04,2.c.1 Indicator of food price anomalies,Sub-indicator: Type of product
Benin,2020,2.05,2.c.1 Indicator of food price anomalies,Sub-indicator: Type of product
Benin,2021,0.47,2.c.1 Indicator of food price anomalies,Sub-indicator: Type of product
Benin,2021,1.84,2.c.1 Indicator of food price anomalies,Sub-indicator: Type of product
Benin,2021,-0.57,2.c.1 Indicator of food price anomalies,Sub-indicator: Type of product
Benin,2022,2.83,2.c.1 Indicator of food price anomalies,Sub-indicator: Type of product
Benin,2022,-1.74,2.c.1 Indicator of food price anomalies,Sub-indicator: Type of product
Benin,2022,1.36,2.c.1 Indicator of food price anomalies,Sub-indicator: Type of product
Benin,2023,0.02,2.c.1 Indicator of food price anomalies,Sub-indicator: Type of product
Benin,2023,-0.66,2.c.1 Indicator of food price anomalies,Sub-indicator: Type of product
Benin,2023,-0.4,2.c.1 Indicator of food price anomalies,Sub-indicator: Type of product
Benin,2024,-0.26,2.c.1 Indicator of food price anomalies,Sub-indicator: Type of product
Benin,2024,0.53,2.c.1 Indicator of food price anomalies,Sub-indicator: Type of product
Benin,2024,0.45,2.c.1 Indicator of food price anomalies,Sub-indicator: Type of product
Dominican Republic,2015,0.28,2.c.1 Indicator of food price anomalies,Sub-indicator: Type of product
Dominican Republic,2015,1.07,2.c.1 Indicator of food price anomalies,Sub-indicator: Type of product
Dominican Republic,2016,-0.65,2.c.1 Indicator of food price anomalies,Sub-indicator: Type of product
Dominican Republic,2016,0.3,2.c.1 Indicator of food price anomalies,Sub-indicator: Type of product
Dominican Republic,2017,-0.1,2.c.1 Indicator of food price anomalies,Sub-indicator: Type of product
Dominican Republic,2017,0.41,2.c.1 Indicator of food price anomalies,Sub-indicator: Type of product
Dominican Republic,2018,0.05,2.c.1 Indicator of food price anomalies,Sub-indicator: Type of product
Dominican Republic,2018,0.27,2.c.1 Indicator of food price anomalies,Sub-indicator: Type of product
Dominican Republic,2019,0.57,2.c.1 Indicator of food price anomalies,Sub-indicator: Type of product
Dominican Republic,2019,0.34,2.c.1 Indicator of food price anomalies,Sub-indicator: Type of product
Dominican Republic,2020,-0.1,2.c.1 Indicator of food price anomalies,Sub-indicator: Type of product
Dominican Republic,2020,-0.51,2.c.1 Indicator of food price anomalies,Sub-indicator: Type of product
Dominican Republic,2021,-0.1,2.c.1 Indicator of food price anomalies,Sub-indicator: Type of product
Dominican Republic,2021,0.88,2.c.1 Indicator of food price anomalies,Sub-indicator: Type of product
Dominican Republic,2022,-3.29,2.c.1 Indicator of food price anomalies,Sub-indicator: Type of product
Dominican Republic,2022,1.19,2.c.1 Indicator of food price anomalies,Sub-indicator: Type of product
Dominican Republic,2023,1.46,2.c.1 Indicator of food price anomalies,Sub-indicator: Type of product
Dominican Republic,2023,0.88,2.c.1 Indicator of food price anomalies,Sub-indicator: Type of product
Dominican Republic,2024,-2.75,2.c.1 Indicator of food price anomalies,Sub-indicator: Type of product
Dominican Republic,2024,-1.41,2.c.1 Indicator of food price anomalies,Sub-indicator: Type of product
Ecuador,2015,0.81,2.c.1 Indicator of food price anomalies,Sub-indicator: Type of product
Ecuador,2016,0.4,2.c.1 Indicator of food price anomalies,Sub-indicator: Type of product
Ecuador,2017,-25.06,2.c.1 Indicator of food price anomalies,Sub-indicator: Type of product
Ecuador,2017,0.14,2.c.1 Indicator of food price anomalies,Sub-indicator: Type of product
Ecuador,2017,-0.9,2.c.1 Indicator of food price anomalies,Sub-indicator: Type of product
Ecuador,2018,-1.02,2.c.1 Indicator of food price anomalies,Sub-indicator: Type of product
Ecuador,2018,0.74,2.c.1 Indicator of food price anomalies,Sub-indicator: Type of product
Ecuador,2018,-3.02,2.c.1 Indicator of food price anomalies,Sub-indicator: Type of product
Ecuador,2019,-2.55,2.c.1 Indicator of food price anomalies,Sub-indicator: Type of product
Ecuador,2019,-0.36,2.c.1 Indicator of food price anomalies,Sub-indicator: Type of product
Ecuador,2019,-0.5,2.c.1 Indicator of food price anomalies,Sub-indicator: Type of product
Ecuador,2020,-0.1,2.c.1 Indicator of food price anomalies,Sub-indicator: Type of product
Ecuador,2020,-0.9,2.c.1 Indicator of food price anomalies,Sub-indicator: Type of product
Ecuador,2020,-2.02,2.c.1 Indicator of food price anomalies,Sub-indicator: Type of product
Ecuador,2021,-0.08,2.c.1 Indicator of food price anomalies,Sub-indicator: Type of product
Ecuador,2021,2.97,2.c.1 Indicator of food price anomalies,Sub-indicator: Type of product
Ecuador,2021,-0.59,2.c.1 Indicator of food price anomalies,Sub-indicator: Type of product
Ecuador,2022,-0.74,2.c.1 Indicator of food price anomalies,Sub-indicator: Type of product
Ecuador,2022,3.05,2.c.1 Indicator of food price anomalies,Sub-indicator: Type of product
Ecuador,2022,0.28,2.c.1 Indicator of food price anomalies,Sub-indicator: Type of product
Ecuador,2023,-0.26,2.c.1 Indicator of food price anomalies,Sub-indicator: Type of product
Ecuador,2023,-0.79,2.c.1 Indicator of food price anomalies,Sub-indicator: Type of product
Ecuador,2023,3.07,2.c.1 Indicator of food price anomalies,Sub-indicator: Type of product
Ecuador,2024,-1.24,2.c.1 Indicator of food price anomalies,Sub-indicator: Type of product
Ecuador,2024,-1.58,2.c.1 Indicator of food price anomalies,Sub-indicator: Type of product
Ecuador,2024,1.49,2.c.1 Indicator of food price anomalies,Sub-indicator: Type of product
El Salvador,2015,-0.2,2.c.1 Indicator of food price anomalies,Sub-indicator: Type of product
El Salvador,2015,0.42,2.c.1 Indicator of food price anomalies,Sub-indicator: Type of product
El Salvador,2015,0.82,2.c.1 Indicator of food price anomalies,Sub-indicator: Type of product
El Salvador,2015,-0.33,2.c.1 Indicator of food price anomalies,Sub-indicator: Type of product
El Salvador,2016,-0.24,2.c.1 Indicator of food price anomalies,Sub-indicator: Type of product
El Salvador,2016,-0.52,2.c.1 Indicator of food price anomalies,Sub-indicator: Type of product
El Salvador,2016,-0.2,2.c.1 Indicator of food price anomalies,Sub-indicator: Type of product
El Salvador,2016,-0.27,2.c.1 Indicator of food price anomalies,Sub-indicator: Type of product
El Salvador,2017,-0.51,2.c.1 Indicator of food price anomalies,Sub-indicator: Type of product
El Salvador,2017,-0.1,2.c.1 Indicator of food price anomalies,Sub-indicator: Type of product
El Salvador,2017,-1.01,2.c.1 Indicator of food price anomalies,Sub-indicator: Type of product
El Salvador,2017,-0.01,2.c.1 Indicator of food price anomalies,Sub-indicator: Type of product
El Salvador,2018,-0.41,2.c.1 Indicator of food price anomalies,Sub-indicator: Type of product
El Salvador,2018,1.24,2.c.1 Indicator of food price anomalies,Sub-indicator: Type of product
El Salvador,2018,0.2,2.c.1 Indicator of food price anomalies,Sub-indicator: Type of product
El Salvador,2018,0.36,2.c.1 Indicator of food price anomalies,Sub-indicator: Type of product
El Salvador,2019,0.2,2.c.1 Indicator of food price anomalies,Sub-indicator: Type of product
El Salvador,2019,0.1,2.c.1 Indicator of food price anomalies,Sub-indicator: Type of product
El Salvador,2019,0.15,2.c.1 Indicator of food price anomalies,Sub-indicator: Type of product
El Salvador,2019,-0.21,2.c.1 Indicator of food price anomalies,Sub-indicator: Type of product
El Salvador,2020,-0.08,2.c.1 Indicator of food price anomalies,Sub-indicator: Type of product
El Salvador,2020,0.94,2.c.1 Indicator of food price anomalies,Sub-indicator: Type of product
El Salvador,2020,0.12,2.c.1 Indicator of food price anomalies,Sub-indicator: Type of product
El Salvador,2020,-0.35,2.c.1 Indicator of food price anomalies,Sub-indicator: Type of product
El Salvador,2021,0.3,2.c.1 Indicator of food price anomalies,Sub-indicator: Type of product
El Salvador,2021,0.75,2.c.1 Indicator of food price anomalies,Sub-indicator: Type of product
El Salvador,2021,-0.44,2.c.1 Indicator of food price anomalies,Sub-indicator: Type of product
El Salvador,2021,0.4,2.c.1 Indicator of food price anomalies,Sub-indicator: Type of product
El Salvador,2022,0.51,2.c.1 Indicator of food price anomalies,Sub-indicator: Type of product
El Salvador,2022,-0.09,2.c.1 Indicator of food price anomalies,Sub-indicator: Type of product
El Salvador,2022,-0.46,2.c.1 Indicator of food price anomalies,Sub-indicator: Type of product
El Salvador,2022,-0.1,2.c.1 Indicator of food price anomalies,Sub-indicator: Type of product
El Salvador,2023,0.08,2.c.1 Indicator of food price anomalies,Sub-indicator: Type of product
El Salvador,2023,-1.0,2.c.1 Indicator of food price anomalies,Sub-indicator: Type of product
El Salvador,2023,0.1,2.c.1 Indicator of food price anomalies,Sub-indicator: Type of product
El Salvador,2024,0.59,2.c.1 Indicator of food price anomalies,Sub-indicator: Type of product
El Salvador,2024,-0.17,2.c.1 Indicator of food price anomalies,Sub-indicator: Type of product
El Salvador,2024,-0.01,2.c.1 Indicator of food price anomalies,Sub-indicator: Type of product
Ethiopia,2015,-0.1,2.c.1 Indicator of food price anomalies,Sub-indicator: Type of product
Ethiopia,2015,-0.4,2.c.1 Indicator of food price anomalies,Sub-indicator: Type of product
Ethiopia,2015,-0.3,2.c.1 Indicator of food price anomalies,Sub-indicator: Type of product
Ethiopia,2016,0.1,2.c.1 Indicator of food price anomalies,Sub-indicator: Type of product
Ethiopia,2016,-1.1,2.c.1 Indicator of food price anomalies,Sub-indicator: Type of product
Ethiopia,2016,0.3,2.c.1 Indicator of food price anomalies,Sub-indicator: Type of product
Ethiopia,2017,-0.5,2.c.1 Indicator of food price anomalies,Sub-indicator: Type of product
Ethiopia,2017,0.3,2.c.1 Indicator of food price anomalies,Sub-indicator: Type of product
Ethiopia,2017,0.7,2.c.1 Indicator of food price anomalies,Sub-indicator: Type of product
Ethiopia,2018,-0.1,2.c.1 Indicator of food price anomalies,Sub-indicator: Type of product
Ethiopia,2018,1.3,2.c.1 Indicator of food price anomalies,Sub-indicator: Type of product
Ethiopia,2018,0.9,2.c.1 Indicator of food price anomalies,Sub-indicator: Type of product
Ethiopia,2019,0.1,2.c.1 Indicator of food price anomalies,Sub-indicator: Type of product
Ethiopia,2019,0.3,2.c.1 Indicator of food price anomalies,Sub-indicator: Type of product
Ethiopia,2019,0.6,2.c.1 Indicator of food price anomalies,Sub-indicator: Type of product
Ethiopia,2020,0.04,2.c.1 Indicator of food price anomalies,Sub-indicator: Type of product
Ethiopia,2020,-0.48,2.c.1 Indicator of food price anomalies,Sub-indicator: Type of product
Ethiopia,2020,0.23,2.c.1 Indicator of food price anomalies,Sub-indicator: Type of product
Ethiopia,2021,0.13,2.c.1 Indicator of food price anomalies,Sub-indicator: Type of product
Ethiopia,2021,0.87,2.c.1 Indicator of food price anomalies,Sub-indicator: Type of product
Ethiopia,2021,0.8,2.c.1 Indicator of food price anomalies,Sub-indicator: Type of product
Ethiopia,2022,0.07,2.c.1 Indicator of food price anomalies,Sub-indicator: Type of product
Ethiopia,2022,0.61,2.c.1 Indicator of food price anomalies,Sub-indicator: Type of product
Ethiopia,2022,-0.38,2.c.1 Indicator of food price anomalies,Sub-indicator: Type of product
Estonia,2015,-0.09,2.c.1 Indicator of food price anomalies,Sub-indicator: Type of product
Estonia,2016,-0.49,2.c.1 Indicator of food price anomalies,Sub-indicator: Type of product
Estonia,2017,0.21,2.c.1 Indicator of food price anomalies,Sub-indicator: Type of product
Estonia,2018,0.5,2.c.1 Indicator of food price anomalies,Sub-indicator: Type of product
Estonia,2019,0.11,2.c.1 Indicator of food price anomalies,Sub-indicator: Type of product
Estonia,2020,0.19,2.c.1 Indicator of food price anomalies,Sub-indicator: Type of product
Estonia,2021,0.4,2.c.1 Indicator of food price anomalies,Sub-indicator: Type of product
Estonia,2022,0.7,2.c.1 Indicator of food price anomalies,Sub-indicator: Type of product
Estonia,2023,-1.76,2.c.1 Indicator of food price anomalies,Sub-indicator: Type of product
Estonia,2024,0.43,2.c.1 Indicator of food price anomalies,Sub-indicator: Type of product
Finland,2015,0.1,2.c.1 Indicator of food price anomalies,Sub-indicator: Type of product
Finland,2016,-0.53,2.c.1 Indicator of food price anomalies,Sub-indicator: Type of product
Finland,2017,0.37,2.c.1 Indicator of food price anomalies,Sub-indicator: Type of product
Finland,2018,0.61,2.c.1 Indicator of food price anomalies,Sub-indicator: Type of product
Finland,2019,-0.92,2.c.1 Indicator of food price anomalies,Sub-indicator: Type of product
Finland,2020,0.15,2.c.1 Indicator of food price anomalies,Sub-indicator: Type of product
Finland,2021,1.11,2.c.1 Indicator of food price anomalies,Sub-indicator: Type of product
Finland,2022,1.54,2.c.1 Indicator of food price anomalies,Sub-indicator: Type of product
Finland,2023,-3.35,2.c.1 Indicator of food price anomalies,Sub-indicator: Type of product
Finland,2024,0.53,2.c.1 Indicator of food price anomalies,Sub-indicator: Type of product
France,2015,-0.17,2.c.1 Indicator of food price anomalies,Sub-indicator: Type of product
France,2016,-0.22,2.c.1 Indicator of food price anomalies,Sub-indicator: Type of product
France,2017,0.16,2.c.1 Indicator of food price anomalies,Sub-indicator: Type of product
France,2018,0.48,2.c.1 Indicator of food price anomalies,Sub-indicator: Type of product
France,2019,-0.07,2.c.1 Indicator of food price anomalies,Sub-indicator: Type of product
France,2020,0.36,2.c.1 Indicator of food price anomalies,Sub-indicator: Type of product
France,2021,0.93,2.c.1 Indicator of food price anomalies,Sub-indicator: Type of product
France,2022,0.91,2.c.1 Indicator of food price anomalies,Sub-indicator: Type of product
France,2023,-3.03,2.c.1 Indicator of food price anomalies,Sub-indicator: Type of product
France,2024,0.45,2.c.1 Indicator of food price anomalies,Sub-indicator: Type of product
Djibouti,2015,-1.96,2.c.1 Indicator of food price anomalies,Sub-indicator: Type of product
Djibouti,2015,-1.2,2.c.1 Indicator of food price anomalies,Sub-indicator: Type of product
Djibouti,2016,-1.72,2.c.1 Indicator of food price anomalies,Sub-indicator: Type of product
Djibouti,2016,-2.77,2.c.1 Indicator of food price anomalies,Sub-indicator: Type of product
Djibouti,2017,2.21,2.c.1 Indicator of food price anomalies,Sub-indicator: Type of product
Djibouti,2017,1.03,2.c.1 Indicator of food price anomalies,Sub-indicator: Type of product
Djibouti,2018,-0.43,2.c.1 Indicator of food price anomalies,Sub-indicator: Type of product
Djibouti,2018,-0.04,2.c.1 Indicator of food price anomalies,Sub-indicator: Type of product
Djibouti,2019,0.36,2.c.1 Indicator of food price anomalies,Sub-indicator: Type of product
Djibouti,2019,0.3,2.c.1 Indicator of food price anomalies,Sub-indicator: Type of product
Djibouti,2020,-0.97,2.c.1 Indicator of food price anomalies,Sub-indicator: Type of product
Djibouti,2020,-0.88,2.c.1 Indicator of food price anomalies,Sub-indicator: Type of product
Djibouti,2021,0.78,2.c.1 Indicator of food price anomalies,Sub-indicator: Type of product
Djibouti,2021,0.59,2.c.1 Indicator of food price anomalies,Sub-indicator: Type of product
Djibouti,2022,0.04,2.c.1 Indicator of food price anomalies,Sub-indicator: Type of product
Djibouti,2022,0.12,2.c.1 Indicator of food price anomalies,Sub-indicator: Type of product
Djibouti,2023,-0.15,2.c.1 Indicator of food price anomalies,Sub-indicator: Type of product
Djibouti,2023,-0.11,2.c.1 Indicator of food price anomalies,Sub-indicator: Type of product
Djibouti,2024,0.75,2.c.1 Indicator of food price anomalies,Sub-indicator: Type of product
Djibouti,2024,0.27,2.c.1 Indicator of food price anomalies,Sub-indicator: Type of product
Georgia,2015,0.11,2.c.1 Indicator of food price anomalies,Sub-indicator: Type of product
Georgia,2016,-0.74,2.c.1 Indicator of food price anomalies,Sub-indicator: Type of product
Georgia,2017,0.34,2.c.1 Indicator of food price anomalies,Sub-indicator: Type of product
Georgia,2018,-0.06,2.c.1 Indicator of food price anomalies,Sub-indicator: Type of product
Georgia,2019,0.27,2.c.1 Indicator of food price anomalies,Sub-indicator: Type of product
Georgia,2020,0.68,2.c.1 Indicator of food price anomalies,Sub-indicator: Type of product
Georgia,2021,0.62,2.c.1 Indicator of food price anomalies,Sub-indicator: Type of product
Georgia,2022,1.17,2.c.1 Indicator of food price anomalies,Sub-indicator: Type of product
Georgia,2023,-0.82,2.c.1 Indicator of food price anomalies,Sub-indicator: Type of product
Georgia,2024,0.9,2.c.1 Indicator of food price anomalies,Sub-indicator: Type of product
West Bank and Gaza,2015,0.3,2.c.1 Indicator of food price anomalies,Sub-indicator: Type of product
West Bank and Gaza,2015,-0.09,2.c.1 Indicator of food price anomalies,Sub-indicator: Type of product
West Bank and Gaza,2016,-0.11,2.c.1 Indicator of food price anomalies,Sub-indicator: Type of product
West Bank and Gaza,2016,-0.09,2.c.1 Indicator of food price anomalies,Sub-indicator: Type of product
West Bank and Gaza,2017,-0.22,2.c.1 Indicator of food price anomalies,Sub-indicator: Type of product
West Bank and Gaza,2017,0.18,2.c.1 Indicator of food price anomalies,Sub-indicator: Type of product
West Bank and Gaza,2018,0.31,2.c.1 Indicator of food price anomalies,Sub-indicator: Type of product
West Bank and Gaza,2018,-0.14,2.c.1 Indicator of food price anomalies,Sub-indicator: Type of product
West Bank and Gaza,2019,-0.13,2.c.1 Indicator of food price anomalies,Sub-indicator: Type of product
West Bank and Gaza,2019,0.4,2.c.1 Indicator of food price anomalies,Sub-indicator: Type of product
West Bank and Gaza,2020,0.47,2.c.1 Indicator of food price anomalies,Sub-indicator: Type of product
West Bank and Gaza,2020,-0.05,2.c.1 Indicator of food price anomalies,Sub-indicator: Type of product
West Bank and Gaza,2021,0.22,2.c.1 Indicator of food price anomalies,Sub-indicator: Type of product
West Bank and Gaza,2021,-0.16,2.c.1 Indicator of food price anomalies,Sub-indicator: Type of product
West Bank and Gaza,2022,-1.79,2.c.1 Indicator of food price anomalies,Sub-indicator: Type of product
West Bank and Gaza,2022,-3.23,2.c.1 Indicator of food price anomalies,Sub-indicator: Type of product
West Bank and Gaza,2023,-3.18,2.c.1 Indicator of food price anomalies,Sub-indicator: Type of product
West Bank and Gaza,2023,-2.02,2.c.1 Indicator of food price anomalies,Sub-indicator: Type of product
West Bank and Gaza,2024,0.89,2.c.1 Indicator of food price anomalies,Sub-indicator: Type of product
West Bank and Gaza,2024,-0.36,2.c.1 Indicator of food price anomalies,Sub-indicator: Type of product
Germany,2015,0.02,2.c.1 Indicator of food price anomalies,Sub-indicator: Type of product
Germany,2016,-0.32,2.c.1 Indicator of food price anomalies,Sub-indicator: Type of product
Germany,2017,0.27,2.c.1 Indicator of food price anomalies,Sub-indicator: Type of product
Germany,2018,0.44,2.c.1 Indicator of food price anomalies,Sub-indicator: Type of product
Germany,2019,-0.19,2.c.1 Indicator of food price anomalies,Sub-indicator: Type of product
Germany,2020,0.38,2.c.1 Indicator of food price anomalies,Sub-indicator: Type of product
Germany,2021,0.88,2.c.1 Indicator of food price anomalies,Sub-indicator: Type of product
Germany,2022,0.97,2.c.1 Indicator of food price anomalies,Sub-indicator: Type of product
Germany,2023,-3.36,2.c.1 Indicator of food price anomalies,Sub-indicator: Type of product
Germany,2024,0.73,2.c.1 Indicator of food price anomalies,Sub-indicator: Type of product
Ghana,2015,0.3,2.c.1 Indicator of food price anomalies,Sub-indicator: Type of product
Ghana,2015,-0.2,2.c.1 Indicator of food price anomalies,Sub-indicator: Type of product
Ghana,2015,0.0,2.c.1 Indicator of food price anomalies,Sub-indicator: Type of product
Ghana,2015,0.5,2.c.1 Indicator of food price anomalies,Sub-indicator: Type of product
Ghana,2016,-0.9,2.c.1 Indicator of food price anomalies,Sub-indicator: Type of product
Ghana,2016,-1.1,2.c.1 Indicator of food price anomalies,Sub-indicator: Type of product
Ghana,2016,-0.6,2.c.1 Indicator of food price anomalies,Sub-indicator: Type of product
Ghana,2016,-0.5,2.c.1 Indicator of food price anomalies,Sub-indicator: Type of product
Ghana,2017,-0.9,2.c.1 Indicator of food price anomalies,Sub-indicator: Type of product
Ghana,2017,-0.5,2.c.1 Indicator of food price anomalies,Sub-indicator: Type of product
Ghana,2017,-0.7,2.c.1 Indicator of food price anomalies,Sub-indicator: Type of product
Ghana,2017,-0.6,2.c.1 Indicator of food price anomalies,Sub-indicator: Type of product
Ghana,2018,-0.3,2.c.1 Indicator of food price anomalies,Sub-indicator: Type of product
Ghana,2018,-0.6,2.c.1 Indicator of food price anomalies,Sub-indicator: Type of product
Ghana,2018,-0.2,2.c.1 Indicator of food price anomalies,Sub-indicator: Type of product
Ghana,2019,0.05,2.c.1 Indicator of food price anomalies,Sub-indicator: Type of product
Ghana,2019,-0.3,2.c.1 Indicator of food price anomalies,Sub-indicator: Type of product
Ghana,2019,1.3,2.c.1 Indicator of food price anomalies,Sub-indicator: Type of product
Ghana,2019,1.4,2.c.1 Indicator of food price anomalies,Sub-indicator: Type of product
Ghana,2020,-0.38,2.c.1 Indicator of food price anomalies,Sub-indicator: Type of product
Ghana,2020,-0.22,2.c.1 Indicator of food price anomalies,Sub-indicator: Type of product
Ghana,2020,-0.78,2.c.1 Indicator of food price anomalies,Sub-indicator: Type of product
Ghana,2020,-0.16,2.c.1 Indicator of food price anomalies,Sub-indicator: Type of product
Ghana,2021,1.51,2.c.1 Indicator of food price anomalies,Sub-indicator: Type of product
Ghana,2021,-0.3,2.c.1 Indicator of food price anomalies,Sub-indicator: Type of product
Ghana,2021,-0.61,2.c.1 Indicator of food price anomalies,Sub-indicator: Type of product
Ghana,2021,-0.77,2.c.1 Indicator of food price anomalies,Sub-indicator: Type of product
Ghana,2022,-0.39,2.c.1 Indicator of food price anomalies,Sub-indicator: Type of product
Ghana,2022,-1.09,2.c.1 Indicator of food price anomalies,Sub-indicator: Type of product
Ghana,2022,-0.37,2.c.1 Indicator of food price anomalies,Sub-indicator: Type of product
Ghana,2022,0.08,2.c.1 Indicator of food price anomalies,Sub-indicator: Type of product
Greece,2015,0.11,2.c.1 Indicator of food price anomalies,Sub-indicator: Type of product
Greece,2016,0.09,2.c.1 Indicator of food price anomalies,Sub-indicator: Type of product
Greece,2017,0.29,2.c.1 Indicator of food price anomalies,Sub-indicator: Type of product
Greece,2018,-0.06,2.c.1 Indicator of food price anomalies,Sub-indicator: Type of product
Greece,2019,0.04,2.c.1 Indicator of food price anomalies,Sub-indicator: Type of product
Greece,2020,0.42,2.c.1 Indicator of food price anomalies,Sub-indicator: Type of product
Greece,2021,0.74,2.c.1 Indicator of food price anomalies,Sub-indicator: Type of product
Greece,2022,1.42,2.c.1 Indicator of food price anomalies,Sub-indicator: Type of product
Greece,2023,-2.98,2.c.1 Indicator of food price anomalies,Sub-indicator: Type of product
Greece,2024,0.27,2.c.1 Indicator of food price anomalies,Sub-indicator: Type of product
Guatemala,2015,-0.07,2.c.1 Indicator of food price anomalies,Sub-indicator: Type of product
Guatemala,2015,-0.81,2.c.1 Indicator of food price anomalies,Sub-indicator: Type of product
Guatemala,2016,-0.62,2.c.1 Indicator of food price anomalies,Sub-indicator: Type of product
Guatemala,2016,-0.07,2.c.1 Indicator of food price anomalies,Sub-indicator: Type of product
Guatemala,2017,-0.83,2.c.1 Indicator of food price anomalies,Sub-indicator: Type of product
Guatemala,2017,0.83,2.c.1 Indicator of food price anomalies,Sub-indicator: Type of product
Guatemala,2018,1.22,2.c.1 Indicator of food price anomalies,Sub-indicator: Type of product
Guatemala,2018,0.76,2.c.1 Indicator of food price anomalies,Sub-indicator: Type of product
Guatemala,2019,0.41,2.c.1 Indicator of food price anomalies,Sub-indicator: Type of product
Guatemala,2019,0.16,2.c.1 Indicator of food price anomalies,Sub-indicator: Type of product
Guatemala,2020,0.1,2.c.1 Indicator of food price anomalies,Sub-indicator: Type of product
Guatemala,2020,0.15,2.c.1 Indicator of food price anomalies,Sub-indicator: Type of product
Guatemala,2021,0.62,2.c.1 Indicator of food price anomalies,Sub-indicator: Type of product
Guatemala,2021,0.17,2.c.1 Indicator of food price anomalies,Sub-indicator: Type of product
Guatemala,2022,-0.2,2.c.1 Indicator of food price anomalies,Sub-indicator: Type of product
Guatemala,2022,-0.18,2.c.1 Indicator of food price anomalies,Sub-indicator: Type of product
Guatemala,2023,0.37,2.c.1 Indicator of food price anomalies,Sub-indicator: Type of product
Guatemala,2023,-0.01,2.c.1 Indicator of food price anomalies,Sub-indicator: Type of product
Guatemala,2024,-0.3,2.c.1 Indicator of food price anomalies,Sub-indicator: Type of product
Guatemala,2024,-0.16,2.c.1 Indicator of food price anomalies,Sub-indicator: Type of product
Guinea,2017,-1.5,2.c.1 Indicator of food price anomalies,Sub-indicator: Type of product
Guinea,2017,1.3,2.c.1 Indicator of food price anomalies,Sub-indicator: Type of product
Guinea,2018,-1.0,2.c.1 Indicator of food price anomalies,Sub-indicator: Type of product
Guinea,2018,1.0,2.c.1 Indicator of food price anomalies,Sub-indicator: Type of product
Guinea,2019,-0.5,2.c.1 Indicator of food price anomalies,Sub-indicator: Type of product
Guinea,2019,-0.4,2.c.1 Indicator of food price anomalies,Sub-indicator: Type of product
Guinea,2020,-0.33,2.c.1 Indicator of food price anomalies,Sub-indicator: Type of product
Guinea,2020,-0.56,2.c.1 Indicator of food price anomalies,Sub-indicator: Type of product
Guinea,2021,0.6,2.c.1 Indicator of food price anomalies,Sub-indicator: Type of product
Guinea,2021,-0.65,2.c.1 Indicator of food price anomalies,Sub-indicator: Type of product
Guinea,2022,-0.48,2.c.1 Indicator of food price anomalies,Sub-indicator: Type of product
Guinea,2022,-0.36,2.c.1 Indicator of food price anomalies,Sub-indicator: Type of product
Haiti,2015,-0.1,2.c.1 Indicator of food price anomalies,Sub-indicator: Type of product
Haiti,2015,1.5,2.c.1 Indicator of food price anomalies,Sub-indicator: Type of product
Haiti,2015,0.3,2.c.1 Indicator of food price anomalies,Sub-indicator: Type of product
Haiti,2015,0.02,2.c.1 Indicator of food price anomalies,Sub-indicator: Type of product
Haiti,2016,0.27,2.c.1 Indicator of food price anomalies,Sub-indicator: Type of product
Haiti,2016,-0.2,2.c.1 Indicator of food price anomalies,Sub-indicator: Type of product
Haiti,2016,0.5,2.c.1 Indicator of food price anomalies,Sub-indicator: Type of product
Haiti,2016,0.2,2.c.1 Indicator of food price anomalies,Sub-indicator: Type of product
Haiti,2017,0.2,2.c.1 Indicator of food price anomalies,Sub-indicator: Type of product
Haiti,2017,-0.3,2.c.1 Indicator of food price anomalies,Sub-indicator: Type of product
Haiti,2017,-0.69,2.c.1 Indicator of food price anomalies,Sub-indicator: Type of product
Haiti,2017,1.8,2.c.1 Indicator of food price anomalies,Sub-indicator: Type of product
Haiti,2018,0.6,2.c.1 Indicator of food price anomalies,Sub-indicator: Type of product
Haiti,2018,-0.38,2.c.1 Indicator of food price anomalies,Sub-indicator: Type of product
Haiti,2018,-0.7,2.c.1 Indicator of food price anomalies,Sub-indicator: Type of product
Haiti,2019,0.9,2.c.1 Indicator of food price anomalies,Sub-indicator: Type of product
Haiti,2019,1.1,2.c.1 Indicator of food price anomalies,Sub-indicator: Type of product
Haiti,2019,0.1,2.c.1 Indicator of food price anomalies,Sub-indicator: Type of product
Haiti,2019,1.19,2.c.1 Indicator of food price anomalies,Sub-indicator: Type of product
Haiti,2020,-0.23,2.c.1 Indicator of food price anomalies,Sub-indicator: Type of product
Haiti,2020,-0.43,2.c.1 Indicator of food price anomalies,Sub-indicator: Type of product
Haiti,2020,-0.33,2.c.1 Indicator of food price anomalies,Sub-indicator: Type of product
Haiti,2020,-0.89,2.c.1 Indicator of food price anomalies,Sub-indicator: Type of product
Haiti,2021,-0.23,2.c.1 Indicator of food price anomalies,Sub-indicator: Type of product
Haiti,2021,-0.92,2.c.1 Indicator of food price anomalies,Sub-indicator: Type of product
Haiti,2021,-0.54,2.c.1 Indicator of food price anomalies,Sub-indicator: Type of product
Haiti,2021,0.01,2.c.1 Indicator of food price anomalies,Sub-indicator: Type of product
Haiti,2022,0.24,2.c.1 Indicator of food price anomalies,Sub-indicator: Type of product
Haiti,2022,1.19,2.c.1 Indicator of food price anomalies,Sub-indicator: Type of product
Haiti,2022,1.69,2.c.1 Indicator of food price anomalies,Sub-indicator: Type of product
Haiti,2022,0.88,2.c.1 Indicator of food price anomalies,Sub-indicator: Type of product
Haiti,2023,-0.74,2.c.1 Indicator of food price anomalies,Sub-indicator: Type of product
Haiti,2023,-0.13,2.c.1 Indicator of food price anomalies,Sub-indicator: Type of product
Haiti,2023,-0.83,2.c.1 Indicator of food price anomalies,Sub-indicator: Type of product
Haiti,2023,-1.21,2.c.1 Indicator of food price anomalies,Sub-indicator: Type of product
Honduras,2015,0.79,2.c.1 Indicator of food price anomalies,Sub-indicator: Type of product
Honduras,2016,-0.45,2.c.1 Indicator of food price anomalies,Sub-indicator: Type of product
Honduras,2016,0.15,2.c.1 Indicator of food price anomalies,Sub-indicator: Type of product
Honduras,2017,-1.58,2.c.1 Indicator of food price anomalies,Sub-indicator: Type of product
Honduras,2017,-0.8,2.c.1 Indicator of food price anomalies,Sub-indicator: Type of product
Honduras,2018,0.76,2.c.1 Indicator of food price anomalies,Sub-indicator: Type of product
Honduras,2018,-0.33,2.c.1 Indicator of food price anomalies,Sub-indicator: Type of product
Honduras,2019,0.06,2.c.1 Indicator of food price anomalies,Sub-indicator: Type of product
Honduras,2019,0.0,2.c.1 Indicator of food price anomalies,Sub-indicator: Type of product
Honduras,2020,-1.57,2.c.1 Indicator of food price anomalies,Sub-indicator: Type of product
Honduras,2020,-0.45,2.c.1 Indicator of food price anomalies,Sub-indicator: Type of product
Honduras,2021,0.09,2.c.1 Indicator of food price anomalies,Sub-indicator: Type of product
Honduras,2021,0.55,2.c.1 Indicator of food price anomalies,Sub-indicator: Type of product
Honduras,2022,-0.84,2.c.1 Indicator of food price anomalies,Sub-indicator: Type of product
Honduras,2022,0.45,2.c.1 Indicator of food price anomalies,Sub-indicator: Type of product
Honduras,2023,0.25,2.c.1 Indicator of food price anomalies,Sub-indicator: Type of product
Honduras,2023,3.21,2.c.1 Indicator of food price anomalies,Sub-indicator: Type of product
Honduras,2024,0.3,2.c.1 Indicator of food price anomalies,Sub-indicator: Type of product
Honduras,2024,0.14,2.c.1 Indicator of food price anomalies,Sub-indicator: Type of product
Hungary,2015,-0.03,2.c.1 Indicator of food price anomalies,Sub-indicator: Type of product
Hungary,2016,-0.37,2.c.1 Indicator of food price anomalies,Sub-indicator: Type of product
Hungary,2017,0.26,2.c.1 Indicator of food price anomalies,Sub-indicator: Type of product
Hungary,2018,0.32,2.c.1 Indicator of food price anomalies,Sub-indicator: Type of product
Hungary,2019,0.05,2.c.1 Indicator of food price anomalies,Sub-indicator: Type of product
Hungary,2020,-0.06,2.c.1 Indicator of food price anomalies,Sub-indicator: Type of product
Hungary,2021,0.94,2.c.1 Indicator of food price anomalies,Sub-indicator: Type of product
Hungary,2022,0.9,2.c.1 Indicator of food price anomalies,Sub-indicator: Type of product
Hungary,2023,-2.93,2.c.1 Indicator of food price anomalies,Sub-indicator: Type of product
Hungary,2024,0.37,2.c.1 Indicator of food price anomalies,Sub-indicator: Type of product
India,2017,-1.16,2.c.1 Indicator of food price anomalies,Sub-indicator: Type of product
India,2017,-0.82,2.c.1 Indicator of food price anomalies,Sub-indicator: Type of product
India,2018,0.0,2.c.1 Indicator of food price anomalies,Sub-indicator: Type of product
India,2018,-0.02,2.c.1 Indicator of food price anomalies,Sub-indicator: Type of product
India,2019,0.3,2.c.1 Indicator of food price anomalies,Sub-indicator: Type of product
India,2019,0.24,2.c.1 Indicator of food price anomalies,Sub-indicator: Type of product
India,2020,-0.32,2.c.1 Indicator of food price anomalies,Sub-indicator: Type of product
India,2020,0.49,2.c.1 Indicator of food price anomalies,Sub-indicator: Type of product
India,2021,0.23,2.c.1 Indicator of food price anomalies,Sub-indicator: Type of product
India,2021,1.03,2.c.1 Indicator of food price anomalies,Sub-indicator: Type of product
India,2022,0.45,2.c.1 Indicator of food price anomalies,Sub-indicator: Type of product
India,2022,0.43,2.c.1 Indicator of food price anomalies,Sub-indicator: Type of product
India,2023,-0.45,2.c.1 Indicator of food price anomalies,Sub-indicator: Type of product
India,2023,-0.24,2.c.1 Indicator of food price anomalies,Sub-indicator: Type of product
India,2024,0.26,2.c.1 Indicator of food price anomalies,Sub-indicator: Type of product
India,2024,0.27,2.c.1 Indicator of food price anomalies,Sub-indicator: Type of product
Indonesia,2015,0.04,2.c.1 Indicator of food price anomalies,Sub-indicator: Type of product
Indonesia,2015,0.0,2.c.1 Indicator of food price anomalies,Sub-indicator: Type of product
Indonesia,2016,-0.22,2.c.1 Indicator of food price anomalies,Sub-indicator: Type of product
Indonesia,2016,1.33,2.c.1 Indicator of food price anomalies,Sub-indicator: Type of product
Indonesia,2017,0.2,2.c.1 Indicator of food price anomalies,Sub-indicator: Type of product
Indonesia,2017,-0.43,2.c.1 Indicator of food price anomalies,Sub-indicator: Type of product
Indonesia,2018,-0.56,2.c.1 Indicator of food price anomalies,Sub-indicator: Type of product
Indonesia,2018,-0.63,2.c.1 Indicator of food price anomalies,Sub-indicator: Type of product
Indonesia,2019,0.41,2.c.1 Indicator of food price anomalies,Sub-indicator: Type of product
Indonesia,2019,0.05,2.c.1 Indicator of food price anomalies,Sub-indicator: Type of product
Indonesia,2020,-0.33,2.c.1 Indicator of food price anomalies,Sub-indicator: Type of product
Indonesia,2020,-0.41,2.c.1 Indicator of food price anomalies,Sub-indicator: Type of product
Indonesia,2021,0.01,2.c.1 Indicator of food price anomalies,Sub-indicator: Type of product
Indonesia,2021,-0.28,2.c.1 Indicator of food price anomalies,Sub-indicator: Type of product
Indonesia,2022,-1.11,2.c.1 Indicator of food price anomalies,Sub-indicator: Type of product
Indonesia,2022,-0.55,2.c.1 Indicator of food price anomalies,Sub-indicator: Type of product
Indonesia,2023,0.98,2.c.1 Indicator of food price anomalies,Sub-indicator: Type of product
Indonesia,2023,-0.21,2.c.1 Indicator of food price anomalies,Sub-indicator: Type of product
Indonesia,2024,-0.23,2.c.1 Indicator of food price anomalies,Sub-indicator: Type of product
Indonesia,2024,-0.32,2.c.1 Indicator of food price anomalies,Sub-indicator: Type of product
"Iran, Islamic Rep.",2015,15.59,2.c.1 Indicator of food price anomalies,Sub-indicator: Type of product
"Iran, Islamic Rep.",2016,-1.09,2.c.1 Indicator of food price anomalies,Sub-indicator: Type of product
"Iran, Islamic Rep.",2017,1.67,2.c.1 Indicator of food price anomalies,Sub-indicator: Type of product
"Iran, Islamic Rep.",2018,-0.64,2.c.1 Indicator of food price anomalies,Sub-indicator: Type of product
"Iran, Islamic Rep.",2019,-0.06,2.c.1 Indicator of food price anomalies,Sub-indicator: Type of product
"Iran, Islamic Rep.",2021,-1.08,2.c.1 Indicator of food price anomalies,Sub-indicator: Type of product
"Iran, Islamic Rep.",2022,1.56,2.c.1 Indicator of food price anomalies,Sub-indicator: Type of product
"Iran, Islamic Rep.",2023,0.24,2.c.1 Indicator of food price anomalies,Sub-indicator: Type of product
"Iran, Islamic Rep.",2024,0.18,2.c.1 Indicator of food price anomalies,Sub-indicator: Type of product
Iraq,2016,-7.1,2.c.1 Indicator of food price anomalies,Sub-indicator: Type of product
Iraq,2016,-4.49,2.c.1 Indicator of food price anomalies,Sub-indicator: Type of product
Iraq,2017,-3.7,2.c.1 Indicator of food price anomalies,Sub-indicator: Type of product
Iraq,2017,65.23,2.c.1 Indicator of food price anomalies,Sub-indicator: Type of product
Iraq,2018,0.55,2.c.1 Indicator of food price anomalies,Sub-indicator: Type of product
Iraq,2018,0.58,2.c.1 Indicator of food price anomalies,Sub-indicator: Type of product
Iraq,2019,-1.1,2.c.1 Indicator of food price anomalies,Sub-indicator: Type of product
Iraq,2019,-3.13,2.c.1 Indicator of food price anomalies,Sub-indicator: Type of product
Iraq,2020,0.35,2.c.1 Indicator of food price anomalies,Sub-indicator: Type of product
Iraq,2020,1.25,2.c.1 Indicator of food price anomalies,Sub-indicator: Type of product
Iraq,2021,0.2,2.c.1 Indicator of food price anomalies,Sub-indicator: Type of product
Iraq,2021,0.69,2.c.1 Indicator of food price anomalies,Sub-indicator: Type of product
Iraq,2022,-0.76,2.c.1 Indicator of food price anomalies,Sub-indicator: Type of product
Iraq,2022,-1.31,2.c.1 Indicator of food price anomalies,Sub-indicator: Type of product
Iraq,2023,-0.94,2.c.1 Indicator of food price anomalies,Sub-indicator: Type of product
Iraq,2023,-0.73,2.c.1 Indicator of food price anomalies,Sub-indicator: Type of product
Iraq,2024,-0.2,2.c.1 Indicator of food price anomalies,Sub-indicator: Type of product
Iraq,2024,0.22,2.c.1 Indicator of food price anomalies,Sub-indicator: Type of product
Israel,2015,-0.06,2.c.1 Indicator of food price anomalies,Sub-indicator: Type of product
Israel,2015,-0.07,2.c.1 Indicator of food price anomalies,Sub-indicator: Type of product
Israel,2015,-0.19,2.c.1 Indicator of food price anomalies,Sub-indicator: Type of product
Israel,2016,-0.01,2.c.1 Indicator of food price anomalies,Sub-indicator: Type of product
Israel,2016,0.28,2.c.1 Indicator of food price anomalies,Sub-indicator: Type of product
Israel,2016,0.41,2.c.1 Indicator of food price anomalies,Sub-indicator: Type of product
Israel,2017,0.12,2.c.1 Indicator of food price anomalies,Sub-indicator: Type of product
Israel,2017,0.22,2.c.1 Indicator of food price anomalies,Sub-indicator: Type of product
Israel,2017,0.39,2.c.1 Indicator of food price anomalies,Sub-indicator: Type of product
Israel,2018,0.44,2.c.1 Indicator of food price anomalies,Sub-indicator: Type of product
Israel,2018,0.41,2.c.1 Indicator of food price anomalies,Sub-indicator: Type of product
Israel,2018,0.32,2.c.1 Indicator of food price anomalies,Sub-indicator: Type of product
Israel,2019,0.54,2.c.1 Indicator of food price anomalies,Sub-indicator: Type of product
Israel,2019,0.21,2.c.1 Indicator of food price anomalies,Sub-indicator: Type of product
Israel,2019,0.59,2.c.1 Indicator of food price anomalies,Sub-indicator: Type of product
Israel,2020,0.12,2.c.1 Indicator of food price anomalies,Sub-indicator: Type of product
Israel,2020,0.31,2.c.1 Indicator of food price anomalies,Sub-indicator: Type of product
Israel,2020,-0.53,2.c.1 Indicator of food price anomalies,Sub-indicator: Type of product
Israel,2021,0.54,2.c.1 Indicator of food price anomalies,Sub-indicator: Type of product
Israel,2021,1.44,2.c.1 Indicator of food price anomalies,Sub-indicator: Type of product
Israel,2021,0.68,2.c.1 Indicator of food price anomalies,Sub-indicator: Type of product
Israel,2022,-1.12,2.c.1 Indicator of food price anomalies,Sub-indicator: Type of product
Israel,2022,-1.7,2.c.1 Indicator of food price anomalies,Sub-indicator: Type of product
Israel,2022,-2.85,2.c.1 Indicator of food price anomalies,Sub-indicator: Type of product
Israel,2023,-2.37,2.c.1 Indicator of food price anomalies,Sub-indicator: Type of product
Israel,2023,-1.14,2.c.1 Indicator of food price anomalies,Sub-indicator: Type of product
Israel,2023,-1.83,2.c.1 Indicator of food price anomalies,Sub-indicator: Type of product
Israel,2024,0.79,2.c.1 Indicator of food price anomalies,Sub-indicator: Type of product
Israel,2024,0.13,2.c.1 Indicator of food price anomalies,Sub-indicator: Type of product
Israel,2024,0.05,2.c.1 Indicator of food price anomalies,Sub-indicator: Type of product
Italy,2015,-0.23,2.c.1 Indicator of food price anomalies,Sub-indicator: Type of product
Italy,2015,0.11,2.c.1 Indicator of food price anomalies,Sub-indicator: Type of product
Italy,2015,-0.38,2.c.1 Indicator of food price anomalies,Sub-indicator: Type of product
Italy,2016,-0.76,2.c.1 Indicator of food price anomalies,Sub-indicator: Type of product
Italy,2016,-0.54,2.c.1 Indicator of food price anomalies,Sub-indicator: Type of product
Italy,2016,0.24,2.c.1 Indicator of food price anomalies,Sub-indicator: Type of product
Italy,2017,0.17,2.c.1 Indicator of food price anomalies,Sub-indicator: Type of product
Italy,2017,-2.87,2.c.1 Indicator of food price anomalies,Sub-indicator: Type of product
Italy,2018,-0.46,2.c.1 Indicator of food price anomalies,Sub-indicator: Type of product
Italy,2018,1.46,2.c.1 Indicator of food price anomalies,Sub-indicator: Type of product
Italy,2018,0.24,2.c.1 Indicator of food price anomalies,Sub-indicator: Type of product
Italy,2019,0.46,2.c.1 Indicator of food price anomalies,Sub-indicator: Type of product
Italy,2019,-2.42,2.c.1 Indicator of food price anomalies,Sub-indicator: Type of product
Italy,2019,1.02,2.c.1 Indicator of food price anomalies,Sub-indicator: Type of product
Italy,2020,0.0,2.c.1 Indicator of food price anomalies,Sub-indicator: Type of product
Italy,2020,-0.29,2.c.1 Indicator of food price anomalies,Sub-indicator: Type of product
Italy,2020,0.26,2.c.1 Indicator of food price anomalies,Sub-indicator: Type of product
Italy,2021,1.45,2.c.1 Indicator of food price anomalies,Sub-indicator: Type of product
Italy,2021,1.0,2.c.1 Indicator of food price anomalies,Sub-indicator: Type of product
Italy,2021,1.09,2.c.1 Indicator of food price anomalies,Sub-indicator: Type of product
Italy,2022,0.28,2.c.1 Indicator of food price anomalies,Sub-indicator: Type of product
Italy,2022,1.86,2.c.1 Indicator of food price anomalies,Sub-indicator: Type of product
Italy,2022,1.21,2.c.1 Indicator of food price anomalies,Sub-indicator: Type of product
Italy,2023,-0.99,2.c.1 Indicator of food price anomalies,Sub-indicator: Type of product
Italy,2023,-0.49,2.c.1 Indicator of food price anomalies,Sub-indicator: Type of product
Italy,2023,-0.46,2.c.1 Indicator of food price anomalies,Sub-indicator: Type of product
Italy,2024,-0.04,2.c.1 Indicator of food price anomalies,Sub-indicator: Type of product
Italy,2024,0.4,2.c.1 Indicator of food price anomalies,Sub-indicator: Type of product
Cote d'Ivoire,2015,1.65,2.c.1 Indicator of food price anomalies,Sub-indicator: Type of product
Cote d'Ivoire,2016,0.53,2.c.1 Indicator of food price anomalies,Sub-indicator: Type of product
Cote d'Ivoire,2017,0.26,2.c.1 Indicator of food price anomalies,Sub-indicator: Type of product
Cote d'Ivoire,2018,0.27,2.c.1 Indicator of food price anomalies,Sub-indicator: Type of product
Cote d'Ivoire,2019,1.71,2.c.1 Indicator of food price anomalies,Sub-indicator: Type of product
Cote d'Ivoire,2020,-0.31,2.c.1 Indicator of food price anomalies,Sub-indicator: Type of product
Cote d'Ivoire,2021,-0.49,2.c.1 Indicator of food price anomalies,Sub-indicator: Type of product
Cote d'Ivoire,2022,0.98,2.c.1 Indicator of food price anomalies,Sub-indicator: Type of product
Cote d'Ivoire,2023,0.2,2.c.1 Indicator of food price anomalies,Sub-indicator: Type of product
Cote d'Ivoire,2024,-2.51,2.c.1 Indicator of food price anomalies,Sub-indicator: Type of product
Japan,2015,-0.39,2.c.1 Indicator of food price anomalies,Sub-indicator: Type of product
Japan,2016,1.27,2.c.1 Indicator of food price anomalies,Sub-indicator: Type of product
Japan,2017,-0.18,2.c.1 Indicator of food price anomalies,Sub-indicator: Type of product
Japan,2017,0.41,2.c.1 Indicator of food price anomalies,Sub-indicator: Type of product
Japan,2018,0.34,2.c.1 Indicator of food price anomalies,Sub-indicator: Type of product
Japan,2018,-0.47,2.c.1 Indicator of food price anomalies,Sub-indicator: Type of product
Japan,2019,0.55,2.c.1 Indicator of food price anomalies,Sub-indicator: Type of product
Japan,2019,0.11,2.c.1 Indicator of food price anomalies,Sub-indicator: Type of product
Japan,2020,-0.15,2.c.1 Indicator of food price anomalies,Sub-indicator: Type of product
Japan,2020,-0.33,2.c.1 Indicator of food price anomalies,Sub-indicator: Type of product
Japan,2021,-0.01,2.c.1 Indicator of food price anomalies,Sub-indicator: Type of product
Japan,2021,-0.86,2.c.1 Indicator of food price anomalies,Sub-indicator: Type of product
Japan,2022,-9.7,2.c.1 Indicator of food price anomalies,Sub-indicator: Type of product
Japan,2022,-0.29,2.c.1 Indicator of food price anomalies,Sub-indicator: Type of product
Japan,2023,-0.15,2.c.1 Indicator of food price anomalies,Sub-indicator: Type of product
Japan,2023,-1.32,2.c.1 Indicator of food price anomalies,Sub-indicator: Type of product
Japan,2024,0.24,2.c.1 Indicator of food price anomalies,Sub-indicator: Type of product
Japan,2024,-2.77,2.c.1 Indicator of food price anomalies,Sub-indicator: Type of product
Kazakhstan,2015,0.22,2.c.1 Indicator of food price anomalies,Sub-indicator: Type of product
Kazakhstan,2016,0.37,2.c.1 Indicator of food price anomalies,Sub-indicator: Type of product
Kazakhstan,2017,-0.2,2.c.1 Indicator of food price anomalies,Sub-indicator: Type of product
Kazakhstan,2018,-0.28,2.c.1 Indicator of food price anomalies,Sub-indicator: Type of product
Kazakhstan,2019,1.62,2.c.1 Indicator of food price anomalies,Sub-indicator: Type of product
Kazakhstan,2020,0.79,2.c.1 Indicator of food price anomalies,Sub-indicator: Type of product
Kazakhstan,2021,-0.66,2.c.1 Indicator of food price anomalies,Sub-indicator: Type of product
Kazakhstan,2022,4.5,2.c.1 Indicator of food price anomalies,Sub-indicator: Type of product
Kazakhstan,2023,-0.5,2.c.1 Indicator of food price anomalies,Sub-indicator: Type of product
Kazakhstan,2024,-2.17,2.c.1 Indicator of food price anomalies,Sub-indicator: Type of product
Jordan,2019,6.6,2.c.1 Indicator of food price anomalies,Sub-indicator: Type of product
Jordan,2020,-0.29,2.c.1 Indicator of food price anomalies,Sub-indicator: Type of product
Jordan,2020,1.03,2.c.1 Indicator of food price anomalies,Sub-indicator: Type of product
Jordan,2021,1.1,2.c.1 Indicator of food price anomalies,Sub-indicator: Type of product
Jordan,2021,-0.62,2.c.1 Indicator of food price anomalies,Sub-indicator: Type of product
Jordan,2022,-4.17,2.c.1 Indicator of food price anomalies,Sub-indicator: Type of product
Jordan,2022,-0.28,2.c.1 Indicator of food price anomalies,Sub-indicator: Type of product
Jordan,2023,-29.6,2.c.1 Indicator of food price anomalies,Sub-indicator: Type of product
Jordan,2023,-2.63,2.c.1 Indicator of food price anomalies,Sub-indicator: Type of product
Jordan,2024,1.56,2.c.1 Indicator of food price anomalies,Sub-indicator: Type of product
Jordan,2024,-1.16,2.c.1 Indicator of food price anomalies,Sub-indicator: Type of product
"Korea, Rep.",2015,-0.15,2.c.1 Indicator of food price anomalies,Sub-indicator: Type of product
"Korea, Rep.",2016,-1.5,2.c.1 Indicator of food price anomalies,Sub-indicator: Type of product
"Korea, Rep.",2017,0.28,2.c.1 Indicator of food price anomalies,Sub-indicator: Type of product
"Korea, Rep.",2018,1.07,2.c.1 Indicator of food price anomalies,Sub-indicator: Type of product
"Korea, Rep.",2019,0.32,2.c.1 Indicator of food price anomalies,Sub-indicator: Type of product
"Korea, Rep.",2020,-0.13,2.c.1 Indicator of food price anomalies,Sub-indicator: Type of product
"Korea, Rep.",2021,0.49,2.c.1 Indicator of food price anomalies,Sub-indicator: Type of product
"Korea, Rep.",2022,0.18,2.c.1 Indicator of food price anomalies,Sub-indicator: Type of product
"Korea, Rep.",2023,-0.06,2.c.1 Indicator of food price anomalies,Sub-indicator: Type of product
"Korea, Rep.",2024,0.31,2.c.1 Indicator of food price anomalies,Sub-indicator: Type of product
Kyrgyz Republic,2015,0.11,2.c.1 Indicator of food price anomalies,Sub-indicator: Type of product
Kyrgyz Republic,2016,-0.6,2.c.1 Indicator of food price anomalies,Sub-indicator: Type of product
Kyrgyz Republic,2017,-0.24,2.c.1 Indicator of food price anomalies,Sub-indicator: Type of product
Kyrgyz Republic,2018,0.15,2.c.1 Indicator of food price anomalies,Sub-indicator: Type of product
Kyrgyz Republic,2019,0.56,2.c.1 Indicator of food price anomalies,Sub-indicator: Type of product
Kyrgyz Republic,2020,1.24,2.c.1 Indicator of food price anomalies,Sub-indicator: Type of product
Kyrgyz Republic,2021,-0.47,2.c.1 Indicator of food price anomalies,Sub-indicator: Type of product
Kyrgyz Republic,2022,2.7,2.c.1 Indicator of food price anomalies,Sub-indicator: Type of product
Kyrgyz Republic,2023,0.43,2.c.1 Indicator of food price anomalies,Sub-indicator: Type of product
Kyrgyz Republic,2024,1.48,2.c.1 Indicator of food price anomalies,Sub-indicator: Type of product
Lao PDR,2015,0.09,2.c.1 Indicator of food price anomalies,Sub-indicator: Type of product
Lao PDR,2016,0.47,2.c.1 Indicator of food price anomalies,Sub-indicator: Type of product
Lao PDR,2017,-0.25,2.c.1 Indicator of food price anomalies,Sub-indicator: Type of product
Lao PDR,2018,-0.6,2.c.1 Indicator of food price anomalies,Sub-indicator: Type of product
Lao PDR,2019,0.24,2.c.1 Indicator of food price anomalies,Sub-indicator: Type of product
Lao PDR,2020,0.08,2.c.1 Indicator of food price anomalies,Sub-indicator: Type of product
Lao PDR,2021,0.01,2.c.1 Indicator of food price anomalies,Sub-indicator: Type of product
Lao PDR,2022,0.5,2.c.1 Indicator of food price anomalies,Sub-indicator: Type of product
Lao PDR,2023,0.95,2.c.1 Indicator of food price anomalies,Sub-indicator: Type of product
Lao PDR,2024,0.3,2.c.1 Indicator of food price anomalies,Sub-indicator: Type of product
Lesotho,2015,-0.14,2.c.1 Indicator of food price anomalies,Sub-indicator: Type of product
Lesotho,2015,-0.48,2.c.1 Indicator of food price anomalies,Sub-indicator: Type of product
Lesotho,2015,-0.5,2.c.1 Indicator of food price anomalies,Sub-indicator: Type of product
Lesotho,2016,0.34,2.c.1 Indicator of food price anomalies,Sub-indicator: Type of product
Lesotho,2016,1.32,2.c.1 Indicator of food price anomalies,Sub-indicator: Type of product
Lesotho,2016,1.09,2.c.1 Indicator of food price anomalies,Sub-indicator: Type of product
Lesotho,2017,0.33,2.c.1 Indicator of food price anomalies,Sub-indicator: Type of product
Lesotho,2017,-1.22,2.c.1 Indicator of food price anomalies,Sub-indicator: Type of product
Lesotho,2017,3.79,2.c.1 Indicator of food price anomalies,Sub-indicator: Type of product
Lesotho,2018,-3.87,2.c.1 Indicator of food price anomalies,Sub-indicator: Type of product
Lesotho,2018,-0.98,2.c.1 Indicator of food price anomalies,Sub-indicator: Type of product
Lesotho,2018,-5.69,2.c.1 Indicator of food price anomalies,Sub-indicator: Type of product
Lesotho,2019,0.24,2.c.1 Indicator of food price anomalies,Sub-indicator: Type of product
Lesotho,2019,0.16,2.c.1 Indicator of food price anomalies,Sub-indicator: Type of product
Lesotho,2019,0.01,2.c.1 Indicator of food price anomalies,Sub-indicator: Type of product
Lesotho,2020,0.11,2.c.1 Indicator of food price anomalies,Sub-indicator: Type of product
Lesotho,2020,0.82,2.c.1 Indicator of food price anomalies,Sub-indicator: Type of product
Lesotho,2020,1.49,2.c.1 Indicator of food price anomalies,Sub-indicator: Type of product
Lesotho,2020,2.33,2.c.1 Indicator of food price anomalies,Sub-indicator: Type of product
Lesotho,2021,3.68,2.c.1 Indicator of food price anomalies,Sub-indicator: Type of product
Lesotho,2021,3.6,2.c.1 Indicator of food price anomalies,Sub-indicator: Type of product
Lesotho,2021,3.94,2.c.1 Indicator of food price anomalies,Sub-indicator: Type of product
Lesotho,2021,4.3,2.c.1 Indicator of food price anomalies,Sub-indicator: Type of product
Lesotho,2022,-0.24,2.c.1 Indicator of food price anomalies,Sub-indicator: Type of product
Lesotho,2022,-0.15,2.c.1 Indicator of food price anomalies,Sub-indicator: Type of product
Lesotho,2022,-0.1,2.c.1 Indicator of food price anomalies,Sub-indicator: Type of product
Lesotho,2022,-0.69,2.c.1 Indicator of food price anomalies,Sub-indicator: Type of product
Lesotho,2023,0.73,2.c.1 Indicator of food price anomalies,Sub-indicator: Type of product
Lesotho,2023,0.07,2.c.1 Indicator of food price anomalies,Sub-indicator: Type of product
Lesotho,2023,0.51,2.c.1 Indicator of food price anomalies,Sub-indicator: Type of product
Lesotho,2023,0.52,2.c.1 Indicator of food price anomalies,Sub-indicator: Type of product
Lesotho,2024,-0.14,2.c.1 Indicator of food price anomalies,Sub-indicator: Type of product
Lesotho,2024,-0.37,2.c.1 Indicator of food price anomalies,Sub-indicator: Type of product
Lesotho,2024,-0.17,2.c.1 Indicator of food price anomalies,Sub-indicator: Type of product
Lesotho,2024,0.73,2.c.1 Indicator of food price anomalies,Sub-indicator: Type of product
Latvia,2015,-0.2,2.c.1 Indicator of food price anomalies,Sub-indicator: Type of product
Latvia,2016,-0.42,2.c.1 Indicator of food price anomalies,Sub-indicator: Type of product
Latvia,2017,0.27,2.c.1 Indicator of food price anomalies,Sub-indicator: Type of product
Latvia,2018,0.41,2.c.1 Indicator of food price anomalies,Sub-indicator: Type of product
Latvia,2019,-0.21,2.c.1 Indicator of food price anomalies,Sub-indicator: Type of product
Latvia,2020,0.32,2.c.1 Indicator of food price anomalies,Sub-indicator: Type of product
Latvia,2021,0.7,2.c.1 Indicator of food price anomalies,Sub-indicator: Type of product
Latvia,2022,1.21,2.c.1 Indicator of food price anomalies,Sub-indicator: Type of product
Latvia,2023,-3.17,2.c.1 Indicator of food price anomalies,Sub-indicator: Type of product
Latvia,2024,0.39,2.c.1 Indicator of food price anomalies,Sub-indicator: Type of product
Lithuania,2015,-0.07,2.c.1 Indicator of food price anomalies,Sub-indicator: Type of product
Lithuania,2016,-0.38,2.c.1 Indicator of food price anomalies,Sub-indicator: Type of product
Lithuania,2017,0.23,2.c.1 Indicator of food price anomalies,Sub-indicator: Type of product
Lithuania,2018,0.3,2.c.1 Indicator of food price anomalies,Sub-indicator: Type of product
Lithuania,2019,-0.17,2.c.1 Indicator of food price anomalies,Sub-indicator: Type of product
Lithuania,2020,0.29,2.c.1 Indicator of food price anomalies,Sub-indicator: Type of product
Lithuania,2021,0.64,2.c.1 Indicator of food price anomalies,Sub-indicator: Type of product
Lithuania,2022,1.28,2.c.1 Indicator of food price anomalies,Sub-indicator: Type of product
Lithuania,2023,-3.06,2.c.1 Indicator of food price anomalies,Sub-indicator: Type of product
Lithuania,2024,0.33,2.c.1 Indicator of food price anomalies,Sub-indicator: Type of product
Malawi,2015,-0.5,2.c.1 Indicator of food price anomalies,Sub-indicator: Type of product
Malawi,2015,0.77,2.c.1 Indicator of food price anomalies,Sub-indicator: Type of product
Malawi,2016,0.31,2.c.1 Indicator of food price anomalies,Sub-indicator: Type of product
Malawi,2016,1.7,2.c.1 Indicator of food price anomalies,Sub-indicator: Type of product
Malawi,2017,-0.72,2.c.1 Indicator of food price anomalies,Sub-indicator: Type of product
Malawi,2017,0.0,2.c.1 Indicator of food price anomalies,Sub-indicator: Type of product
Malawi,2018,0.4,2.c.1 Indicator of food price anomalies,Sub-indicator: Type of product
Malawi,2018,-0.36,2.c.1 Indicator of food price anomalies,Sub-indicator: Type of product
Malawi,2019,0.9,2.c.1 Indicator of food price anomalies,Sub-indicator: Type of product
Malawi,2019,-0.1,2.c.1 Indicator of food price anomalies,Sub-indicator: Type of product
Malawi,2020,-0.88,2.c.1 Indicator of food price anomalies,Sub-indicator: Type of product
Malawi,2020,-0.26,2.c.1 Indicator of food price anomalies,Sub-indicator: Type of product
Malawi,2021,-0.05,2.c.1 Indicator of food price anomalies,Sub-indicator: Type of product
Malawi,2021,-0.17,2.c.1 Indicator of food price anomalies,Sub-indicator: Type of product
Malawi,2022,0.94,2.c.1 Indicator of food price anomalies,Sub-indicator: Type of product
Malawi,2022,0.78,2.c.1 Indicator of food price anomalies,Sub-indicator: Type of product
Malawi,2023,0.88,2.c.1 Indicator of food price anomalies,Sub-indicator: Type of product
Malawi,2023,0.15,2.c.1 Indicator of food price anomalies,Sub-indicator: Type of product
Malawi,2024,0.23,2.c.1 Indicator of food price anomalies,Sub-indicator: Type of product
Mali,2015,0.26,2.c.1 Indicator of food price anomalies,Sub-indicator: Type of product
Mali,2015,-0.02,2.c.1 Indicator of food price anomalies,Sub-indicator: Type of product
Mali,2015,-0.21,2.c.1 Indicator of food price anomalies,Sub-indicator: Type of product
Mali,2016,0.21,2.c.1 Indicator of food price anomalies,Sub-indicator: Type of product
Mali,2016,-0.12,2.c.1 Indicator of food price anomalies,Sub-indicator: Type of product
Mali,2016,0.4,2.c.1 Indicator of food price anomalies,Sub-indicator: Type of product
Mali,2017,0.23,2.c.1 Indicator of food price anomalies,Sub-indicator: Type of product
Mali,2017,0.88,2.c.1 Indicator of food price anomalies,Sub-indicator: Type of product
Mali,2017,0.55,2.c.1 Indicator of food price anomalies,Sub-indicator: Type of product
Mali,2018,-0.26,2.c.1 Indicator of food price anomalies,Sub-indicator: Type of product
Mali,2018,0.19,2.c.1 Indicator of food price anomalies,Sub-indicator: Type of product
Mali,2018,0.14,2.c.1 Indicator of food price anomalies,Sub-indicator: Type of product
Mali,2019,-0.04,2.c.1 Indicator of food price anomalies,Sub-indicator: Type of product
Mali,2019,-1.49,2.c.1 Indicator of food price anomalies,Sub-indicator: Type of product
Mali,2019,-0.57,2.c.1 Indicator of food price anomalies,Sub-indicator: Type of product
Mali,2020,-0.37,2.c.1 Indicator of food price anomalies,Sub-indicator: Type of product
Mali,2020,0.45,2.c.1 Indicator of food price anomalies,Sub-indicator: Type of product
Mali,2020,-1.03,2.c.1 Indicator of food price anomalies,Sub-indicator: Type of product
Mali,2021,0.51,2.c.1 Indicator of food price anomalies,Sub-indicator: Type of product
Mali,2021,0.53,2.c.1 Indicator of food price anomalies,Sub-indicator: Type of product
Mali,2021,0.5,2.c.1 Indicator of food price anomalies,Sub-indicator: Type of product
Mali,2022,0.79,2.c.1 Indicator of food price anomalies,Sub-indicator: Type of product
Mali,2022,0.61,2.c.1 Indicator of food price anomalies,Sub-indicator: Type of product
Mali,2022,0.03,2.c.1 Indicator of food price anomalies,Sub-indicator: Type of product
Mali,2023,-0.26,2.c.1 Indicator of food price anomalies,Sub-indicator: Type of product
Mali,2023,0.61,2.c.1 Indicator of food price anomalies,Sub-indicator: Type of product
Mali,2023,-0.07,2.c.1 Indicator of food price anomalies,Sub-indicator: Type of product
Mali,2024,0.11,2.c.1 Indicator of food price anomalies,Sub-indicator: Type of product
Mali,2024,-0.08,2.c.1 Indicator of food price anomalies,Sub-indicator: Type of product
Mali,2024,0.1,2.c.1 Indicator of food price anomalies,Sub-indicator: Type of product
Malta,2020,1.03,2.c.1 Indicator of food price anomalies,Sub-indicator: Type of product
Malta,2020,-0.54,2.c.1 Indicator of food price anomalies,Sub-indicator: Type of product
Malta,2021,-0.29,2.c.1 Indicator of food price anomalies,Sub-indicator: Type of product
Malta,2021,0.14,2.c.1 Indicator of food price anomalies,Sub-indicator: Type of product
Malta,2022,0.27,2.c.1 Indicator of food price anomalies,Sub-indicator: Type of product
Malta,2022,0.41,2.c.1 Indicator of food price anomalies,Sub-indicator: Type of product
Malta,2023,4.36,2.c.1 Indicator of food price anomalies,Sub-indicator: Type of product
Malta,2023,0.32,2.c.1 Indicator of food price anomalies,Sub-indicator: Type of product
Malta,2024,-0.17,2.c.1 Indicator of food price anomalies,Sub-indicator: Type of product
Malta,2024,-0.06,2.c.1 Indicator of food price anomalies,Sub-indicator: Type of product
Mauritania,2015,-0.92,2.c.1 Indicator of food price anomalies,Sub-indicator: Type of product
Mauritania,2015,-0.24,2.c.1 Indicator of food price anomalies,Sub-indicator: Type of product
Mauritania,2016,0.12,2.c.1 Indicator of food price anomalies,Sub-indicator: Type of product
Mauritania,2016,1.76,2.c.1 Indicator of food price anomalies,Sub-indicator: Type of product
Mauritania,2017,-1.43,2.c.1 Indicator of food price anomalies,Sub-indicator: Type of product
Mauritania,2017,-0.31,2.c.1 Indicator of food price anomalies,Sub-indicator: Type of product
Mauritania,2018,-0.05,2.c.1 Indicator of food price anomalies,Sub-indicator: Type of product
Mauritania,2018,-1.98,2.c.1 Indicator of food price anomalies,Sub-indicator: Type of product
Mauritania,2019,0.2,2.c.1 Indicator of food price anomalies,Sub-indicator: Type of product
Mauritania,2019,0.3,2.c.1 Indicator of food price anomalies,Sub-indicator: Type of product
Mauritania,2020,-0.21,2.c.1 Indicator of food price anomalies,Sub-indicator: Type of product
Mauritania,2020,-0.56,2.c.1 Indicator of food price anomalies,Sub-indicator: Type of product
Mauritania,2021,0.08,2.c.1 Indicator of food price anomalies,Sub-indicator: Type of product
Mauritania,2021,0.48,2.c.1 Indicator of food price anomalies,Sub-indicator: Type of product
Mauritania,2022,0.8,2.c.1 Indicator of food price anomalies,Sub-indicator: Type of product
Mauritania,2022,3.59,2.c.1 Indicator of food price anomalies,Sub-indicator: Type of product
Mauritania,2023,-1.13,2.c.1 Indicator of food price anomalies,Sub-indicator: Type of product
Mauritania,2023,-0.88,2.c.1 Indicator of food price anomalies,Sub-indicator: Type of product
Mauritania,2024,-0.25,2.c.1 Indicator of food price anomalies,Sub-indicator: Type of product
Mauritania,2024,-0.72,2.c.1 Indicator of food price anomalies,Sub-indicator: Type of product
Mauritius,2015,4.16,2.c.1 Indicator of food price anomalies,Sub-indicator: Type of product
Mauritius,2015,-3.57,2.c.1 Indicator of food price anomalies,Sub-indicator: Type of product
Mauritius,2016,-2.52,2.c.1 Indicator of food price anomalies,Sub-indicator: Type of product
Mauritius,2016,1.23,2.c.1 Indicator of food price anomalies,Sub-indicator: Type of product
Mauritius,2017,-1.05,2.c.1 Indicator of food price anomalies,Sub-indicator: Type of product
Mauritius,2017,-1.12,2.c.1 Indicator of food price anomalies,Sub-indicator: Type of product
Mauritius,2018,-1.46,2.c.1 Indicator of food price anomalies,Sub-indicator: Type of product
Mauritius,2018,-0.6,2.c.1 Indicator of food price anomalies,Sub-indicator: Type of product
Mauritius,2019,0.3,2.c.1 Indicator of food price anomalies,Sub-indicator: Type of product
Mauritius,2019,0.07,2.c.1 Indicator of food price anomalies,Sub-indicator: Type of product
Mauritius,2020,0.34,2.c.1 Indicator of food price anomalies,Sub-indicator: Type of product
Mauritius,2020,0.23,2.c.1 Indicator of food price anomalies,Sub-indicator: Type of product
Mauritius,2021,-0.17,2.c.1 Indicator of food price anomalies,Sub-indicator: Type of product
Mauritius,2021,-0.23,2.c.1 Indicator of food price anomalies,Sub-indicator: Type of product
Mauritius,2022,0.73,2.c.1 Indicator of food price anomalies,Sub-indicator: Type of product
Mauritius,2022,0.54,2.c.1 Indicator of food price anomalies,Sub-indicator: Type of product
Mauritius,2023,0.43,2.c.1 Indicator of food price anomalies,Sub-indicator: Type of product
Mauritius,2023,0.44,2.c.1 Indicator of food price anomalies,Sub-indicator: Type of product
Mauritius,2024,-0.17,2.c.1 Indicator of food price anomalies,Sub-indicator: Type of product
Mauritius,2024,-0.09,2.c.1 Indicator of food price anomalies,Sub-indicator: Type of product
Mexico,2015,0.16,2.c.1 Indicator of food price anomalies,Sub-indicator: Type of product
Mexico,2015,0.38,2.c.1 Indicator of food price anomalies,Sub-indicator: Type of product
Mexico,2016,-0.06,2.c.1 Indicator of food price anomalies,Sub-indicator: Type of product
Mexico,2016,0.73,2.c.1 Indicator of food price anomalies,Sub-indicator: Type of product
Mexico,2017,-0.39,2.c.1 Indicator of food price anomalies,Sub-indicator: Type of product
Mexico,2017,0.43,2.c.1 Indicator of food price anomalies,Sub-indicator: Type of product
Mexico,2018,-0.93,2.c.1 Indicator of food price anomalies,Sub-indicator: Type of product
Mexico,2018,-0.04,2.c.1 Indicator of food price anomalies,Sub-indicator: Type of product
Mexico,2019,0.13,2.c.1 Indicator of food price anomalies,Sub-indicator: Type of product
Mexico,2019,1.32,2.c.1 Indicator of food price anomalies,Sub-indicator: Type of product
Mexico,2020,-0.2,2.c.1 Indicator of food price anomalies,Sub-indicator: Type of product
Mexico,2020,2.2,2.c.1 Indicator of food price anomalies,Sub-indicator: Type of product
Mexico,2021,-1.16,2.c.1 Indicator of food price anomalies,Sub-indicator: Type of product
Mexico,2021,1.19,2.c.1 Indicator of food price anomalies,Sub-indicator: Type of product
Mexico,2022,1.01,2.c.1 Indicator of food price anomalies,Sub-indicator: Type of product
Mexico,2022,-0.36,2.c.1 Indicator of food price anomalies,Sub-indicator: Type of product
Mexico,2023,-1.02,2.c.1 Indicator of food price anomalies,Sub-indicator: Type of product
Mexico,2023,-1.16,2.c.1 Indicator of food price anomalies,Sub-indicator: Type of product
Mexico,2024,-0.66,2.c.1 Indicator of food price anomalies,Sub-indicator: Type of product
Mexico,2024,1.02,2.c.1 Indicator of food price anomalies,Sub-indicator: Type of product
Mongolia,2015,1.13,2.c.1 Indicator of food price anomalies,Sub-indicator: Type of product
Mongolia,2015,-0.2,2.c.1 Indicator of food price anomalies,Sub-indicator: Type of product
Mongolia,2016,0.2,2.c.1 Indicator of food price anomalies,Sub-indicator: Type of product
Mongolia,2016,-0.01,2.c.1 Indicator of food price anomalies,Sub-indicator: Type of product
Mongolia,2017,-0.32,2.c.1 Indicator of food price anomalies,Sub-indicator: Type of product
Mongolia,2017,0.0,2.c.1 Indicator of food price anomalies,Sub-indicator: Type of product
Mongolia,2018,0.0,2.c.1 Indicator of food price anomalies,Sub-indicator: Type of product
Mongolia,2018,-0.51,2.c.1 Indicator of food price anomalies,Sub-indicator: Type of product
Mongolia,2019,-0.05,2.c.1 Indicator of food price anomalies,Sub-indicator: Type of product
Mongolia,2019,1.4,2.c.1 Indicator of food price anomalies,Sub-indicator: Type of product
Mongolia,2020,-0.34,2.c.1 Indicator of food price anomalies,Sub-indicator: Type of product
Mongolia,2020,0.47,2.c.1 Indicator of food price anomalies,Sub-indicator: Type of product
Mongolia,2021,-0.6,2.c.1 Indicator of food price anomalies,Sub-indicator: Type of product
Mongolia,2021,0.35,2.c.1 Indicator of food price anomalies,Sub-indicator: Type of product
Mongolia,2022,0.2,2.c.1 Indicator of food price anomalies,Sub-indicator: Type of product
Mongolia,2022,0.41,2.c.1 Indicator of food price anomalies,Sub-indicator: Type of product
Mongolia,2023,2.0,2.c.1 Indicator of food price anomalies,Sub-indicator: Type of product
Mongolia,2023,-0.65,2.c.1 Indicator of food price anomalies,Sub-indicator: Type of product
Mongolia,2024,-0.65,2.c.1 Indicator of food price anomalies,Sub-indicator: Type of product
Mongolia,2024,-0.32,2.c.1 Indicator of food price anomalies,Sub-indicator: Type of product
Mozambique,2015,-0.3,2.c.1 Indicator of food price anomalies,Sub-indicator: Type of product
Mozambique,2015,-0.2,2.c.1 Indicator of food price anomalies,Sub-indicator: Type of product
Mozambique,2016,3.4,2.c.1 Indicator of food price anomalies,Sub-indicator: Type of product
Mozambique,2016,2.7,2.c.1 Indicator of food price anomalies,Sub-indicator: Type of product
Mozambique,2017,0.4,2.c.1 Indicator of food price anomalies,Sub-indicator: Type of product
Mozambique,2017,-1.9,2.c.1 Indicator of food price anomalies,Sub-indicator: Type of product
Mozambique,2018,-0.4,2.c.1 Indicator of food price anomalies,Sub-indicator: Type of product
Mozambique,2018,-1.1,2.c.1 Indicator of food price anomalies,Sub-indicator: Type of product
Mozambique,2019,-2.7,2.c.1 Indicator of food price anomalies,Sub-indicator: Type of product
Mozambique,2019,1.0,2.c.1 Indicator of food price anomalies,Sub-indicator: Type of product
Mozambique,2020,0.06,2.c.1 Indicator of food price anomalies,Sub-indicator: Type of product
Mozambique,2020,0.71,2.c.1 Indicator of food price anomalies,Sub-indicator: Type of product
Mozambique,2021,0.01,2.c.1 Indicator of food price anomalies,Sub-indicator: Type of product
Mozambique,2021,0.64,2.c.1 Indicator of food price anomalies,Sub-indicator: Type of product
Mozambique,2022,-0.2,2.c.1 Indicator of food price anomalies,Sub-indicator: Type of product
Mozambique,2022,-0.88,2.c.1 Indicator of food price anomalies,Sub-indicator: Type of product
Mozambique,2023,0.5,2.c.1 Indicator of food price anomalies,Sub-indicator: Type of product
Mozambique,2023,-0.26,2.c.1 Indicator of food price anomalies,Sub-indicator: Type of product
Namibia,2015,2.48,2.c.1 Indicator of food price anomalies,Sub-indicator: Type of product
Namibia,2015,-0.39,2.c.1 Indicator of food price anomalies,Sub-indicator: Type of product
Namibia,2015,0.9,2.c.1 Indicator of food price anomalies,Sub-indicator: Type of product
Namibia,2015,1.87,2.c.1 Indicator of food price anomalies,Sub-indicator: Type of product
Namibia,2015,-1.36,2.c.1 Indicator of food price anomalies,Sub-indicator: Type of product
Namibia,2016,-0.78,2.c.1 Indicator of food price anomalies,Sub-indicator: Type of product
Namibia,2016,1.61,2.c.1 Indicator of food price anomalies,Sub-indicator: Type of product
Namibia,2016,-0.13,2.c.1 Indicator of food price anomalies,Sub-indicator: Type of product
Namibia,2016,0.62,2.c.1 Indicator of food price anomalies,Sub-indicator: Type of product
Namibia,2016,-0.12,2.c.1 Indicator of food price anomalies,Sub-indicator: Type of product
Namibia,2017,-0.85,2.c.1 Indicator of food price anomalies,Sub-indicator: Type of product
Namibia,2017,-0.9,2.c.1 Indicator of food price anomalies,Sub-indicator: Type of product
Namibia,2017,-1.17,2.c.1 Indicator of food price anomalies,Sub-indicator: Type of product
Namibia,2017,-1.31,2.c.1 Indicator of food price anomalies,Sub-indicator: Type of product
Namibia,2017,-1.72,2.c.1 Indicator of food price anomalies,Sub-indicator: Type of product
Namibia,2018,-0.54,2.c.1 Indicator of food price anomalies,Sub-indicator: Type of product
Namibia,2018,-1.03,2.c.1 Indicator of food price anomalies,Sub-indicator: Type of product
Namibia,2018,-0.33,2.c.1 Indicator of food price anomalies,Sub-indicator: Type of product
Namibia,2018,-0.18,2.c.1 Indicator of food price anomalies,Sub-indicator: Type of product
Namibia,2018,-0.83,2.c.1 Indicator of food price anomalies,Sub-indicator: Type of product
Namibia,2019,-2.25,2.c.1 Indicator of food price anomalies,Sub-indicator: Type of product
Namibia,2019,0.13,2.c.1 Indicator of food price anomalies,Sub-indicator: Type of product
Namibia,2019,0.5,2.c.1 Indicator of food price anomalies,Sub-indicator: Type of product
Namibia,2019,1.15,2.c.1 Indicator of food price anomalies,Sub-indicator: Type of product
Namibia,2019,-0.23,2.c.1 Indicator of food price anomalies,Sub-indicator: Type of product
Namibia,2020,-0.1,2.c.1 Indicator of food price anomalies,Sub-indicator: Type of product
Namibia,2020,0.01,2.c.1 Indicator of food price anomalies,Sub-indicator: Type of product
Namibia,2020,1.18,2.c.1 Indicator of food price anomalies,Sub-indicator: Type of product
Namibia,2020,0.34,2.c.1 Indicator of food price anomalies,Sub-indicator: Type of product
Namibia,2020,-0.45,2.c.1 Indicator of food price anomalies,Sub-indicator: Type of product
Namibia,2021,-0.4,2.c.1 Indicator of food price anomalies,Sub-indicator: Type of product
Namibia,2021,0.01,2.c.1 Indicator of food price anomalies,Sub-indicator: Type of product
Namibia,2021,-0.91,2.c.1 Indicator of food price anomalies,Sub-indicator: Type of product
Namibia,2021,-0.27,2.c.1 Indicator of food price anomalies,Sub-indicator: Type of product
Namibia,2021,-0.28,2.c.1 Indicator of food price anomalies,Sub-indicator: Type of product
Namibia,2022,1.82,2.c.1 Indicator of food price anomalies,Sub-indicator: Type of product
Namibia,2022,2.52,2.c.1 Indicator of food price anomalies,Sub-indicator: Type of product
Namibia,2022,0.55,2.c.1 Indicator of food price anomalies,Sub-indicator: Type of product
Namibia,2022,1.69,2.c.1 Indicator of food price anomalies,Sub-indicator: Type of product
Namibia,2022,0.08,2.c.1 Indicator of food price anomalies,Sub-indicator: Type of product
Namibia,2023,-1.15,2.c.1 Indicator of food price anomalies,Sub-indicator: Type of product
Namibia,2023,-2.78,2.c.1 Indicator of food price anomalies,Sub-indicator: Type of product
Namibia,2023,-2.47,2.c.1 Indicator of food price anomalies,Sub-indicator: Type of product
Namibia,2023,-0.63,2.c.1 Indicator of food price anomalies,Sub-indicator: Type of product
Namibia,2023,-1.58,2.c.1 Indicator of food price anomalies,Sub-indicator: Type of product
Namibia,2024,0.47,2.c.1 Indicator of food price anomalies,Sub-indicator: Type of product
Namibia,2024,0.98,2.c.1 Indicator of food price anomalies,Sub-indicator: Type of product
Namibia,2024,0.49,2.c.1 Indicator of food price anomalies,Sub-indicator: Type of product
Namibia,2024,0.4,2.c.1 Indicator of food price anomalies,Sub-indicator: Type of product
Nepal,2015,0.82,2.c.1 Indicator of food price anomalies,Sub-indicator: Type of product
Nepal,2015,0.42,2.c.1 Indicator of food price anomalies,Sub-indicator: Type of product
Nepal,2016,0.09,2.c.1 Indicator of food price anomalies,Sub-indicator: Type of product
Nepal,2016,-0.5,2.c.1 Indicator of food price anomalies,Sub-indicator: Type of product
Nepal,2017,-0.49,2.c.1 Indicator of food price anomalies,Sub-indicator: Type of product
Nepal,2017,0.16,2.c.1 Indicator of food price anomalies,Sub-indicator: Type of product
Nepal,2019,1.66,2.c.1 Indicator of food price anomalies,Sub-indicator: Type of product
Nepal,2019,1.45,2.c.1 Indicator of food price anomalies,Sub-indicator: Type of product
Nepal,2020,-0.73,2.c.1 Indicator of food price anomalies,Sub-indicator: Type of product
Nepal,2020,0.07,2.c.1 Indicator of food price anomalies,Sub-indicator: Type of product
Nepal,2021,-0.22,2.c.1 Indicator of food price anomalies,Sub-indicator: Type of product
Nepal,2021,1.02,2.c.1 Indicator of food price anomalies,Sub-indicator: Type of product
Nepal,2022,-0.04,2.c.1 Indicator of food price anomalies,Sub-indicator: Type of product
Nepal,2022,0.88,2.c.1 Indicator of food price anomalies,Sub-indicator: Type of product
Nepal,2023,-1.3,2.c.1 Indicator of food price anomalies,Sub-indicator: Type of product
Nepal,2023,-0.97,2.c.1 Indicator of food price anomalies,Sub-indicator: Type of product
Nepal,2024,-0.37,2.c.1 Indicator of food price anomalies,Sub-indicator: Type of product
Nepal,2024,-0.08,2.c.1 Indicator of food price anomalies,Sub-indicator: Type of product
Nicaragua,2015,0.7,2.c.1 Indicator of food price anomalies,Sub-indicator: Type of product
Nicaragua,2015,-0.22,2.c.1 Indicator of food price anomalies,Sub-indicator: Type of product
Nicaragua,2015,0.0,2.c.1 Indicator of food price anomalies,Sub-indicator: Type of product
Nicaragua,2016,0.4,2.c.1 Indicator of food price anomalies,Sub-indicator: Type of product
Nicaragua,2016,-0.28,2.c.1 Indicator of food price anomalies,Sub-indicator: Type of product
Nicaragua,2016,-0.1,2.c.1 Indicator of food price anomalies,Sub-indicator: Type of product
Nicaragua,2017,-0.9,2.c.1 Indicator of food price anomalies,Sub-indicator: Type of product
Nicaragua,2017,0.8,2.c.1 Indicator of food price anomalies,Sub-indicator: Type of product
Nicaragua,2017,-0.5,2.c.1 Indicator of food price anomalies,Sub-indicator: Type of product
Nicaragua,2018,0.2,2.c.1 Indicator of food price anomalies,Sub-indicator: Type of product
Nicaragua,2018,0.4,2.c.1 Indicator of food price anomalies,Sub-indicator: Type of product
Nicaragua,2018,1.0,2.c.1 Indicator of food price anomalies,Sub-indicator: Type of product
Nicaragua,2019,-0.6,2.c.1 Indicator of food price anomalies,Sub-indicator: Type of product
Nicaragua,2019,0.1,2.c.1 Indicator of food price anomalies,Sub-indicator: Type of product
Nicaragua,2019,-3.55,2.c.1 Indicator of food price anomalies,Sub-indicator: Type of product
Nicaragua,2020,-0.55,2.c.1 Indicator of food price anomalies,Sub-indicator: Type of product
Nicaragua,2020,-0.3,2.c.1 Indicator of food price anomalies,Sub-indicator: Type of product
Nicaragua,2020,-0.03,2.c.1 Indicator of food price anomalies,Sub-indicator: Type of product
Nicaragua,2021,0.4,2.c.1 Indicator of food price anomalies,Sub-indicator: Type of product
Nicaragua,2021,1.25,2.c.1 Indicator of food price anomalies,Sub-indicator: Type of product
Nicaragua,2021,0.74,2.c.1 Indicator of food price anomalies,Sub-indicator: Type of product
Nicaragua,2022,0.55,2.c.1 Indicator of food price anomalies,Sub-indicator: Type of product
Nicaragua,2022,0.69,2.c.1 Indicator of food price anomalies,Sub-indicator: Type of product
Nicaragua,2022,0.4,2.c.1 Indicator of food price anomalies,Sub-indicator: Type of product
Nicaragua,2023,0.2,2.c.1 Indicator of food price anomalies,Sub-indicator: Type of product
Nicaragua,2023,0.26,2.c.1 Indicator of food price anomalies,Sub-indicator: Type of product
Nicaragua,2023,-0.71,2.c.1 Indicator of food price anomalies,Sub-indicator: Type of product
Nicaragua,2024,-0.17,2.c.1 Indicator of food price anomalies,Sub-indicator: Type of product
Niger,2015,-0.51,2.c.1 Indicator of food price anomalies,Sub-indicator: Type of product
Niger,2015,-1.0,2.c.1 Indicator of food price anomalies,Sub-indicator: Type of product
Niger,2015,0.2,2.c.1 Indicator of food price anomalies,Sub-indicator: Type of product
Niger,2015,0.0,2.c.1 Indicator of food price anomalies,Sub-indicator: Type of product
Niger,2016,0.4,2.c.1 Indicator of food price anomalies,Sub-indicator: Type of product
Niger,2016,0.26,2.c.1 Indicator of food price anomalies,Sub-indicator: Type of product
Niger,2016,0.49,2.c.1 Indicator of food price anomalies,Sub-indicator: Type of product
Niger,2016,0.41,2.c.1 Indicator of food price anomalies,Sub-indicator: Type of product
Niger,2017,0.44,2.c.1 Indicator of food price anomalies,Sub-indicator: Type of product
Niger,2017,0.71,2.c.1 Indicator of food price anomalies,Sub-indicator: Type of product
Niger,2017,-0.24,2.c.1 Indicator of food price anomalies,Sub-indicator: Type of product
Niger,2017,-0.2,2.c.1 Indicator of food price anomalies,Sub-indicator: Type of product
Niger,2018,-0.47,2.c.1 Indicator of food price anomalies,Sub-indicator: Type of product
Niger,2018,0.05,2.c.1 Indicator of food price anomalies,Sub-indicator: Type of product
Niger,2018,-0.37,2.c.1 Indicator of food price anomalies,Sub-indicator: Type of product
Niger,2018,-0.19,2.c.1 Indicator of food price anomalies,Sub-indicator: Type of product
Niger,2019,-0.52,2.c.1 Indicator of food price anomalies,Sub-indicator: Type of product
Niger,2019,0.0,2.c.1 Indicator of food price anomalies,Sub-indicator: Type of product
Niger,2019,0.96,2.c.1 Indicator of food price anomalies,Sub-indicator: Type of product
Niger,2019,-0.1,2.c.1 Indicator of food price anomalies,Sub-indicator: Type of product
Niger,2020,0.14,2.c.1 Indicator of food price anomalies,Sub-indicator: Type of product
Niger,2020,0.01,2.c.1 Indicator of food price anomalies,Sub-indicator: Type of product
Niger,2020,0.37,2.c.1 Indicator of food price anomalies,Sub-indicator: Type of product
Niger,2020,0.28,2.c.1 Indicator of food price anomalies,Sub-indicator: Type of product
Niger,2021,-0.23,2.c.1 Indicator of food price anomalies,Sub-indicator: Type of product
Niger,2021,0.41,2.c.1 Indicator of food price anomalies,Sub-indicator: Type of product
Niger,2021,0.47,2.c.1 Indicator of food price anomalies,Sub-indicator: Type of product
Niger,2021,1.5,2.c.1 Indicator of food price anomalies,Sub-indicator: Type of product
Niger,2022,0.67,2.c.1 Indicator of food price anomalies,Sub-indicator: Type of product
Niger,2022,0.46,2.c.1 Indicator of food price anomalies,Sub-indicator: Type of product
Niger,2022,0.49,2.c.1 Indicator of food price anomalies,Sub-indicator: Type of product
Niger,2022,-4.13,2.c.1 Indicator of food price anomalies,Sub-indicator: Type of product
Niger,2023,0.72,2.c.1 Indicator of food price anomalies,Sub-indicator: Type of product
Niger,2023,-0.93,2.c.1 Indicator of food price anomalies,Sub-indicator: Type of product
Niger,2023,-0.46,2.c.1 Indicator of food price anomalies,Sub-indicator: Type of product
Niger,2023,-0.79,2.c.1 Indicator of food price anomalies,Sub-indicator: Type of product
Niger,2024,-0.11,2.c.1 Indicator of food price anomalies,Sub-indicator: Type of product
Niger,2024,0.59,2.c.1 Indicator of food price anomalies,Sub-indicator: Type of product
Niger,2024,-0.2,2.c.1 Indicator of food price anomalies,Sub-indicator: Type of product
Nigeria,2015,-0.9,2.c.1 Indicator of food price anomalies,Sub-indicator: Type of product
Nigeria,2015,-0.5,2.c.1 Indicator of food price anomalies,Sub-indicator: Type of product
Nigeria,2015,-0.8,2.c.1 Indicator of food price anomalies,Sub-indicator: Type of product
Nigeria,2016,2.0,2.c.1 Indicator of food price anomalies,Sub-indicator: Type of product
Nigeria,2016,1.8,2.c.1 Indicator of food price anomalies,Sub-indicator: Type of product
Nigeria,2017,0.3,2.c.1 Indicator of food price anomalies,Sub-indicator: Type of product
Nigeria,2017,0.2,2.c.1 Indicator of food price anomalies,Sub-indicator: Type of product
Nigeria,2017,-0.1,2.c.1 Indicator of food price anomalies,Sub-indicator: Type of product
Nigeria,2018,-0.5,2.c.1 Indicator of food price anomalies,Sub-indicator: Type of product
Nigeria,2018,-0.9,2.c.1 Indicator of food price anomalies,Sub-indicator: Type of product
Nigeria,2018,-0.69,2.c.1 Indicator of food price anomalies,Sub-indicator: Type of product
Nigeria,2018,-0.6,2.c.1 Indicator of food price anomalies,Sub-indicator: Type of product
Nigeria,2019,-0.7,2.c.1 Indicator of food price anomalies,Sub-indicator: Type of product
Nigeria,2019,-0.44,2.c.1 Indicator of food price anomalies,Sub-indicator: Type of product
Nigeria,2019,-0.6,2.c.1 Indicator of food price anomalies,Sub-indicator: Type of product
Nigeria,2019,-0.4,2.c.1 Indicator of food price anomalies,Sub-indicator: Type of product
Nigeria,2020,0.77,2.c.1 Indicator of food price anomalies,Sub-indicator: Type of product
Nigeria,2020,0.2,2.c.1 Indicator of food price anomalies,Sub-indicator: Type of product
Nigeria,2020,0.88,2.c.1 Indicator of food price anomalies,Sub-indicator: Type of product
Nigeria,2020,0.94,2.c.1 Indicator of food price anomalies,Sub-indicator: Type of product
Nigeria,2021,0.61,2.c.1 Indicator of food price anomalies,Sub-indicator: Type of product
Nigeria,2021,0.59,2.c.1 Indicator of food price anomalies,Sub-indicator: Type of product
Nigeria,2021,0.16,2.c.1 Indicator of food price anomalies,Sub-indicator: Type of product
Nigeria,2021,0.66,2.c.1 Indicator of food price anomalies,Sub-indicator: Type of product
Nigeria,2022,-0.24,2.c.1 Indicator of food price anomalies,Sub-indicator: Type of product
Nigeria,2022,0.09,2.c.1 Indicator of food price anomalies,Sub-indicator: Type of product
Nigeria,2022,-0.11,2.c.1 Indicator of food price anomalies,Sub-indicator: Type of product
Nigeria,2022,-0.23,2.c.1 Indicator of food price anomalies,Sub-indicator: Type of product
Nigeria,2023,0.18,2.c.1 Indicator of food price anomalies,Sub-indicator: Type of product
Nigeria,2023,0.05,2.c.1 Indicator of food price anomalies,Sub-indicator: Type of product
Nigeria,2023,-0.06,2.c.1 Indicator of food price anomalies,Sub-indicator: Type of product
Nigeria,2023,0.25,2.c.1 Indicator of food price anomalies,Sub-indicator: Type of product
Pakistan,2015,-1.29,2.c.1 Indicator of food price anomalies,Sub-indicator: Type of product
Pakistan,2015,-0.77,2.c.1 Indicator of food price anomalies,Sub-indicator: Type of product
Pakistan,2016,-0.42,2.c.1 Indicator of food price anomalies,Sub-indicator: Type of product
Pakistan,2016,-0.49,2.c.1 Indicator of food price anomalies,Sub-indicator: Type of product
Pakistan,2017,0.41,2.c.1 Indicator of food price anomalies,Sub-indicator: Type of product
Pakistan,2017,-0.51,2.c.1 Indicator of food price anomalies,Sub-indicator: Type of product
Pakistan,2018,0.2,2.c.1 Indicator of food price anomalies,Sub-indicator: Type of product
Pakistan,2018,0.79,2.c.1 Indicator of food price anomalies,Sub-indicator: Type of product
Pakistan,2019,0.21,2.c.1 Indicator of food price anomalies,Sub-indicator: Type of product
Pakistan,2019,0.4,2.c.1 Indicator of food price anomalies,Sub-indicator: Type of product
Pakistan,2020,0.94,2.c.1 Indicator of food price anomalies,Sub-indicator: Type of product
Pakistan,2020,0.31,2.c.1 Indicator of food price anomalies,Sub-indicator: Type of product
Pakistan,2021,0.18,2.c.1 Indicator of food price anomalies,Sub-indicator: Type of product
Pakistan,2021,-0.26,2.c.1 Indicator of food price anomalies,Sub-indicator: Type of product
Pakistan,2022,0.49,2.c.1 Indicator of food price anomalies,Sub-indicator: Type of product
Pakistan,2022,-0.44,2.c.1 Indicator of food price anomalies,Sub-indicator: Type of product
Pakistan,2023,2.36,2.c.1 Indicator of food price anomalies,Sub-indicator: Type of product
Pakistan,2023,0.59,2.c.1 Indicator of food price anomalies,Sub-indicator: Type of product
Pakistan,2024,-0.34,2.c.1 Indicator of food price anomalies,Sub-indicator: Type of product
Pakistan,2024,1.66,2.c.1 Indicator of food price anomalies,Sub-indicator: Type of product
Panama,2015,-1.2,2.c.1 Indicator of food price anomalies,Sub-indicator: Type of product
Panama,2015,0.12,2.c.1 Indicator of food price anomalies,Sub-indicator: Type of product
Panama,2016,0.29,2.c.1 Indicator of food price anomalies,Sub-indicator: Type of product
Panama,2016,0.34,2.c.1 Indicator of food price anomalies,Sub-indicator: Type of product
Panama,2017,0.22,2.c.1 Indicator of food price anomalies,Sub-indicator: Type of product
Panama,2017,-0.54,2.c.1 Indicator of food price anomalies,Sub-indicator: Type of product
Panama,2018,-0.71,2.c.1 Indicator of food price anomalies,Sub-indicator: Type of product
Panama,2018,-0.95,2.c.1 Indicator of food price anomalies,Sub-indicator: Type of product
Panama,2019,0.98,2.c.1 Indicator of food price anomalies,Sub-indicator: Type of product
Panama,2019,0.51,2.c.1 Indicator of food price anomalies,Sub-indicator: Type of product
Panama,2020,-0.5,2.c.1 Indicator of food price anomalies,Sub-indicator: Type of product
Panama,2020,-0.18,2.c.1 Indicator of food price anomalies,Sub-indicator: Type of product
Panama,2021,0.45,2.c.1 Indicator of food price anomalies,Sub-indicator: Type of product
Panama,2021,0.69,2.c.1 Indicator of food price anomalies,Sub-indicator: Type of product
Panama,2022,-0.74,2.c.1 Indicator of food price anomalies,Sub-indicator: Type of product
Panama,2022,-0.46,2.c.1 Indicator of food price anomalies,Sub-indicator: Type of product
Panama,2023,2.43,2.c.1 Indicator of food price anomalies,Sub-indicator: Type of product
Panama,2023,-0.1,2.c.1 Indicator of food price anomalies,Sub-indicator: Type of product
Panama,2024,0.25,2.c.1 Indicator of food price anomalies,Sub-indicator: Type of product
Panama,2024,-1.19,2.c.1 Indicator of food price anomalies,Sub-indicator: Type of product
Paraguay,2015,-0.11,2.c.1 Indicator of food price anomalies,Sub-indicator: Type of product
Paraguay,2015,-0.03,2.c.1 Indicator of food price anomalies,Sub-indicator: Type of product
Paraguay,2016,0.76,2.c.1 Indicator of food price anomalies,Sub-indicator: Type of product
Paraguay,2016,-0.14,2.c.1 Indicator of food price anomalies,Sub-indicator: Type of product
Paraguay,2017,0.34,2.c.1 Indicator of food price anomalies,Sub-indicator: Type of product
Paraguay,2018,-0.38,2.c.1 Indicator of food price anomalies,Sub-indicator: Type of product
Paraguay,2019,1.08,2.c.1 Indicator of food price anomalies,Sub-indicator: Type of product
Paraguay,2019,3.08,2.c.1 Indicator of food price anomalies,Sub-indicator: Type of product
Paraguay,2020,-0.06,2.c.1 Indicator of food price anomalies,Sub-indicator: Type of product
Paraguay,2020,0.47,2.c.1 Indicator of food price anomalies,Sub-indicator: Type of product
Paraguay,2021,1.23,2.c.1 Indicator of food price anomalies,Sub-indicator: Type of product
Paraguay,2021,0.15,2.c.1 Indicator of food price anomalies,Sub-indicator: Type of product
Paraguay,2022,-0.42,2.c.1 Indicator of food price anomalies,Sub-indicator: Type of product
Paraguay,2022,0.26,2.c.1 Indicator of food price anomalies,Sub-indicator: Type of product
Paraguay,2023,0.61,2.c.1 Indicator of food price anomalies,Sub-indicator: Type of product
Paraguay,2023,1.23,2.c.1 Indicator of food price anomalies,Sub-indicator: Type of product
Paraguay,2024,2.37,2.c.1 Indicator of food price anomalies,Sub-indicator: Type of product
Paraguay,2024,1.09,2.c.1 Indicator of food price anomalies,Sub-indicator: Type of product
Peru,2015,-0.3,2.c.1 Indicator of food price anomalies,Sub-indicator: Type of product
Peru,2015,-0.5,2.c.1 Indicator of food price anomalies,Sub-indicator: Type of product
Peru,2015,-0.1,2.c.1 Indicator of food price anomalies,Sub-indicator: Type of product
Peru,2016,0.0,2.c.1 Indicator of food price anomalies,Sub-indicator: Type of product
Peru,2016,0.8,2.c.1 Indicator of food price anomalies,Sub-indicator: Type of product
Peru,2016,-0.1,2.c.1 Indicator of food price anomalies,Sub-indicator: Type of product
Peru,2017,0.4,2.c.1 Indicator of food price anomalies,Sub-indicator: Type of product
Peru,2017,-0.9,2.c.1 Indicator of food price anomalies,Sub-indicator: Type of product
Peru,2017,-0.1,2.c.1 Indicator of food price anomalies,Sub-indicator: Type of product
Peru,2018,-0.9,2.c.1 Indicator of food price anomalies,Sub-indicator: Type of product
Peru,2018,-0.1,2.c.1 Indicator of food price anomalies,Sub-indicator: Type of product
Peru,2018,0.1,2.c.1 Indicator of food price anomalies,Sub-indicator: Type of product
Peru,2019,0.0,2.c.1 Indicator of food price anomalies,Sub-indicator: Type of product
Peru,2019,-0.2,2.c.1 Indicator of food price anomalies,Sub-indicator: Type of product
Peru,2019,0.2,2.c.1 Indicator of food price anomalies,Sub-indicator: Type of product
Peru,2020,0.51,2.c.1 Indicator of food price anomalies,Sub-indicator: Type of product
Peru,2020,0.53,2.c.1 Indicator of food price anomalies,Sub-indicator: Type of product
Peru,2020,0.19,2.c.1 Indicator of food price anomalies,Sub-indicator: Type of product
Peru,2021,2.89,2.c.1 Indicator of food price anomalies,Sub-indicator: Type of product
Peru,2021,1.29,2.c.1 Indicator of food price anomalies,Sub-indicator: Type of product
Peru,2021,-0.15,2.c.1 Indicator of food price anomalies,Sub-indicator: Type of product
Peru,2022,0.17,2.c.1 Indicator of food price anomalies,Sub-indicator: Type of product
Peru,2022,-0.02,2.c.1 Indicator of food price anomalies,Sub-indicator: Type of product
Peru,2022,1.84,2.c.1 Indicator of food price anomalies,Sub-indicator: Type of product
Peru,2023,-0.56,2.c.1 Indicator of food price anomalies,Sub-indicator: Type of product
Peru,2023,-1.27,2.c.1 Indicator of food price anomalies,Sub-indicator: Type of product
Peru,2023,0.41,2.c.1 Indicator of food price anomalies,Sub-indicator: Type of product
Philippines,2015,0.13,2.c.1 Indicator of food price anomalies,Sub-indicator: Type of product
Philippines,2015,-0.22,2.c.1 Indicator of food price anomalies,Sub-indicator: Type of product
Philippines,2016,-0.18,2.c.1 Indicator of food price anomalies,Sub-indicator: Type of product
Philippines,2016,0.14,2.c.1 Indicator of food price anomalies,Sub-indicator: Type of product
Philippines,2017,-0.03,2.c.1 Indicator of food price anomalies,Sub-indicator: Type of product
Philippines,2017,-0.16,2.c.1 Indicator of food price anomalies,Sub-indicator: Type of product
Philippines,2018,0.01,2.c.1 Indicator of food price anomalies,Sub-indicator: Type of product
Philippines,2018,0.08,2.c.1 Indicator of food price anomalies,Sub-indicator: Type of product
Philippines,2019,-0.22,2.c.1 Indicator of food price anomalies,Sub-indicator: Type of product
Philippines,2019,-0.29,2.c.1 Indicator of food price anomalies,Sub-indicator: Type of product
Philippines,2020,-0.02,2.c.1 Indicator of food price anomalies,Sub-indicator: Type of product
Philippines,2020,-0.09,2.c.1 Indicator of food price anomalies,Sub-indicator: Type of product
Philippines,2021,0.21,2.c.1 Indicator of food price anomalies,Sub-indicator: Type of product
Philippines,2021,0.12,2.c.1 Indicator of food price anomalies,Sub-indicator: Type of product
Philippines,2022,-0.12,2.c.1 Indicator of food price anomalies,Sub-indicator: Type of product
Philippines,2022,-0.11,2.c.1 Indicator of food price anomalies,Sub-indicator: Type of product
Philippines,2023,-0.15,2.c.1 Indicator of food price anomalies,Sub-indicator: Type of product
Philippines,2023,-0.26,2.c.1 Indicator of food price anomalies,Sub-indicator: Type of product
Philippines,2024,0.57,2.c.1 Indicator of food price anomalies,Sub-indicator: Type of product
Philippines,2024,-0.18,2.c.1 Indicator of food price anomalies,Sub-indicator: Type of product
Poland,2015,-0.08,2.c.1 Indicator of food price anomalies,Sub-indicator: Type of product
Poland,2016,-0.29,2.c.1 Indicator of food price anomalies,Sub-indicator: Type of product
Poland,2017,0.27,2.c.1 Indicator of food price anomalies,Sub-indicator: Type of product
Poland,2018,0.35,2.c.1 Indicator of food price anomalies,Sub-indicator: Type of product
Poland,2019,-0.36,2.c.1 Indicator of food price anomalies,Sub-indicator: Type of product
Poland,2020,0.27,2.c.1 Indicator of food price anomalies,Sub-indicator: Type of product
Poland,2021,0.88,2.c.1 Indicator of food price anomalies,Sub-indicator: Type of product
Poland,2022,0.88,2.c.1 Indicator of food price anomalies,Sub-indicator: Type of product
Poland,2023,-3.11,2.c.1 Indicator of food price anomalies,Sub-indicator: Type of product
Poland,2024,0.51,2.c.1 Indicator of food price anomalies,Sub-indicator: Type of product
Portugal,2017,0.67,2.c.1 Indicator of food price anomalies,Sub-indicator: Type of product
Portugal,2018,0.28,2.c.1 Indicator of food price anomalies,Sub-indicator: Type of product
Portugal,2019,-0.24,2.c.1 Indicator of food price anomalies,Sub-indicator: Type of product
Portugal,2020,1.1,2.c.1 Indicator of food price anomalies,Sub-indicator: Type of product
Portugal,2021,2.61,2.c.1 Indicator of food price anomalies,Sub-indicator: Type of product
Portugal,2022,1.72,2.c.1 Indicator of food price anomalies,Sub-indicator: Type of product
Portugal,2023,-7.61,2.c.1 Indicator of food price anomalies,Sub-indicator: Type of product
Portugal,2024,-0.15,2.c.1 Indicator of food price anomalies,Sub-indicator: Type of product
Guinea-Bissau,2023,1.78,2.c.1 Indicator of food price anomalies,Sub-indicator: Type of product
Guinea-Bissau,2023,2.55,2.c.1 Indicator of food price anomalies,Sub-indicator: Type of product
Guinea-Bissau,2023,2.72,2.c.1 Indicator of food price anomalies,Sub-indicator: Type of product
Guinea-Bissau,2023,32.63,2.c.1 Indicator of food price anomalies,Sub-indicator: Type of product
Guinea-Bissau,2024,0.86,2.c.1 Indicator of food price anomalies,Sub-indicator: Type of product
Guinea-Bissau,2024,0.11,2.c.1 Indicator of food price anomalies,Sub-indicator: Type of product
Guinea-Bissau,2024,0.28,2.c.1 Indicator of food price anomalies,Sub-indicator: Type of product
Guinea-Bissau,2024,1.01,2.c.1 Indicator of food price anomalies,Sub-indicator: Type of product
Timor-Leste,2023,1.85,2.c.1 Indicator of food price anomalies,Sub-indicator: Type of product
Timor-Leste,2023,1.4,2.c.1 Indicator of food price anomalies,Sub-indicator: Type of product
Timor-Leste,2023,0.6,2.c.1 Indicator of food price anomalies,Sub-indicator: Type of product
Timor-Leste,2024,-1.46,2.c.1 Indicator of food price anomalies,Sub-indicator: Type of product
Timor-Leste,2024,-1.73,2.c.1 Indicator of food price anomalies,Sub-indicator: Type of product
Timor-Leste,2024,-6.89,2.c.1 Indicator of food price anomalies,Sub-indicator: Type of product
Romania,2015,-0.14,2.c.1 Indicator of food price anomalies,Sub-indicator: Type of product
Romania,2016,-0.42,2.c.1 Indicator of food price anomalies,Sub-indicator: Type of product
Romania,2017,0.02,2.c.1 Indicator of food price anomalies,Sub-indicator: Type of product
Romania,2018,0.33,2.c.1 Indicator of food price anomalies,Sub-indicator: Type of product
Romania,2019,-0.11,2.c.1 Indicator of food price anomalies,Sub-indicator: Type of product
Romania,2020,0.33,2.c.1 Indicator of food price anomalies,Sub-indicator: Type of product
Romania,2021,0.59,2.c.1 Indicator of food price anomalies,Sub-indicator: Type of product
Romania,2022,0.97,2.c.1 Indicator of food price anomalies,Sub-indicator: Type of product
Romania,2023,-3.05,2.c.1 Indicator of food price anomalies,Sub-indicator: Type of product
Romania,2024,0.51,2.c.1 Indicator of food price anomalies,Sub-indicator: Type of product
Russian Federation,2015,3.24,2.c.1 Indicator of food price anomalies,Sub-indicator: Type of product
Russian Federation,2015,-0.07,2.c.1 Indicator of food price anomalies,Sub-indicator: Type of product
Russian Federation,2016,-0.48,2.c.1 Indicator of food price anomalies,Sub-indicator: Type of product
Russian Federation,2016,-1.16,2.c.1 Indicator of food price anomalies,Sub-indicator: Type of product
Russian Federation,2017,-0.6,2.c.1 Indicator of food price anomalies,Sub-indicator: Type of product
Russian Federation,2017,-0.62,2.c.1 Indicator of food price anomalies,Sub-indicator: Type of product
Russian Federation,2018,-0.31,2.c.1 Indicator of food price anomalies,Sub-indicator: Type of product
Russian Federation,2018,-0.09,2.c.1 Indicator of food price anomalies,Sub-indicator: Type of product
Russian Federation,2019,0.65,2.c.1 Indicator of food price anomalies,Sub-indicator: Type of product
Russian Federation,2019,1.52,2.c.1 Indicator of food price anomalies,Sub-indicator: Type of product
Russian Federation,2020,0.82,2.c.1 Indicator of food price anomalies,Sub-indicator: Type of product
Russian Federation,2020,0.87,2.c.1 Indicator of food price anomalies,Sub-indicator: Type of product
Russian Federation,2021,0.02,2.c.1 Indicator of food price anomalies,Sub-indicator: Type of product
Russian Federation,2021,0.4,2.c.1 Indicator of food price anomalies,Sub-indicator: Type of product
Russian Federation,2022,-0.61,2.c.1 Indicator of food price anomalies,Sub-indicator: Type of product
Russian Federation,2022,0.1,2.c.1 Indicator of food price anomalies,Sub-indicator: Type of product
Russian Federation,2023,-1.62,2.c.1 Indicator of food price anomalies,Sub-indicator: Type of product
Russian Federation,2023,-3.64,2.c.1 Indicator of food price anomalies,Sub-indicator: Type of product
Russian Federation,2024,1.43,2.c.1 Indicator of food price anomalies,Sub-indicator: Type of product
Russian Federation,2024,2.2,2.c.1 Indicator of food price anomalies,Sub-indicator: Type of product
Rwanda,2015,-0.32,2.c.1 Indicator of food price anomalies,Sub-indicator: Type of product
Rwanda,2016,2.14,2.c.1 Indicator of food price anomalies,Sub-indicator: Type of product
Rwanda,2017,2.44,2.c.1 Indicator of food price anomalies,Sub-indicator: Type of product
Rwanda,2017,-0.47,2.c.1 Indicator of food price anomalies,Sub-indicator: Type of product
Rwanda,2018,-1.84,2.c.1 Indicator of food price anomalies,Sub-indicator: Type of product
Rwanda,2018,4.58,2.c.1 Indicator of food price anomalies,Sub-indicator: Type of product
Rwanda,2019,0.36,2.c.1 Indicator of food price anomalies,Sub-indicator: Type of product
Rwanda,2019,1.92,2.c.1 Indicator of food price anomalies,Sub-indicator: Type of product
Rwanda,2020,-0.13,2.c.1 Indicator of food price anomalies,Sub-indicator: Type of product
Rwanda,2020,0.3,2.c.1 Indicator of food price anomalies,Sub-indicator: Type of product
Rwanda,2021,-1.01,2.c.1 Indicator of food price anomalies,Sub-indicator: Type of product
Rwanda,2021,-0.28,2.c.1 Indicator of food price anomalies,Sub-indicator: Type of product
Rwanda,2022,1.45,2.c.1 Indicator of food price anomalies,Sub-indicator: Type of product
Rwanda,2022,2.4,2.c.1 Indicator of food price anomalies,Sub-indicator: Type of product
Rwanda,2023,1.15,2.c.1 Indicator of food price anomalies,Sub-indicator: Type of product
Rwanda,2023,0.69,2.c.1 Indicator of food price anomalies,Sub-indicator: Type of product
Rwanda,2024,-0.8,2.c.1 Indicator of food price anomalies,Sub-indicator: Type of product
Rwanda,2024,-0.73,2.c.1 Indicator of food price anomalies,Sub-indicator: Type of product
Saudi Arabia,2015,-0.22,2.c.1 Indicator of food price anomalies,Sub-indicator: Type of product
Saudi Arabia,2015,1.9,2.c.1 Indicator of food price anomalies,Sub-indicator: Type of product
Saudi Arabia,2016,0.52,2.c.1 Indicator of food price anomalies,Sub-indicator: Type of product
Saudi Arabia,2016,-1.52,2.c.1 Indicator of food price anomalies,Sub-indicator: Type of product
Saudi Arabia,2017,0.35,2.c.1 Indicator of food price anomalies,Sub-indicator: Type of product
Saudi Arabia,2018,0.25,2.c.1 Indicator of food price anomalies,Sub-indicator: Type of product
Saudi Arabia,2018,0.46,2.c.1 Indicator of food price anomalies,Sub-indicator: Type of product
Saudi Arabia,2019,0.45,2.c.1 Indicator of food price anomalies,Sub-indicator: Type of product
Saudi Arabia,2019,-0.24,2.c.1 Indicator of food price anomalies,Sub-indicator: Type of product
Saudi Arabia,2020,0.28,2.c.1 Indicator of food price anomalies,Sub-indicator: Type of product
Saudi Arabia,2020,0.5,2.c.1 Indicator of food price anomalies,Sub-indicator: Type of product
Saudi Arabia,2021,-0.04,2.c.1 Indicator of food price anomalies,Sub-indicator: Type of product
Saudi Arabia,2021,-0.06,2.c.1 Indicator of food price anomalies,Sub-indicator: Type of product
Saudi Arabia,2022,-3.38,2.c.1 Indicator of food price anomalies,Sub-indicator: Type of product
Saudi Arabia,2022,-6.99,2.c.1 Indicator of food price anomalies,Sub-indicator: Type of product
Saudi Arabia,2023,-2.15,2.c.1 Indicator of food price anomalies,Sub-indicator: Type of product
Saudi Arabia,2023,-2.79,2.c.1 Indicator of food price anomalies,Sub-indicator: Type of product
Saudi Arabia,2024,0.29,2.c.1 Indicator of food price anomalies,Sub-indicator: Type of product
Saudi Arabia,2024,0.91,2.c.1 Indicator of food price anomalies,Sub-indicator: Type of product
Senegal,2015,1.32,2.c.1 Indicator of food price anomalies,Sub-indicator: Type of product
Senegal,2015,-0.2,2.c.1 Indicator of food price anomalies,Sub-indicator: Type of product
Senegal,2015,-0.5,2.c.1 Indicator of food price anomalies,Sub-indicator: Type of product
Senegal,2016,-0.2,2.c.1 Indicator of food price anomalies,Sub-indicator: Type of product
Senegal,2016,-0.3,2.c.1 Indicator of food price anomalies,Sub-indicator: Type of product
Senegal,2016,-1.1,2.c.1 Indicator of food price anomalies,Sub-indicator: Type of product
Senegal,2017,0.63,2.c.1 Indicator of food price anomalies,Sub-indicator: Type of product
Senegal,2017,0.6,2.c.1 Indicator of food price anomalies,Sub-indicator: Type of product
Senegal,2017,0.1,2.c.1 Indicator of food price anomalies,Sub-indicator: Type of product
Senegal,2018,0.3,2.c.1 Indicator of food price anomalies,Sub-indicator: Type of product
Senegal,2018,-0.4,2.c.1 Indicator of food price anomalies,Sub-indicator: Type of product
Senegal,2018,1.4,2.c.1 Indicator of food price anomalies,Sub-indicator: Type of product
Senegal,2019,-0.44,2.c.1 Indicator of food price anomalies,Sub-indicator: Type of product
Senegal,2019,0.09,2.c.1 Indicator of food price anomalies,Sub-indicator: Type of product
Senegal,2019,-0.2,2.c.1 Indicator of food price anomalies,Sub-indicator: Type of product
Senegal,2020,0.02,2.c.1 Indicator of food price anomalies,Sub-indicator: Type of product
Senegal,2020,0.67,2.c.1 Indicator of food price anomalies,Sub-indicator: Type of product
Senegal,2020,-0.25,2.c.1 Indicator of food price anomalies,Sub-indicator: Type of product
Senegal,2021,-0.19,2.c.1 Indicator of food price anomalies,Sub-indicator: Type of product
Senegal,2021,-0.66,2.c.1 Indicator of food price anomalies,Sub-indicator: Type of product
Senegal,2021,0.0,2.c.1 Indicator of food price anomalies,Sub-indicator: Type of product
Senegal,2023,0.87,2.c.1 Indicator of food price anomalies,Sub-indicator: Type of product
Senegal,2024,-0.01,2.c.1 Indicator of food price anomalies,Sub-indicator: Type of product
Slovak Republic,2015,0.05,2.c.1 Indicator of food price anomalies,Sub-indicator: Type of product
Slovak Republic,2016,-0.42,2.c.1 Indicator of food price anomalies,Sub-indicator: Type of product
Slovak Republic,2017,0.36,2.c.1 Indicator of food price anomalies,Sub-indicator: Type of product
Slovak Republic,2018,0.23,2.c.1 Indicator of food price anomalies,Sub-indicator: Type of product
Slovak Republic,2019,0.11,2.c.1 Indicator of food price anomalies,Sub-indicator: Type of product
Slovak Republic,2020,-0.05,2.c.1 Indicator of food price anomalies,Sub-indicator: Type of product
Slovak Republic,2021,0.67,2.c.1 Indicator of food price anomalies,Sub-indicator: Type of product
Slovak Republic,2022,1.82,2.c.1 Indicator of food price anomalies,Sub-indicator: Type of product
Slovak Republic,2023,-3.36,2.c.1 Indicator of food price anomalies,Sub-indicator: Type of product
Slovak Republic,2024,0.37,2.c.1 Indicator of food price anomalies,Sub-indicator: Type of product
Viet Nam,2015,-0.36,2.c.1 Indicator of food price anomalies,Sub-indicator: Type of product
Viet Nam,2016,0.23,2.c.1 Indicator of food price anomalies,Sub-indicator: Type of product
Viet Nam,2017,0.36,2.c.1 Indicator of food price anomalies,Sub-indicator: Type of product
Viet Nam,2018,-0.05,2.c.1 Indicator of food price anomalies,Sub-indicator: Type of product
Viet Nam,2019,-2.89,2.c.1 Indicator of food price anomalies,Sub-indicator: Type of product
Viet Nam,2020,1.15,2.c.1 Indicator of food price anomalies,Sub-indicator: Type of product
Viet Nam,2021,1.82,2.c.1 Indicator of food price anomalies,Sub-indicator: Type of product
Viet Nam,2022,1.67,2.c.1 Indicator of food price anomalies,Sub-indicator: Type of product
Viet Nam,2023,-1.17,2.c.1 Indicator of food price anomalies,Sub-indicator: Type of product
Viet Nam,2024,3.48,2.c.1 Indicator of food price anomalies,Sub-indicator: Type of product
Slovenia,2015,0.09,2.c.1 Indicator of food price anomalies,Sub-indicator: Type of product
Slovenia,2016,-0.45,2.c.1 Indicator of food price anomalies,Sub-indicator: Type of product
Slovenia,2017,0.43,2.c.1 Indicator of food price anomalies,Sub-indicator: Type of product
Slovenia,2018,0.51,2.c.1 Indicator of food price anomalies,Sub-indicator: Type of product
Slovenia,2019,-0.09,2.c.1 Indicator of food price anomalies,Sub-indicator: Type of product
Slovenia,2020,-0.18,2.c.1 Indicator of food price anomalies,Sub-indicator: Type of product
Slovenia,2021,1.24,2.c.1 Indicator of food price anomalies,Sub-indicator: Type of product
Slovenia,2022,1.33,2.c.1 Indicator of food price anomalies,Sub-indicator: Type of product
Slovenia,2023,-3.94,2.c.1 Indicator of food price anomalies,Sub-indicator: Type of product
Slovenia,2024,0.09,2.c.1 Indicator of food price anomalies,Sub-indicator: Type of product
Somalia,2015,-0.15,2.c.1 Indicator of food price anomalies,Sub-indicator: Type of product
Somalia,2015,-0.59,2.c.1 Indicator of food price anomalies,Sub-indicator: Type of product
Somalia,2015,0.08,2.c.1 Indicator of food price anomalies,Sub-indicator: Type of product
Somalia,2015,0.24,2.c.1 Indicator of food price anomalies,Sub-indicator: Type of product
Somalia,2016,-0.89,2.c.1 Indicator of food price anomalies,Sub-indicator: Type of product
Somalia,2016,0.63,2.c.1 Indicator of food price anomalies,Sub-indicator: Type of product
Somalia,2016,0.41,2.c.1 Indicator of food price anomalies,Sub-indicator: Type of product
Somalia,2016,-0.37,2.c.1 Indicator of food price anomalies,Sub-indicator: Type of product
Somalia,2017,-0.07,2.c.1 Indicator of food price anomalies,Sub-indicator: Type of product
Somalia,2017,-1.46,2.c.1 Indicator of food price anomalies,Sub-indicator: Type of product
Somalia,2017,-3.58,2.c.1 Indicator of food price anomalies,Sub-indicator: Type of product
Somalia,2017,1.1,2.c.1 Indicator of food price anomalies,Sub-indicator: Type of product
Somalia,2018,-1.01,2.c.1 Indicator of food price anomalies,Sub-indicator: Type of product
Somalia,2018,2.1,2.c.1 Indicator of food price anomalies,Sub-indicator: Type of product
Somalia,2018,1.67,2.c.1 Indicator of food price anomalies,Sub-indicator: Type of product
Somalia,2018,-0.93,2.c.1 Indicator of food price anomalies,Sub-indicator: Type of product
Somalia,2019,-0.52,2.c.1 Indicator of food price anomalies,Sub-indicator: Type of product
Somalia,2019,1.08,2.c.1 Indicator of food price anomalies,Sub-indicator: Type of product
Somalia,2019,-1.16,2.c.1 Indicator of food price anomalies,Sub-indicator: Type of product
Somalia,2019,-2.5,2.c.1 Indicator of food price anomalies,Sub-indicator: Type of product
Somalia,2020,0.05,2.c.1 Indicator of food price anomalies,Sub-indicator: Type of product
Somalia,2020,0.75,2.c.1 Indicator of food price anomalies,Sub-indicator: Type of product
Somalia,2020,0.17,2.c.1 Indicator of food price anomalies,Sub-indicator: Type of product
Somalia,2020,-0.14,2.c.1 Indicator of food price anomalies,Sub-indicator: Type of product
Somalia,2021,3.79,2.c.1 Indicator of food price anomalies,Sub-indicator: Type of product
Somalia,2021,-0.13,2.c.1 Indicator of food price anomalies,Sub-indicator: Type of product
Somalia,2021,1.5,2.c.1 Indicator of food price anomalies,Sub-indicator: Type of product
Somalia,2021,1.4,2.c.1 Indicator of food price anomalies,Sub-indicator: Type of product
Somalia,2022,-0.15,2.c.1 Indicator of food price anomalies,Sub-indicator: Type of product
Somalia,2022,-0.02,2.c.1 Indicator of food price anomalies,Sub-indicator: Type of product
Somalia,2022,0.61,2.c.1 Indicator of food price anomalies,Sub-indicator: Type of product
Somalia,2022,0.39,2.c.1 Indicator of food price anomalies,Sub-indicator: Type of product
Somalia,2023,-0.32,2.c.1 Indicator of food price anomalies,Sub-indicator: Type of product
Somalia,2023,0.29,2.c.1 Indicator of food price anomalies,Sub-indicator: Type of product
Somalia,2023,-0.12,2.c.1 Indicator of food price anomalies,Sub-indicator: Type of product
Somalia,2023,-0.08,2.c.1 Indicator of food price anomalies,Sub-indicator: Type of product
Somalia,2024,-0.09,2.c.1 Indicator of food price anomalies,Sub-indicator: Type of product
Somalia,2024,-0.24,2.c.1 Indicator of food price anomalies,Sub-indicator: Type of product
Somalia,2024,-0.62,2.c.1 Indicator of food price anomalies,Sub-indicator: Type of product
Somalia,2024,-0.07,2.c.1 Indicator of food price anomalies,Sub-indicator: Type of product
South Africa,2015,0.83,2.c.1 Indicator of food price anomalies,Sub-indicator: Type of product
South Africa,2015,0.16,2.c.1 Indicator of food price anomalies,Sub-indicator: Type of product
South Africa,2015,0.17,2.c.1 Indicator of food price anomalies,Sub-indicator: Type of product
South Africa,2016,0.13,2.c.1 Indicator of food price anomalies,Sub-indicator: Type of product
South Africa,2016,-0.17,2.c.1 Indicator of food price anomalies,Sub-indicator: Type of product
South Africa,2016,0.6,2.c.1 Indicator of food price anomalies,Sub-indicator: Type of product
South Africa,2017,-1.79,2.c.1 Indicator of food price anomalies,Sub-indicator: Type of product
South Africa,2017,-0.29,2.c.1 Indicator of food price anomalies,Sub-indicator: Type of product
South Africa,2017,0.07,2.c.1 Indicator of food price anomalies,Sub-indicator: Type of product
South Africa,2018,-0.39,2.c.1 Indicator of food price anomalies,Sub-indicator: Type of product
South Africa,2018,-0.28,2.c.1 Indicator of food price anomalies,Sub-indicator: Type of product
South Africa,2018,0.03,2.c.1 Indicator of food price anomalies,Sub-indicator: Type of product
South Africa,2019,0.49,2.c.1 Indicator of food price anomalies,Sub-indicator: Type of product
South Africa,2019,0.24,2.c.1 Indicator of food price anomalies,Sub-indicator: Type of product
South Africa,2019,0.2,2.c.1 Indicator of food price anomalies,Sub-indicator: Type of product
South Africa,2020,2.77,2.c.1 Indicator of food price anomalies,Sub-indicator: Type of product
South Africa,2020,0.66,2.c.1 Indicator of food price anomalies,Sub-indicator: Type of product
South Africa,2020,0.14,2.c.1 Indicator of food price anomalies,Sub-indicator: Type of product
South Africa,2021,0.0,2.c.1 Indicator of food price anomalies,Sub-indicator: Type of product
South Africa,2021,0.13,2.c.1 Indicator of food price anomalies,Sub-indicator: Type of product
South Africa,2021,-0.83,2.c.1 Indicator of food price anomalies,Sub-indicator: Type of product
South Africa,2022,-0.65,2.c.1 Indicator of food price anomalies,Sub-indicator: Type of product
South Africa,2022,0.09,2.c.1 Indicator of food price anomalies,Sub-indicator: Type of product
South Africa,2022,-0.15,2.c.1 Indicator of food price anomalies,Sub-indicator: Type of product
South Africa,2023,-0.06,2.c.1 Indicator of food price anomalies,Sub-indicator: Type of product
South Africa,2023,-1.28,2.c.1 Indicator of food price anomalies,Sub-indicator: Type of product
South Africa,2023,-0.16,2.c.1 Indicator of food price anomalies,Sub-indicator: Type of product
South Africa,2024,0.23,2.c.1 Indicator of food price anomalies,Sub-indicator: Type of product
South Africa,2024,2.55,2.c.1 Indicator of food price anomalies,Sub-indicator: Type of product
South Africa,2024,-1.48,2.c.1 Indicator of food price anomalies,Sub-indicator: Type of product
Spain,2015,0.1,2.c.1 Indicator of food price anomalies,Sub-indicator: Type of product
Spain,2016,-0.48,2.c.1 Indicator of food price anomalies,Sub-indicator: Type of product
Spain,2017,0.61,2.c.1 Indicator of food price anomalies,Sub-indicator: Type of product
Spain,2018,0.02,2.c.1 Indicator of food price anomalies,Sub-indicator: Type of product
Spain,2019,0.03,2.c.1 Indicator of food price anomalies,Sub-indicator: Type of product
Spain,2020,0.21,2.c.1 Indicator of food price anomalies,Sub-indicator: Type of product
Spain,2021,1.34,2.c.1 Indicator of food price anomalies,Sub-indicator: Type of product
Spain,2022,0.9,2.c.1 Indicator of food price anomalies,Sub-indicator: Type of product
Spain,2023,-3.99,2.c.1 Indicator of food price anomalies,Sub-indicator: Type of product
Spain,2024,0.2,2.c.1 Indicator of food price anomalies,Sub-indicator: Type of product
South Sudan,2015,0.04,2.c.1 Indicator of food price anomalies,Sub-indicator: Type of product
South Sudan,2015,1.21,2.c.1 Indicator of food price anomalies,Sub-indicator: Type of product
South Sudan,2015,0.34,2.c.1 Indicator of food price anomalies,Sub-indicator: Type of product
South Sudan,2016,-1.16,2.c.1 Indicator of food price anomalies,Sub-indicator: Type of product
South Sudan,2016,-0.59,2.c.1 Indicator of food price anomalies,Sub-indicator: Type of product
South Sudan,2016,-0.53,2.c.1 Indicator of food price anomalies,Sub-indicator: Type of product
South Sudan,2017,-0.41,2.c.1 Indicator of food price anomalies,Sub-indicator: Type of product
South Sudan,2017,-0.37,2.c.1 Indicator of food price anomalies,Sub-indicator: Type of product
South Sudan,2017,-0.94,2.c.1 Indicator of food price anomalies,Sub-indicator: Type of product
South Sudan,2018,10.66,2.c.1 Indicator of food price anomalies,Sub-indicator: Type of product
South Sudan,2018,5.6,2.c.1 Indicator of food price anomalies,Sub-indicator: Type of product
South Sudan,2018,5.65,2.c.1 Indicator of food price anomalies,Sub-indicator: Type of product
South Sudan,2019,2.29,2.c.1 Indicator of food price anomalies,Sub-indicator: Type of product
South Sudan,2019,1.96,2.c.1 Indicator of food price anomalies,Sub-indicator: Type of product
South Sudan,2019,2.92,2.c.1 Indicator of food price anomalies,Sub-indicator: Type of product
South Sudan,2020,0.35,2.c.1 Indicator of food price anomalies,Sub-indicator: Type of product
South Sudan,2020,0.2,2.c.1 Indicator of food price anomalies,Sub-indicator: Type of product
South Sudan,2020,0.21,2.c.1 Indicator of food price anomalies,Sub-indicator: Type of product
South Sudan,2021,0.1,2.c.1 Indicator of food price anomalies,Sub-indicator: Type of product
South Sudan,2021,0.01,2.c.1 Indicator of food price anomalies,Sub-indicator: Type of product
South Sudan,2021,0.21,2.c.1 Indicator of food price anomalies,Sub-indicator: Type of product
South Sudan,2022,0.67,2.c.1 Indicator of food price anomalies,Sub-indicator: Type of product
South Sudan,2022,0.79,2.c.1 Indicator of food price anomalies,Sub-indicator: Type of product
South Sudan,2022,0.83,2.c.1 Indicator of food price anomalies,Sub-indicator: Type of product
South Sudan,2023,-0.31,2.c.1 Indicator of food price anomalies,Sub-indicator: Type of product
South Sudan,2023,-0.28,2.c.1 Indicator of food price anomalies,Sub-indicator: Type of product
South Sudan,2023,-0.35,2.c.1 Indicator of food price anomalies,Sub-indicator: Type of product
South Sudan,2024,0.47,2.c.1 Indicator of food price anomalies,Sub-indicator: Type of product
South Sudan,2024,0.92,2.c.1 Indicator of food price anomalies,Sub-indicator: Type of product
South Sudan,2024,0.64,2.c.1 Indicator of food price anomalies,Sub-indicator: Type of product
Sudan,2015,-0.14,2.c.1 Indicator of food price anomalies,Sub-indicator: Type of product
Sudan,2015,-1.68,2.c.1 Indicator of food price anomalies,Sub-indicator: Type of product
Sudan,2015,-0.11,2.c.1 Indicator of food price anomalies,Sub-indicator: Type of product
Sudan,2016,0.03,2.c.1 Indicator of food price anomalies,Sub-indicator: Type of product
Sudan,2016,0.41,2.c.1 Indicator of food price anomalies,Sub-indicator: Type of product
Sudan,2016,0.47,2.c.1 Indicator of food price anomalies,Sub-indicator: Type of product
Sudan,2017,-0.42,2.c.1 Indicator of food price anomalies,Sub-indicator: Type of product
Sudan,2017,-7.53,2.c.1 Indicator of food price anomalies,Sub-indicator: Type of product
Sudan,2017,-1.01,2.c.1 Indicator of food price anomalies,Sub-indicator: Type of product
Sudan,2018,1.03,2.c.1 Indicator of food price anomalies,Sub-indicator: Type of product
Sudan,2018,2.56,2.c.1 Indicator of food price anomalies,Sub-indicator: Type of product
Sudan,2018,3.03,2.c.1 Indicator of food price anomalies,Sub-indicator: Type of product
Sudan,2019,-0.76,2.c.1 Indicator of food price anomalies,Sub-indicator: Type of product
Sudan,2019,-0.09,2.c.1 Indicator of food price anomalies,Sub-indicator: Type of product
Sudan,2019,0.06,2.c.1 Indicator of food price anomalies,Sub-indicator: Type of product
Sudan,2020,1.24,2.c.1 Indicator of food price anomalies,Sub-indicator: Type of product
Sudan,2020,1.78,2.c.1 Indicator of food price anomalies,Sub-indicator: Type of product
Sudan,2020,-0.65,2.c.1 Indicator of food price anomalies,Sub-indicator: Type of product
Sudan,2021,-1.71,2.c.1 Indicator of food price anomalies,Sub-indicator: Type of product
Sudan,2021,-0.09,2.c.1 Indicator of food price anomalies,Sub-indicator: Type of product
Sudan,2021,0.23,2.c.1 Indicator of food price anomalies,Sub-indicator: Type of product
Sudan,2022,3.9,2.c.1 Indicator of food price anomalies,Sub-indicator: Type of product
Sudan,2022,1.42,2.c.1 Indicator of food price anomalies,Sub-indicator: Type of product
Sudan,2022,0.51,2.c.1 Indicator of food price anomalies,Sub-indicator: Type of product
Sudan,2023,-0.5,2.c.1 Indicator of food price anomalies,Sub-indicator: Type of product
Sudan,2023,1.5,2.c.1 Indicator of food price anomalies,Sub-indicator: Type of product
Sudan,2023,0.04,2.c.1 Indicator of food price anomalies,Sub-indicator: Type of product
Sudan,2024,0.4,2.c.1 Indicator of food price anomalies,Sub-indicator: Type of product
Sudan,2024,1.75,2.c.1 Indicator of food price anomalies,Sub-indicator: Type of product
Sudan,2024,27.02,2.c.1 Indicator of food price anomalies,Sub-indicator: Type of product
Eswatini,2015,-0.48,2.c.1 Indicator of food price anomalies,Sub-indicator: Type of product
Eswatini,2015,-0.6,2.c.1 Indicator of food price anomalies,Sub-indicator: Type of product
Eswatini,2015,0.12,2.c.1 Indicator of food price anomalies,Sub-indicator: Type of product
Eswatini,2016,-0.31,2.c.1 Indicator of food price anomalies,Sub-indicator: Type of product
Eswatini,2016,1.4,2.c.1 Indicator of food price anomalies,Sub-indicator: Type of product
Eswatini,2016,1.23,2.c.1 Indicator of food price anomalies,Sub-indicator: Type of product
Eswatini,2017,0.56,2.c.1 Indicator of food price anomalies,Sub-indicator: Type of product
Eswatini,2017,0.05,2.c.1 Indicator of food price anomalies,Sub-indicator: Type of product
Eswatini,2017,-0.05,2.c.1 Indicator of food price anomalies,Sub-indicator: Type of product
Eswatini,2018,-0.65,2.c.1 Indicator of food price anomalies,Sub-indicator: Type of product
Eswatini,2018,-0.49,2.c.1 Indicator of food price anomalies,Sub-indicator: Type of product
Eswatini,2018,-0.09,2.c.1 Indicator of food price anomalies,Sub-indicator: Type of product
Eswatini,2019,-0.16,2.c.1 Indicator of food price anomalies,Sub-indicator: Type of product
Eswatini,2019,0.32,2.c.1 Indicator of food price anomalies,Sub-indicator: Type of product
Eswatini,2019,-0.2,2.c.1 Indicator of food price anomalies,Sub-indicator: Type of product
Eswatini,2020,-0.09,2.c.1 Indicator of food price anomalies,Sub-indicator: Type of product
Eswatini,2020,0.67,2.c.1 Indicator of food price anomalies,Sub-indicator: Type of product
Eswatini,2020,0.58,2.c.1 Indicator of food price anomalies,Sub-indicator: Type of product
Eswatini,2021,-0.38,2.c.1 Indicator of food price anomalies,Sub-indicator: Type of product
Eswatini,2021,-0.46,2.c.1 Indicator of food price anomalies,Sub-indicator: Type of product
Eswatini,2021,-1.1,2.c.1 Indicator of food price anomalies,Sub-indicator: Type of product
Eswatini,2022,-0.54,2.c.1 Indicator of food price anomalies,Sub-indicator: Type of product
Eswatini,2022,1.86,2.c.1 Indicator of food price anomalies,Sub-indicator: Type of product
Eswatini,2022,1.81,2.c.1 Indicator of food price anomalies,Sub-indicator: Type of product
Eswatini,2023,0.62,2.c.1 Indicator of food price anomalies,Sub-indicator: Type of product
Eswatini,2023,0.54,2.c.1 Indicator of food price anomalies,Sub-indicator: Type of product
Eswatini,2023,1.43,2.c.1 Indicator of food price anomalies,Sub-indicator: Type of product
Eswatini,2024,-0.4,2.c.1 Indicator of food price anomalies,Sub-indicator: Type of product
Eswatini,2024,-0.18,2.c.1 Indicator of food price anomalies,Sub-indicator: Type of product
Eswatini,2024,-0.23,2.c.1 Indicator of food price anomalies,Sub-indicator: Type of product
Thailand,2015,0.15,2.c.1 Indicator of food price anomalies,Sub-indicator: Type of product
Thailand,2015,0.11,2.c.1 Indicator of food price anomalies,Sub-indicator: Type of product
Thailand,2016,0.23,2.c.1 Indicator of food price anomalies,Sub-indicator: Type of product
Thailand,2016,-0.47,2.c.1 Indicator of food price anomalies,Sub-indicator: Type of product
Thailand,2017,-0.11,2.c.1 Indicator of food price anomalies,Sub-indicator: Type of product
Thailand,2017,0.08,2.c.1 Indicator of food price anomalies,Sub-indicator: Type of product
Thailand,2018,0.03,2.c.1 Indicator of food price anomalies,Sub-indicator: Type of product
Thailand,2018,1.13,2.c.1 Indicator of food price anomalies,Sub-indicator: Type of product
Thailand,2019,-0.55,2.c.1 Indicator of food price anomalies,Sub-indicator: Type of product
Thailand,2019,-0.04,2.c.1 Indicator of food price anomalies,Sub-indicator: Type of product
Thailand,2020,1.3,2.c.1 Indicator of food price anomalies,Sub-indicator: Type of product
Thailand,2020,0.03,2.c.1 Indicator of food price anomalies,Sub-indicator: Type of product
Thailand,2021,0.67,2.c.1 Indicator of food price anomalies,Sub-indicator: Type of product
Thailand,2021,-0.38,2.c.1 Indicator of food price anomalies,Sub-indicator: Type of product
Thailand,2022,-1.67,2.c.1 Indicator of food price anomalies,Sub-indicator: Type of product
Thailand,2022,-0.92,2.c.1 Indicator of food price anomalies,Sub-indicator: Type of product
Thailand,2023,0.44,2.c.1 Indicator of food price anomalies,Sub-indicator: Type of product
Thailand,2023,-0.26,2.c.1 Indicator of food price anomalies,Sub-indicator: Type of product
Thailand,2024,1.52,2.c.1 Indicator of food price anomalies,Sub-indicator: Type of product
Thailand,2024,2.74,2.c.1 Indicator of food price anomalies,Sub-indicator: Type of product
Togo,2015,0.06,2.c.1 Indicator of food price anomalies,Sub-indicator: Type of product
Togo,2015,0.43,2.c.1 Indicator of food price anomalies,Sub-indicator: Type of product
Togo,2015,-1.57,2.c.1 Indicator of food price anomalies,Sub-indicator: Type of product
Togo,2016,0.17,2.c.1 Indicator of food price anomalies,Sub-indicator: Type of product
Togo,2016,0.56,2.c.1 Indicator of food price anomalies,Sub-indicator: Type of product
Togo,2016,0.29,2.c.1 Indicator of food price anomalies,Sub-indicator: Type of product
Togo,2017,-0.73,2.c.1 Indicator of food price anomalies,Sub-indicator: Type of product
Togo,2017,0.24,2.c.1 Indicator of food price anomalies,Sub-indicator: Type of product
Togo,2017,0.14,2.c.1 Indicator of food price anomalies,Sub-indicator: Type of product
Togo,2018,0.3,2.c.1 Indicator of food price anomalies,Sub-indicator: Type of product
Togo,2018,0.71,2.c.1 Indicator of food price anomalies,Sub-indicator: Type of product
Togo,2018,-1.56,2.c.1 Indicator of food price anomalies,Sub-indicator: Type of product
Togo,2019,0.1,2.c.1 Indicator of food price anomalies,Sub-indicator: Type of product
Togo,2019,0.17,2.c.1 Indicator of food price anomalies,Sub-indicator: Type of product
Togo,2019,-0.05,2.c.1 Indicator of food price anomalies,Sub-indicator: Type of product
Togo,2020,0.42,2.c.1 Indicator of food price anomalies,Sub-indicator: Type of product
Togo,2020,0.16,2.c.1 Indicator of food price anomalies,Sub-indicator: Type of product
Togo,2020,0.25,2.c.1 Indicator of food price anomalies,Sub-indicator: Type of product
Togo,2021,0.19,2.c.1 Indicator of food price anomalies,Sub-indicator: Type of product
Togo,2021,1.42,2.c.1 Indicator of food price anomalies,Sub-indicator: Type of product
Togo,2021,-0.01,2.c.1 Indicator of food price anomalies,Sub-indicator: Type of product
Togo,2022,-0.94,2.c.1 Indicator of food price anomalies,Sub-indicator: Type of product
Togo,2022,-0.38,2.c.1 Indicator of food price anomalies,Sub-indicator: Type of product
Togo,2022,-0.66,2.c.1 Indicator of food price anomalies,Sub-indicator: Type of product
Togo,2023,0.64,2.c.1 Indicator of food price anomalies,Sub-indicator: Type of product
Togo,2023,0.9,2.c.1 Indicator of food price anomalies,Sub-indicator: Type of product
Togo,2023,0.13,2.c.1 Indicator of food price anomalies,Sub-indicator: Type of product
Togo,2024,-0.08,2.c.1 Indicator of food price anomalies,Sub-indicator: Type of product
Togo,2024,-0.62,2.c.1 Indicator of food price anomalies,Sub-indicator: Type of product
Togo,2024,-0.54,2.c.1 Indicator of food price anomalies,Sub-indicator: Type of product
Tunisia,2015,0.0,2.c.1 Indicator of food price anomalies,Sub-indicator: Type of product
Tunisia,2015,-0.3,2.c.1 Indicator of food price anomalies,Sub-indicator: Type of product
Tunisia,2016,-0.3,2.c.1 Indicator of food price anomalies,Sub-indicator: Type of product
Tunisia,2016,0.2,2.c.1 Indicator of food price anomalies,Sub-indicator: Type of product
Tunisia,2017,-0.5,2.c.1 Indicator of food price anomalies,Sub-indicator: Type of product
Tunisia,2018,-0.7,2.c.1 Indicator of food price anomalies,Sub-indicator: Type of product
Tunisia,2018,-1.2,2.c.1 Indicator of food price anomalies,Sub-indicator: Type of product
Tunisia,2019,-0.7,2.c.1 Indicator of food price anomalies,Sub-indicator: Type of product
Tunisia,2019,-0.5,2.c.1 Indicator of food price anomalies,Sub-indicator: Type of product
Tunisia,2020,-0.35,2.c.1 Indicator of food price anomalies,Sub-indicator: Type of product
Tunisia,2020,-0.27,2.c.1 Indicator of food price anomalies,Sub-indicator: Type of product
Uganda,2015,2.15,2.c.1 Indicator of food price anomalies,Sub-indicator: Type of product
Uganda,2015,0.1,2.c.1 Indicator of food price anomalies,Sub-indicator: Type of product
Uganda,2016,-0.1,2.c.1 Indicator of food price anomalies,Sub-indicator: Type of product
Uganda,2016,-0.28,2.c.1 Indicator of food price anomalies,Sub-indicator: Type of product
Uganda,2017,0.65,2.c.1 Indicator of food price anomalies,Sub-indicator: Type of product
Uganda,2017,0.3,2.c.1 Indicator of food price anomalies,Sub-indicator: Type of product
Uganda,2018,-0.1,2.c.1 Indicator of food price anomalies,Sub-indicator: Type of product
Uganda,2018,-0.95,2.c.1 Indicator of food price anomalies,Sub-indicator: Type of product
Uganda,2019,0.61,2.c.1 Indicator of food price anomalies,Sub-indicator: Type of product
Uganda,2019,-0.8,2.c.1 Indicator of food price anomalies,Sub-indicator: Type of product
Uganda,2020,-1.03,2.c.1 Indicator of food price anomalies,Sub-indicator: Type of product
Uganda,2020,-0.79,2.c.1 Indicator of food price anomalies,Sub-indicator: Type of product
Uganda,2021,-0.55,2.c.1 Indicator of food price anomalies,Sub-indicator: Type of product
Uganda,2021,-1.36,2.c.1 Indicator of food price anomalies,Sub-indicator: Type of product
Uganda,2022,1.2,2.c.1 Indicator of food price anomalies,Sub-indicator: Type of product
Uganda,2022,1.1,2.c.1 Indicator of food price anomalies,Sub-indicator: Type of product
Uganda,2023,-0.59,2.c.1 Indicator of food price anomalies,Sub-indicator: Type of product
Uganda,2024,0.7,2.c.1 Indicator of food price anomalies,Sub-indicator: Type of product
Ukraine,2015,0.75,2.c.1 Indicator of food price anomalies,Sub-indicator: Type of product
Ukraine,2015,0.34,2.c.1 Indicator of food price anomalies,Sub-indicator: Type of product
Ukraine,2016,0.19,2.c.1 Indicator of food price anomalies,Sub-indicator: Type of product
Ukraine,2016,0.53,2.c.1 Indicator of food price anomalies,Sub-indicator: Type of product
Ukraine,2017,-0.02,2.c.1 Indicator of food price anomalies,Sub-indicator: Type of product
Ukraine,2017,0.49,2.c.1 Indicator of food price anomalies,Sub-indicator: Type of product
Ukraine,2018,0.06,2.c.1 Indicator of food price anomalies,Sub-indicator: Type of product
Ukraine,2018,0.01,2.c.1 Indicator of food price anomalies,Sub-indicator: Type of product
Ukraine,2019,-0.91,2.c.1 Indicator of food price anomalies,Sub-indicator: Type of product
Ukraine,2019,-0.96,2.c.1 Indicator of food price anomalies,Sub-indicator: Type of product
Ukraine,2020,-0.01,2.c.1 Indicator of food price anomalies,Sub-indicator: Type of product
Ukraine,2020,0.09,2.c.1 Indicator of food price anomalies,Sub-indicator: Type of product
Ukraine,2021,0.3,2.c.1 Indicator of food price anomalies,Sub-indicator: Type of product
Ukraine,2021,0.05,2.c.1 Indicator of food price anomalies,Sub-indicator: Type of product
Ukraine,2022,-0.37,2.c.1 Indicator of food price anomalies,Sub-indicator: Type of product
Ukraine,2022,-0.56,2.c.1 Indicator of food price anomalies,Sub-indicator: Type of product
Ukraine,2023,-0.06,2.c.1 Indicator of food price anomalies,Sub-indicator: Type of product
Ukraine,2023,0.09,2.c.1 Indicator of food price anomalies,Sub-indicator: Type of product
Ukraine,2024,0.48,2.c.1 Indicator of food price anomalies,Sub-indicator: Type of product
Ukraine,2024,0.47,2.c.1 Indicator of food price anomalies,Sub-indicator: Type of product
"Egypt, Arab Rep.",2018,-0.25,2.c.1 Indicator of food price anomalies,Sub-indicator: Type of product
"Egypt, Arab Rep.",2018,2.03,2.c.1 Indicator of food price anomalies,Sub-indicator: Type of product
"Egypt, Arab Rep.",2019,-0.65,2.c.1 Indicator of food price anomalies,Sub-indicator: Type of product
"Egypt, Arab Rep.",2019,0.2,2.c.1 Indicator of food price anomalies,Sub-indicator: Type of product
"Egypt, Arab Rep.",2020,0.09,2.c.1 Indicator of food price anomalies,Sub-indicator: Type of product
"Egypt, Arab Rep.",2020,0.16,2.c.1 Indicator of food price anomalies,Sub-indicator: Type of product
"Egypt, Arab Rep.",2021,-0.13,2.c.1 Indicator of food price anomalies,Sub-indicator: Type of product
"Egypt, Arab Rep.",2021,0.3,2.c.1 Indicator of food price anomalies,Sub-indicator: Type of product
"Egypt, Arab Rep.",2022,1.38,2.c.1 Indicator of food price anomalies,Sub-indicator: Type of product
"Egypt, Arab Rep.",2022,1.79,2.c.1 Indicator of food price anomalies,Sub-indicator: Type of product
"Egypt, Arab Rep.",2023,1.31,2.c.1 Indicator of food price anomalies,Sub-indicator: Type of product
"Egypt, Arab Rep.",2023,1.12,2.c.1 Indicator of food price anomalies,Sub-indicator: Type of product
"Egypt, Arab Rep.",2024,-0.74,2.c.1 Indicator of food price anomalies,Sub-indicator: Type of product
"Egypt, Arab Rep.",2024,0.54,2.c.1 Indicator of food price anomalies,Sub-indicator: Type of product
United Kingdom,2021,-0.43,2.c.1 Indicator of food price anomalies,Sub-indicator: Type of product
United Kingdom,2021,-1.61,2.c.1 Indicator of food price anomalies,Sub-indicator: Type of product
United Kingdom,2022,-0.14,2.c.1 Indicator of food price anomalies,Sub-indicator: Type of product
United Kingdom,2022,-0.75,2.c.1 Indicator of food price anomalies,Sub-indicator: Type of product
United Kingdom,2023,0.05,2.c.1 Indicator of food price anomalies,Sub-indicator: Type of product
United Kingdom,2023,0.4,2.c.1 Indicator of food price anomalies,Sub-indicator: Type of product
United Kingdom,2024,0.08,2.c.1 Indicator of food price anomalies,Sub-indicator: Type of product
United Kingdom,2024,-0.04,2.c.1 Indicator of food price anomalies,Sub-indicator: Type of product
Tanzania,2015,0.45,2.c.1 Indicator of food price anomalies,Sub-indicator: Type of product
Tanzania,2015,0.7,2.c.1 Indicator of food price anomalies,Sub-indicator: Type of product
Tanzania,2016,-0.15,2.c.1 Indicator of food price anomalies,Sub-indicator: Type of product
Tanzania,2016,0.51,2.c.1 Indicator of food price anomalies,Sub-indicator: Type of product
Tanzania,2017,0.0,2.c.1 Indicator of food price anomalies,Sub-indicator: Type of product
Tanzania,2017,0.52,2.c.1 Indicator of food price anomalies,Sub-indicator: Type of product
Tanzania,2018,-0.61,2.c.1 Indicator of food price anomalies,Sub-indicator: Type of product
Tanzania,2018,-1.28,2.c.1 Indicator of food price anomalies,Sub-indicator: Type of product
Tanzania,2019,1.11,2.c.1 Indicator of food price anomalies,Sub-indicator: Type of product
Tanzania,2019,-0.01,2.c.1 Indicator of food price anomalies,Sub-indicator: Type of product
Tanzania,2020,-0.55,2.c.1 Indicator of food price anomalies,Sub-indicator: Type of product
Tanzania,2020,-0.52,2.c.1 Indicator of food price anomalies,Sub-indicator: Type of product
Tanzania,2021,-0.6,2.c.1 Indicator of food price anomalies,Sub-indicator: Type of product
Tanzania,2021,-0.29,2.c.1 Indicator of food price anomalies,Sub-indicator: Type of product
Tanzania,2022,1.48,2.c.1 Indicator of food price anomalies,Sub-indicator: Type of product
Tanzania,2022,1.4,2.c.1 Indicator of food price anomalies,Sub-indicator: Type of product
Tanzania,2023,0.46,2.c.1 Indicator of food price anomalies,Sub-indicator: Type of product
Tanzania,2023,0.91,2.c.1 Indicator of food price anomalies,Sub-indicator: Type of product
Tanzania,2024,-0.33,2.c.1 Indicator of food price anomalies,Sub-indicator: Type of product
Tanzania,2024,-0.52,2.c.1 Indicator of food price anomalies,Sub-indicator: Type of product
Burkina Faso,2015,-0.37,2.c.1 Indicator of food price anomalies,Sub-indicator: Type of product
Burkina Faso,2015,-0.15,2.c.1 Indicator of food price anomalies,Sub-indicator: Type of product
Burkina Faso,2015,-0.26,2.c.1 Indicator of food price anomalies,Sub-indicator: Type of product
Burkina Faso,2016,0.1,2.c.1 Indicator of food price anomalies,Sub-indicator: Type of product
Burkina Faso,2016,0.02,2.c.1 Indicator of food price anomalies,Sub-indicator: Type of product
Burkina Faso,2016,-0.08,2.c.1 Indicator of food price anomalies,Sub-indicator: Type of product
Burkina Faso,2017,0.06,2.c.1 Indicator of food price anomalies,Sub-indicator: Type of product
Burkina Faso,2017,0.5,2.c.1 Indicator of food price anomalies,Sub-indicator: Type of product
Burkina Faso,2017,0.74,2.c.1 Indicator of food price anomalies,Sub-indicator: Type of product
Burkina Faso,2018,-0.27,2.c.1 Indicator of food price anomalies,Sub-indicator: Type of product
Burkina Faso,2018,0.28,2.c.1 Indicator of food price anomalies,Sub-indicator: Type of product
Burkina Faso,2018,-0.07,2.c.1 Indicator of food price anomalies,Sub-indicator: Type of product
Burkina Faso,2019,0.22,2.c.1 Indicator of food price anomalies,Sub-indicator: Type of product
Burkina Faso,2019,-1.85,2.c.1 Indicator of food price anomalies,Sub-indicator: Type of product
Burkina Faso,2019,-1.09,2.c.1 Indicator of food price anomalies,Sub-indicator: Type of product
Burkina Faso,2020,0.8,2.c.1 Indicator of food price anomalies,Sub-indicator: Type of product
Burkina Faso,2020,0.71,2.c.1 Indicator of food price anomalies,Sub-indicator: Type of product
Burkina Faso,2020,0.76,2.c.1 Indicator of food price anomalies,Sub-indicator: Type of product
Burkina Faso,2021,-0.71,2.c.1 Indicator of food price anomalies,Sub-indicator: Type of product
Burkina Faso,2021,0.88,2.c.1 Indicator of food price anomalies,Sub-indicator: Type of product
Burkina Faso,2021,0.22,2.c.1 Indicator of food price anomalies,Sub-indicator: Type of product
Burkina Faso,2022,0.17,2.c.1 Indicator of food price anomalies,Sub-indicator: Type of product
Burkina Faso,2022,-0.24,2.c.1 Indicator of food price anomalies,Sub-indicator: Type of product
Burkina Faso,2022,-2.5,2.c.1 Indicator of food price anomalies,Sub-indicator: Type of product
Burkina Faso,2023,-0.25,2.c.1 Indicator of food price anomalies,Sub-indicator: Type of product
Burkina Faso,2023,-0.54,2.c.1 Indicator of food price anomalies,Sub-indicator: Type of product
Burkina Faso,2023,-0.64,2.c.1 Indicator of food price anomalies,Sub-indicator: Type of product
Burkina Faso,2024,0.38,2.c.1 Indicator of food price anomalies,Sub-indicator: Type of product
Burkina Faso,2024,0.5,2.c.1 Indicator of food price anomalies,Sub-indicator: Type of product
Burkina Faso,2024,0.42,2.c.1 Indicator of food price anomalies,Sub-indicator: Type of product
Uruguay,2015,-0.49,2.c.1 Indicator of food price anomalies,Sub-indicator: Type of product
Uruguay,2015,1.75,2.c.1 Indicator of food price anomalies,Sub-indicator: Type of product
Uruguay,2015,1.46,2.c.1 Indicator of food price anomalies,Sub-indicator: Type of product
Uruguay,2016,0.82,2.c.1 Indicator of food price anomalies,Sub-indicator: Type of product
Uruguay,2016,-0.41,2.c.1 Indicator of food price anomalies,Sub-indicator: Type of product
Uruguay,2016,-0.55,2.c.1 Indicator of food price anomalies,Sub-indicator: Type of product
Uruguay,2017,0.37,2.c.1 Indicator of food price anomalies,Sub-indicator: Type of product
Uruguay,2017,-0.85,2.c.1 Indicator of food price anomalies,Sub-indicator: Type of product
Uruguay,2017,-1.09,2.c.1 Indicator of food price anomalies,Sub-indicator: Type of product
Uruguay,2018,0.19,2.c.1 Indicator of food price anomalies,Sub-indicator: Type of product
Uruguay,2018,0.96,2.c.1 Indicator of food price anomalies,Sub-indicator: Type of product
Uruguay,2018,1.4,2.c.1 Indicator of food price anomalies,Sub-indicator: Type of product
Uruguay,2019,0.12,2.c.1 Indicator of food price anomalies,Sub-indicator: Type of product
Uruguay,2019,0.79,2.c.1 Indicator of food price anomalies,Sub-indicator: Type of product
Uruguay,2020,0.63,2.c.1 Indicator of food price anomalies,Sub-indicator: Type of product
Uruguay,2020,0.69,2.c.1 Indicator of food price anomalies,Sub-indicator: Type of product
Uruguay,2020,0.51,2.c.1 Indicator of food price anomalies,Sub-indicator: Type of product
Uruguay,2021,0.27,2.c.1 Indicator of food price anomalies,Sub-indicator: Type of product
Uruguay,2021,0.17,2.c.1 Indicator of food price anomalies,Sub-indicator: Type of product
Uruguay,2021,-0.02,2.c.1 Indicator of food price anomalies,Sub-indicator: Type of product
Uruguay,2022,0.3,2.c.1 Indicator of food price anomalies,Sub-indicator: Type of product
Uruguay,2022,0.37,2.c.1 Indicator of food price anomalies,Sub-indicator: Type of product
Uruguay,2022,0.82,2.c.1 Indicator of food price anomalies,Sub-indicator: Type of product
Uruguay,2023,0.14,2.c.1 Indicator of food price anomalies,Sub-indicator: Type of product
Uruguay,2023,0.31,2.c.1 Indicator of food price anomalies,Sub-indicator: Type of product
Uruguay,2023,0.33,2.c.1 Indicator of food price anomalies,Sub-indicator: Type of product
Uruguay,2024,0.54,2.c.1 Indicator of food price anomalies,Sub-indicator: Type of product
Uruguay,2024,-0.34,2.c.1 Indicator of food price anomalies,Sub-indicator: Type of product
Uruguay,2024,-0.91,2.c.1 Indicator of food price anomalies,Sub-indicator: Type of product
Samoa,2015,-0.3,2.c.1 Indicator of food price anomalies,Sub-indicator: Type of product
Samoa,2016,0.2,2.c.1 Indicator of food price anomalies,Sub-indicator: Type of product
Samoa,2017,-0.7,2.c.1 Indicator of food price anomalies,Sub-indicator: Type of product
Samoa,2018,0.0,2.c.1 Indicator of food price anomalies,Sub-indicator: Type of product
Samoa,2019,-0.5,2.c.1 Indicator of food price anomalies,Sub-indicator: Type of product
Samoa,2020,0.15,2.c.1 Indicator of food price anomalies,Sub-indicator: Type of product
Samoa,2021,-0.26,2.c.1 Indicator of food price anomalies,Sub-indicator: Type of product
Samoa,2022,0.54,2.c.1 Indicator of food price anomalies,Sub-indicator: Type of product
Samoa,2023,0.46,2.c.1 Indicator of food price anomalies,Sub-indicator: Type of product
"Yemen, Rep.",2018,-12.97,2.c.1 Indicator of food price anomalies,Sub-indicator: Type of product
"Yemen, Rep.",2018,2.51,2.c.1 Indicator of food price anomalies,Sub-indicator: Type of product
"Yemen, Rep.",2018,0.49,2.c.1 Indicator of food price anomalies,Sub-indicator: Type of product
"Yemen, Rep.",2019,1.57,2.c.1 Indicator of food price anomalies,Sub-indicator: Type of product
"Yemen, Rep.",2019,0.88,2.c.1 Indicator of food price anomalies,Sub-indicator: Type of product
"Yemen, Rep.",2019,0.4,2.c.1 Indicator of food price anomalies,Sub-indicator: Type of product
"Yemen, Rep.",2020,2.26,2.c.1 Indicator of food price anomalies,Sub-indicator: Type of product
"Yemen, Rep.",2020,-0.45,2.c.1 Indicator of food price anomalies,Sub-indicator: Type of product
"Yemen, Rep.",2020,-0.51,2.c.1 Indicator of food price anomalies,Sub-indicator: Type of product
"Yemen, Rep.",2021,-1.03,2.c.1 Indicator of food price anomalies,Sub-indicator: Type of product
"Yemen, Rep.",2021,-1.0,2.c.1 Indicator of food price anomalies,Sub-indicator: Type of product
"Yemen, Rep.",2021,1.86,2.c.1 Indicator of food price anomalies,Sub-indicator: Type of product
"Yemen, Rep.",2022,0.64,2.c.1 Indicator of food price anomalies,Sub-indicator: Type of product
"Yemen, Rep.",2022,8.12,2.c.1 Indicator of food price anomalies,Sub-indicator: Type of product
"Yemen, Rep.",2022,8.18,2.c.1 Indicator of food price anomalies,Sub-indicator: Type of product
"Yemen, Rep.",2023,1.76,2.c.1 Indicator of food price anomalies,Sub-indicator: Type of product
"Yemen, Rep.",2023,0.07,2.c.1 Indicator of food price anomalies,Sub-indicator: Type of product
"Yemen, Rep.",2023,2.03,2.c.1 Indicator of food price anomalies,Sub-indicator: Type of product
"Yemen, Rep.",2024,0.81,2.c.1 Indicator of food price anomalies,Sub-indicator: Type of product
"Yemen, Rep.",2024,-0.57,2.c.1 Indicator of food price anomalies,Sub-indicator: Type of product
"Yemen, Rep.",2024,0.69,2.c.1 Indicator of food price anomalies,Sub-indicator: Type of product
Zambia,2015,0.24,2.c.1 Indicator of food price anomalies,Sub-indicator: Type of product
Zambia,2016,0.4,2.c.1 Indicator of food price anomalies,Sub-indicator: Type of product
Zambia,2017,-0.36,2.c.1 Indicator of food price anomalies,Sub-indicator: Type of product
Zambia,2018,-0.17,2.c.1 Indicator of food price anomalies,Sub-indicator: Type of product
Zambia,2019,0.97,2.c.1 Indicator of food price anomalies,Sub-indicator: Type of product
Zambia,2020,0.19,2.c.1 Indicator of food price anomalies,Sub-indicator: Type of product
Zambia,2021,0.25,2.c.1 Indicator of food price anomalies,Sub-indicator: Type of product
Zambia,2022,0.35,2.c.1 Indicator of food price anomalies,Sub-indicator: Type of product
Zambia,2023,0.33,2.c.1 Indicator of food price anomalies,Sub-indicator: Type of product
Zambia,2024,1.19,2.c.1 Indicator of food price anomalies,Sub-indicator: Type of product
